#
# A fatal error has been detected by the Java Runtime Environment:
#
#  EXCEPTION_ACCESS_VIOLATION (0xc0000005) at pc=0x00007ffc86c55e3c, pid=744, tid=6200
#
# JRE version: OpenJDK Runtime Environment JBR-21.0.6+9-895.97-nomod (21.0.6+9) (build 21.0.6+9-b895.97)
# Java VM: OpenJDK 64-Bit Server VM JBR-21.0.6+9-895.97-nomod (21.0.6+9-b895.97, mixed mode, sharing, tiered, compressed oops, compressed class ptrs, g1 gc, windows-amd64)
# Problematic frame:
# V  [jvm.dll+0x1f5e3c]  oopDesc::is_instance+0x1c
#
# No core dump will be written. Minidumps are not enabled by default on client versions of Windows
#
# If you would like to submit a bug report, please visit:
#   https://youtrack.jetbrains.com/issues/JBR
#

---------------  S U M M A R Y ------------

Command Line: -agentlib:jdwp=transport=dt_socket,server=n,suspend=y,address=localhost:50938 -XX:+AllowEnhancedClassRedefinition -XX:+ClassUnloading -XX:HotswapAgent=fatjar -XX:+ShowCodeDetailsInExceptionMessages -Dspring.jmx.enabled=true -Dmanagement.endpoints.jmx.exposure.include=* -Dspring.application.admin.enabled=true -Dspring.boot.project.name=undefined -Djava.rmi.server.hostname=localhost -Dcom.sun.management.jmxremote.port=45556 -Dcom.sun.management.jmxremote.authenticate=false -Dcom.sun.management.jmxremote.ssl=false com.ideadistribuidora.visus.Application

Host: Intel(R) Core(TM) i7-7600U CPU @ 2.80GHz, 4 cores, 15G,  Windows 10 , 64 bit Build 19041 (10.0.19041.5915)
Time: Sat Jun 21 13:07:57 2025 Hora estándar de Argentina elapsed time: 3527.749090 seconds (0d 0h 58m 47s)

---------------  T H R E A D  ---------------

Current thread (0x0000028961490500):  VMThread "VM Thread"          [id=6200, stack(0x000000ad37900000,0x000000ad37a00000) (1024K)]

Stack: [0x000000ad37900000,0x000000ad37a00000],  sp=0x000000ad379ff298,  free space=1020k
Native frames: (J=compiled Java code, j=interpreted, Vv=VM code, C=native code)
V  [jvm.dll+0x1f5e3c]  oopDesc::is_instance+0x1c  (oop.inline.hpp:205)


siginfo: EXCEPTION_ACCESS_VIOLATION (0xc0000005), reading address 0x00000289e0ec0397


Registers:
RAX=0x00000289e0ec038b, RBX=0x000000ad379ff3c8, RCX=0x0000000000000000, RDX=0x0000000000000098
RSP=0x000000ad379ff298, RBP=0x000000ad379ff2e9, RSI=0x0000000707601ca8, RDI=0x0000000000000000
R8 =0x0000000000000004, R9 =0x00007ffcb179140a, R10=0x00007ffcb1790000, R11=0x000000ad379ff290
R12=0x00007ffc86a60000, R13=0x000000ad383ff8c0, R14=0x000000070eb2bee0, R15=0x00000007096d4688
RIP=0x00007ffc86c55e3c, EFLAGS=0x0000000000010206

XMM[0]=0x0000000000000000 0x0000000000000000
XMM[1]=0x0000000000000000 0x0000001a00000098
XMM[2]=0x0000000000000000 0x0000000000000000
XMM[3]=0x0000000000000000 0x0000000000000000
XMM[4]=0x0000000000000000 0x0000000000000000
XMM[5]=0x0000000000000000 0x0000000000000000
XMM[6]=0x0000000000000000 0x0000000000000000
XMM[7]=0x0000000000000000 0x404e000000000000
XMM[8]=0x0000000000000000 0x0000000000000000
XMM[9]=0x0000000000000000 0x0000000000000000
XMM[10]=0x0000000000000000 0x0000000000000000
XMM[11]=0x0000000000000000 0x0000000000000000
XMM[12]=0x0000000000000000 0x0000000000000000
XMM[13]=0x0000000000000000 0x0000000000000000
XMM[14]=0x0000000000000000 0x0000000000000000
XMM[15]=0x0000000000000000 0x0000000000000000
  MXCSR=0x00001fa2


Register to memory mapping:

RAX=0x00000289e0ec038b is an unknown value
RBX=0x000000ad379ff3c8 points into unknown readable memory: 0x002b006300000012 | 12 00 00 00 63 00 2b 00
RCX=0x0 is null
RDX=0x0000000000000098 is an unknown value
RSP=0x000000ad379ff298 points into unknown readable memory: 0x00007ffc86fa3e5f | 5f 3e fa 86 fc 7f 00 00
RBP=0x000000ad379ff2e9 points into unknown readable memory: 00 00 00 1a 00 00 00
RSI=0x0000000707601ca8 is pointing into object: java.util.stream.ReferencePipeline$3 
{0x0000000707601c90} - klass: 'java/util/stream/ReferencePipeline$3'
 - ---- fields (total size 7 words):
 - protected final 'sourceOrOpFlags' 'I' @12  10 (0x0000000a)
 - private 'depth' 'I' @16  4 (0x00000004)
 - private 'combinedFlags' 'I' @20  154 (0x0000009a)
 - private 'linkedOrConsumed' 'Z' @24  true (0x01)
 - private 'sourceAnyStateful' 'Z' @25  false (0x00)
 - private 'parallel' 'Z' @26  false (0x00)
 - private final 'sourceStage' 'Ljava/util/stream/AbstractPipeline;' @28  a 'java/util/stream/ReferencePipeline$Head'{0x0000000707601bb0} (0xe0ec0376)
 - private final 'previousStage' 'Ljava/util/stream/AbstractPipeline;' @32  a 'java/util/stream/ReferencePipeline$7'{0x0000000707601c58} (0xe0ec038b)
 - private 'nextStage' 'Ljava/util/stream/AbstractPipeline;' @36  a 'java/util/stream/DistinctOps$1'{0x0000000707600498} (0xe0ec0093)
 - private 'sourceSpliterator' 'Ljava/util/Spliterator;' @40  null (0x00000000)
 - private 'sourceSupplier' 'Ljava/util/function/Supplier;' @44  null (0x00000000)
 - private 'sourceCloseAction' 'Ljava/lang/Runnable;' @48  null (0x00000000)
 - final synthetic 'val$mapper' 'Ljava/util/function/Function;' @52  a 'com/vaadin/hilla/EndpointCodeGenerator$$Lambda+0x0000028901fa56e0'{0x0000000703d77830} (0xe07aef06)
RDI=0x0 is null
R8 =0x0000000000000004 is an unknown value
R9 =0x00007ffcb179140a VCRUNTIME140.dll
R10=0x00007ffcb1790000 VCRUNTIME140.dll
R11=0x000000ad379ff290 points into unknown readable memory: 0x000000070eb2bee0 | e0 be b2 0e 07 00 00 00
R12=0x00007ffc86a60000 jvm.dll::__ImageBase + 0x0
R13=0x000000ad383ff8c0 is pointing into the stack for thread: 0x0000028961853e10
R14=0x000000070eb2bee0 is an oop: java.lang.Class 
{0x000000070eb2bee0} - klass: 'java/lang/Class'
 - ---- fields (total size 30 words):
 - private volatile transient 'classRedefinedCount' 'I' @12  3 (0x00000003)
 - injected 'klass' 'J' @16  2787473932912 (0x000002890264c270)
 - injected 'array_klass' 'J' @24  0 (0x0000000000000000)
 - injected 'oop_size' 'I' @32  30 (0x0000001e)
 - injected 'static_oop_field_count' 'I' @36  31 (0x0000001f)
 - private volatile transient 'cachedConstructor' 'Ljava/lang/reflect/Constructor;' @40  null (0x00000000)
 - private transient 'name' 'Ljava/lang/String;' @44  null (0x00000000)
 - private transient 'module' 'Ljava/lang/Module;' @48  a 'java/lang/Module'{0x000000070209b798} (0xe04136f3)
 - private final 'classLoader' 'Ljava/lang/ClassLoader;' @52  a 'jdk/internal/loader/ClassLoaders$AppClassLoader'{0x000000070209b700} (0xe04136e0)
 - private transient 'classData' 'Ljava/lang/Object;' @56  null (0x00000000)
 - private transient 'packageName' 'Ljava/lang/String;' @60  null (0x00000000)
 - private final 'componentType' 'Ljava/lang/Class;' @64  null (0x00000000)
 - private volatile transient 'reflectionData' 'Ljava/lang/ref/SoftReference;' @68  null (0x00000000)
 - private volatile transient 'genericInfo' 'Lsun/reflect/generics/repository/ClassRepository;' @72  null (0x00000000)
 - private volatile transient 'enumConstants' '[Ljava/lang/Object;' @76  null (0x00000000)
 - private volatile transient 'enumConstantDirectory' 'Ljava/util/Map;' @80  null (0x00000000)
 - private volatile transient 'annotationData' 'Ljava/lang/Class$AnnotationData;' @84  null (0x00000000)
 - private volatile transient 'annotationType' 'Lsun/reflect/annotation/AnnotationType;' @88  null (0x00000000)
 - transient 'classValueMap' 'Ljava/lang/ClassValue$ClassValueMap;' @92  null (0x00000000)
 - injected 'protection_domain' 'Ljava/lang/Object;' @96  a 'java/security/ProtectionDomain'{0x0000000702821278} (0xe050424f)
 - injected 'signers_name' 'Ljava/lang/Object;' @100  null (0x00000000)
 - injected 'source_file' 'Ljava/lang/Object;' @104  null (0x00000000)
 - injected '<init_lock>' 'Ljava/lang/Object;' @108  [I{0x000000070eb2f300} (0xe1d65e60)
 - signature: Lcom/ideadistribuidora/visus/services/ListasPorcentualesService$$SpringCGLIB$$9;
 - ---- static fields (31):
 - public static 'CGLIB$FACTORY_DATA' 'Ljava/lang/Object;' @112  null (0x00000000)
 - private static final 'CGLIB$THREAD_CALLBACKS' 'Ljava/lang/ThreadLocal;' @116  a 'java/lang/Object'[10] {0x0000000707601fc0} (0xe0ec03f8)
 - private static final 'CGLIB$STATIC_CALLBACKS' '[Lorg/springframework/cglib/proxy/Callback;' @120  null (0x00000000)
 - private static 'CGLIB$CALLBACK_FILTER' 'Ljava/lang/Object;' @124  null (0x00000000)
 - private static final 'CGLIB$get$0$Method' 'Ljava/lang/reflect/Method;' @128  
[error occurred during error reporting (printing register info), id 0xc0000005, EXCEPTION_ACCESS_VIOLATION (0xc0000005) at pc=0x00007ffc86bab840]
R15=0x00000007096d4688 is an oop: java.lang.Class 
{0x00000007096d4688} - klass: 'java/lang/Class'
 - ---- fields (total size 30 words):
 - private volatile transient 'classRedefinedCount' 'I' @12  2 (0x00000002)
 - injected 'klass' 'J' @16  2787473617568 (0x00000289025ff2a0)
 - injected 'array_klass' 'J' @24  0 (0x0000000000000000)
 - injected 'oop_size' 'I' @32  30 (0x0000001e)
 - injected 'static_oop_field_count' 'I' @36  31 (0x0000001f)
 - private volatile transient 'cachedConstructor' 'Ljava/lang/reflect/Constructor;' @40  null (0x00000000)
 - private transient 'name' 'Ljava/lang/String;' @44  "com.ideadistribuidora.visus.services.ListasPorcentualesService$$SpringCGLIB$$9"{0x000000070b034de0} (0xe16069bc)
 - private transient 'module' 'Ljava/lang/Module;' @48  a 'java/lang/Module'{0x000000070209b798} (0xe04136f3)
 - private final 'classLoader' 'Ljava/lang/ClassLoader;' @52  a 'jdk/internal/loader/ClassLoaders$AppClassLoader'{0x000000070209b700} (0xe04136e0)
 - private transient 'classData' 'Ljava/lang/Object;' @56  null (0x00000000)
 - private transient 'packageName' 'Ljava/lang/String;' @60  null (0x00000000)
 - private final 'componentType' 'Ljava/lang/Class;' @64  null (0x00000000)
 - private volatile transient 'reflectionData' 'Ljava/lang/ref/SoftReference;' @68  a 'java/lang/ref/SoftReference'{0x000000070eb0c3d0} (0xe1d6187a)
 - private volatile transient 'genericInfo' 'Lsun/reflect/generics/repository/ClassRepository;' @72  null (0x00000000)
 - private volatile transient 'enumConstants' '[Ljava/lang/Object;' @76  null (0x00000000)
 - private volatile transient 'enumConstantDirectory' 'Ljava/util/Map;' @80  null (0x00000000)
 - private volatile transient 'annotationData' 'Ljava/lang/Class$AnnotationData;' @84  a 'java/lang/Class$AnnotationData'{0x000000070eb0c3b8} (0xe1d61877)
 - private volatile transient 'annotationType' 'Lsun/reflect/annotation/AnnotationType;' @88  null (0x00000000)
 - transient 'classValueMap' 'Ljava/lang/ClassValue$ClassValueMap;' @92  a 'java/lang/ClassValue$ClassValueMap'{0x000000070eb0c230} (0xe1d61846)
 - injected 'protection_domain' 'Ljava/lang/Object;' @96  a 'java/security/ProtectionDomain'{0x0000000702821278} (0xe050424f)
 - injected 'signers_name' 'Ljava/lang/Object;' @100  null (0x00000000)
 - injected 'source_file' 'Ljava/lang/Object;' @104  null (0x00000000)
 - injected '<init_lock>' 'Ljava/lang/Object;' @108  [I{0x00000007096d6a20} (0xe12dad44)
 - signature: Lcom/ideadistribuidora/visus/services/ListasPorcentualesService$$SpringCGLIB$$9;
 - ---- static fields (31):
 - public static 'CGLIB$FACTORY_DATA' 'Ljava/lang/Object;' @112  null (0x00000000)
 - private static final 'CGLIB$THREAD_CALLBACKS' 'Ljava/lang/ThreadLocal;' @116  a 'java/lang/Object'[10] {0x0000000707601fc0} (0xe0ec03f8)
 - private static final 'CGLIB$STATIC_CALLBACKS' '[Lorg/springframework/cglib/proxy/Callback;' @120  null (0x00000000)
 - private static 'CGLIB$CALLBACK_FILTER' 'Ljava/lang/Object;' @124  null (0x00000000)
 - private static final 'CGLIB$get$0$Method' 'Ljava/lang/reflect/Method;' @128  
[error occurred during error reporting (printing register info, attempt 2), id 0xc0000005, EXCEPTION_ACCESS_VIOLATION (0xc0000005) at pc=0x00007ffc86bab840]

Top of Stack: (sp=0x000000ad379ff298)
0x000000ad379ff298:   00007ffc86fa3e5f 000000ad379ff3c8
0x000000ad379ff2a8:   000000ad379ff2e9 00000289025ff2a0
0x000000ad379ff2b8:   0000000000000000 0000000000000000
0x000000ad379ff2c8:   0000000000000000 0000000000000000
0x000000ad379ff2d8:   0000000000000000 002b006300000012
0x000000ad379ff2e8:   0000001a00000098 0000000000000000
0x000000ad379ff2f8:   00007ffc379f0000 00000289824e8000
0x000000ad379ff308:   0000028961490500 00000289025ff2a0
0x000000ad379ff318:   00007ffc86c56550 002b006300000012
0x000000ad379ff328:   0000001a00000098 00000289025ff2a0
0x000000ad379ff338:   0000000000000000 000000ad379ff510
0x000000ad379ff348:   00007ffc86e2f6ee 00000000000002b0
0x000000ad379ff358:   000000ad379ff468 000002890264c270
0x000000ad379ff368:   0000000000000019 0000028982a39930
0x000000ad379ff378:   0000028982a39934 0000006100000000
0x000000ad379ff388:   00007ffc00000013 0000028982a34218
0x000000ad379ff398:   0000028961490500 0000002700000012
0x000000ad379ff3a8:   002b006300000012 0000001a00000098
0x000000ad379ff3b8:   0000000000000000 0000028947410000
0x000000ad379ff3c8:   002b006300000012 0000001a00000098
0x000000ad379ff3d8:   0000000000000000 00000289025f0000
0x000000ad379ff3e8:   0000028982a34218 0000028961490500
0x000000ad379ff3f8:   000002896d121928 0000003dba6dc111
0x000000ad379ff408:   00007ffc86fa558f 0000000000000005
0x000000ad379ff418:   000000ad379ff510 000002896e04f300
0x000000ad379ff428:   0000028900000007 00007ffc874daeb0
0x000000ad379ff438:   0000000000000000 00000000000000ac
0x000000ad379ff448:   000002896cd376c0 00007ffc874dae68
0x000000ad379ff458:   0000000000000000 0000003e00000030
0x000000ad379ff468:   00007ffc874dadd0 00007ffc874dad60
0x000000ad379ff478:   0000028961490500 0000000000000000
0x000000ad379ff488:   00007ffc8750daa0 000000000000009c 

Instructions: (pc=0x00007ffc86c55e3c)
0x00007ffc86c55d3c:   8b 4f 08 48 8b 47 18 48 89 41 18 48 8b 4f 08 48
0x00007ffc86c55d4c:   8b 47 20 48 89 41 20 48 8d 8b 98 03 00 00 e8 31
0x00007ffc86c55d5c:   bd 12 00 48 8b 6c 24 38 90 c7 83 44 04 00 00 04
0x00007ffc86c55d6c:   00 00 00 40 0f b6 c6 48 8b 5c 24 30 48 8b 74 24
0x00007ffc86c55d7c:   40 48 83 c4 20 5f c3 cc cc cc cc cc cc cc cc cc
0x00007ffc86c55d8c:   cc cc cc cc 48 89 5c 24 08 48 89 74 24 10 57 48
0x00007ffc86c55d9c:   83 ec 20 41 8d 78 ff 48 8b d9 48 8b 49 20 48 63
0x00007ffc86c55dac:   c7 80 3c 10 2f 41 0f 45 f8 44 8b c7 e8 43 62 01
0x00007ffc86c55dbc:   00 84 c0 74 4d 48 8b 4b 20 8d 77 01 e8 c3 63 01
0x00007ffc86c55dcc:   00 3b f0 7f 3d 48 8b 4b 20 8b d7 e8 b4 5c 01 00
0x00007ffc86c55ddc:   3c 2f 75 2e 48 8b 4b 20 4c 8d 05 89 28 81 00 41
0x00007ffc86c55dec:   b9 01 00 00 00 8b d6 e8 b8 5d 01 00 85 c0 79 12
0x00007ffc86c55dfc:   b0 01 48 8b 5c 24 30 48 8b 74 24 38 48 83 c4 20
0x00007ffc86c55e0c:   5f c3 48 8b 5c 24 30 32 c0 48 8b 74 24 38 48 83
0x00007ffc86c55e1c:   c4 20 5f c3 80 3d fc 44 a5 00 00 74 1b 8b 41 08
0x00007ffc86c55e2c:   8b 0d 86 31 a5 00 48 d3 e0 48 03 05 74 31 a5 00
0x00007ffc86c55e3c:   83 78 0c 04 0f 9e c0 c3 48 8b 41 08 83 78 0c 04
0x00007ffc86c55e4c:   0f 9e c0 c3 8b 41 50 c1 e8 09 24 01 c3 cc cc cc
0x00007ffc86c55e5c:   cc cc cc cc 40 53 48 83 ec 20 8b 15 7c 8b b1 00
0x00007ffc86c55e6c:   48 8b d9 65 48 8b 04 25 58 00 00 00 b9 70 00 00
0x00007ffc86c55e7c:   00 48 8b 04 d0 80 3c 01 00 75 05 e8 d4 e4 76 00
0x00007ffc86c55e8c:   48 3b 1d 15 1f ab 00 0f 94 c0 48 83 c4 20 5b c3
0x00007ffc86c55e9c:   cc cc cc cc 40 53 48 83 ec 20 80 79 41 00 48 8b
0x00007ffc86c55eac:   d9 74 0e 8b 41 50 c1 e8 04 24 01 48 83 c4 20 5b
0x00007ffc86c55ebc:   c3 48 89 74 24 38 e8 69 d9 ed ff 84 c0 0f 85 49
0x00007ffc86c55ecc:   01 00 00 48 8b b3 80 00 00 00 48 85 f6 0f 85 39
0x00007ffc86c55edc:   01 00 00 40 38 73 41 74 08 48 8b f3 e9 12 01 00
0x00007ffc86c55eec:   00 65 48 8b 04 25 58 00 00 00 8b 0d ec 8a b1 00
0x00007ffc86c55efc:   48 89 6c 24 30 48 89 7c 24 40 48 8b 3c c8 b8 70
0x00007ffc86c55f0c:   00 00 00 80 3c 38 00 75 05 e8 46 e4 76 00 80 3d
0x00007ffc86c55f1c:   6d fe ab 00 00 b8 20 00 00 00 48 8b 3c 38 c7 87
0x00007ffc86c55f2c:   44 04 00 00 06 00 00 00 75 06 e8 85 fc 4d 00 90 


Stack slot to memory mapping:

stack at sp + 0 slots: 0x00007ffc86fa3e5f jvm.dll::FieldCopier::do_field + 0x1cf
stack at sp + 1 slots: 0x000000ad379ff3c8 points into unknown readable memory: 0x002b006300000012 | 12 00 00 00 63 00 2b 00
stack at sp + 2 slots: 0x000000ad379ff2e9 points into unknown readable memory: 00 00 00 1a 00 00 00
stack at sp + 3 slots: 0x00000289025ff2a0 is a pointer to class: 
com.ideadistribuidora.visus.services.ListasPorcentualesService$$SpringCGLIB$$9 {0x00000289025ff2a8}
 - instance size:     7
 - klass size:        123
 - access:            public 
 - flags:             rewritten has_nonstatic_fields should_verify_class has_nonstatic_concrete_methods has_final_method 
 - state:             fully_initialized
 - name:              'com/ideadistribuidora/visus/services/ListasPorcentualesService$$SpringCGLIB$$9'
 - super:             'com/ideadistribuidora/visus/services/ListasPorcentualesService'
 - sub:               
 - arrays:            null
 - methods:           Array<T>(0x00000289824e76e0)
 - method ordering:   Array<T>(0x00000289824ed130)
 - local interfaces:  Array<T>(0x00000289824e8ff8)
 - trans. interfaces: Array<T>(0x00000289824ecff8)
 - constants:         constant pool [502] {0x00000289824e8008} for 'com/ideadistribuidora/visus/services/ListasPorcentualesService$$SpringCGLIB$$9' cache=0x00000289828631c8
 - class loader data:  loader data: 0x00000289613254f0 for instance a 'jdk/internal/loader/ClassLoaders$AppClassLoader'{0x000000070209b700}
 - source file:       '<generated>'
 - inner classes:     Array<T>(0x0000028900691ff8)
 - nest members:     Array<T>(0x0000028900691ff8)
 - permitted subclasses:     Array<T>(0x0000028900691ff8)
 - java mirror:       a 'java/lang/Class'{0x00000007096d4688} = 'com/ideadistribuidora/visus/services/ListasPorcentualesService$$SpringCGLIB$$9'
 - vtable length      21  (start addr: 0x00000289025ff480)
 - itable length      40 (start addr: 0x00000289025ff528)
 - ---- static fields (16 words):
 - public static 'CGLIB$FACTORY_DATA' 'Ljava/lang/Object;' @112 
 - private static final 'CGLIB$THREAD_CALLBACKS' 'Ljava/lang/ThreadLocal;' @116 
 - private static final 'CGLIB$STATIC_CALLBACKS' '[Lorg/springframework/cglib/proxy/Callback;' @120 
 - private static 'CGLIB$CALLBACK_FILTER' 'Ljava/lang/Object;' @124 
 - private static final 'CGLIB$get$0$Method' 'Ljava/lang/reflect/Method;' @128 
 - private static final 'CGLIB$get$0$Proxy' 'Lorg/springframework/cglib/proxy/MethodProxy;' @132 
 - private static final 'CGLIB$emptyArgs' '[Ljava/lang/Object;' @136 
 - private static final 'CGLIB$delete$1$Method' 'Ljava/lang/reflect/Method;' @140 
 - private static final 'CGLIB$delete$1$Proxy' 'Lorg/springframework/cglib/proxy/MethodProxy;' @144 
 - private static final 'CGLIB$save$2$Method' 'Ljava/lang/reflect/Method;' @148 
 - private static final 'CGLIB$save$2$Proxy' 'Lorg/springframework/cglib/proxy/MethodProxy;' @152 
 - private static final 'CGLIB$findById$3$Method' 'Ljava/lang/reflect/Method;' @156 
 - private static final 'CGLIB$findById$3$Proxy' 'Lorg/springframework/cglib/proxy/MethodProxy;' @160 
 - private static final 'CGLIB$findAllListas$4$Method' 'Ljava/lang/reflect/Method;' @164 
 - private static final 'CGLIB$findAllListas$4$Proxy' 'Lorg/springframework/cglib/proxy/MethodProxy;' @168 
 - private static final 'CGLIB$findPorcentualById$5$Method' 'Ljava/lang/reflect/Method;' @172 
 - private static final 'CGLIB$findPorcentualById$5$Proxy' 'Lorg/springframework/cglib/proxy/MethodProxy;' @176 
 - private static final 'CGLIB$findListasById$6$Method' 'Ljava/lang/reflect/Method;' @180 
 - private static final 'CGLIB$findListasById$6$Proxy' 'Lorg/springframework/cglib/proxy/MethodProxy;' @184 
 - private static final 'CGLIB$listasPorcentualesList$7$Method' 'Ljava/lang/reflect/Method;' @188 
 - private static final 'CGLIB$listasPorcentualesList$7$Proxy' 'Lorg/springframework/cglib/proxy/MethodProxy;' @192 
 - private static final 'CGLIB$findAllPorcentuales$8$Method' 'Ljava/lang/reflect/Method;' @196 
 - private static final 'CGLIB$findAllPorcentuales$8$Proxy' 'Lorg/springframework/cglib/proxy/MethodProxy;' @200 
 - private static final 'CGLIB$equals$9$Method' 'Ljava/lang/reflect/Method;' @204 
 - private static final 'CGLIB$equals$9$Proxy' 'Lorg/springframework/cglib/proxy/MethodProxy;' @208 
 - private static final 'CGLIB$toString$10$Method' 'Ljava/lang/reflect/Method;' @212 
 - private static final 'CGLIB$toString$10$Proxy' 'Lorg/springframework/cglib/proxy/MethodProxy;' @216 
 - private static final 'CGLIB$hashCode$11$Method' 'Ljava/lang/reflect/Method;' @220 
 - private static final 'CGLIB$hashCode$11$Proxy' 'Lorg/springframework/cglib/proxy/MethodProxy;' @224 
 - private static final 'CGLIB$clone$12$Method' 'Ljava/lang/reflect/Method;' @228 
 - private static final 'CGLIB$clone$12$Proxy' 'Lorg/springframework/cglib/proxy/MethodProxy;' @232 
 - ---- non-static fields (11 words):
 - private 'listasRepository' 'Lcom/ideadistribuidora/visus/data/repositories/ListasRepository;' @12 
 - private 'porcentualesRepository' 'Lcom/ideadistribuidora/visus/data/repositories/PorcentualesRepository;' @16 
 - private 'listasPorcentualesRepository' 'Lcom/ideadistribuidora/visus/data/repositories/ListasPorcentualesRepository;' @20 
 - private 'CGLIB$BOUND' 'Z' @24 
 - private 'CGLIB$CALLBACK_0' 'Lorg/springframework/cglib/proxy/MethodInterceptor;' @28 
 - private 'CGLIB$CALLBACK_1' 'Lorg/springframework/cglib/proxy/MethodInterceptor;' @32 
 - private 'CGLIB$CALLBACK_2' 'Lorg/springframework/cglib/proxy/NoOp;' @36 
 - private 'CGLIB$CALLBACK_3' 'Lorg/springframework/cglib/proxy/Dispatcher;' @40 
 - private 'CGLIB$CALLBACK_4' 'Lorg/springframework/cglib/proxy/Dispatcher;' @44 
 - private 'CGLIB$CALLBACK_5' 'Lorg/springframework/cglib/proxy/MethodInterceptor;' @48 
 - private 'CGLIB$CALLBACK_6' 'Lorg/springframework/cglib/proxy/MethodInterceptor;' @52 
 - non-static oop maps: 12-20 28-52 
stack at sp + 4 slots: 0x0 is null
stack at sp + 5 slots: 0x0 is null
stack at sp + 6 slots: 0x0 is null
stack at sp + 7 slots: 0x0 is null

VM_Operation (0x000000ad383ff8c0): RedefineClasses, mode: safepoint, requested by thread 0x0000028961853e10


---------------  P R O C E S S  ---------------

Threads class SMR info:
_java_thread_list=0x000002896b4f5260, length=156, elements={
0x00000289614aa6d0, 0x00000289614ab5e0, 0x00000289614b1880, 0x00000289614b22d0,
0x00000289614b34c0, 0x00000289614b46b0, 0x00000289614b8930, 0x00000289614be0d0,
0x00000289616eff90, 0x0000028961853e10, 0x00000289618e40a0, 0x00000289618e4720,
0x000002896660c940, 0x00000289668f0520, 0x00000289668f0b80, 0x000002896798a030,
0x0000028968344400, 0x0000028967c25310, 0x00000289681c15f0, 0x00000289684228c0,
0x0000028967f059a0, 0x0000028967f045f0, 0x0000028967f06030, 0x0000028967f066c0,
0x0000028967f01800, 0x0000028967f07a70, 0x0000028967f08100, 0x0000028967f08e20,
0x0000028967a4c760, 0x0000028967a4d480, 0x0000028967a4db10, 0x0000028967a4e1a0,
0x0000028967a4a000, 0x0000028967a4eec0, 0x0000028967a4ad20, 0x0000028967a4e830,
0x0000028967a47f30, 0x0000028967a485c0, 0x0000028967a48c50, 0x0000028967f02520,
0x000002896d1edc60, 0x000002896d1ed5d0, 0x000002896d1eb500, 0x000002896aaf3370,
0x000002896aaf5440, 0x000002896ab095d0, 0x000002896aaf4db0, 0x000002896aaf2ce0,
0x000002896b380750, 0x000002896aaf5ad0, 0x000002896aaefef0, 0x000002896aaeeb40,
0x000002896aaf6160, 0x000002896aaef1d0, 0x000002896aaf67f0, 0x000002896aaef860,
0x000002896aaf0580, 0x000002896aaf6e80, 0x000002896aaf7510, 0x000002896aaf8230,
0x000002896aaf7ba0, 0x000002896aaf12a0, 0x000002896aaffee0, 0x000002896aafde10,
0x000002896aafbd40, 0x000002896ab00570, 0x000002896801c720, 0x000002896aaf1fc0,
0x000002896aaf3a00, 0x000002896aaf4720, 0x000002896aaf2650, 0x000002896d6d18e0,
0x000002896e073380, 0x000002896e088230, 0x000002896e084720, 0x000002896e0812a0,
0x0000028968028c00, 0x000002896800d450, 0x0000028968012310, 0x000002896800c0a0,
0x000002896801a650, 0x000002896800acf0, 0x0000028968017ef0, 0x00000289680115f0,
0x0000028968019fc0, 0x000002896801ace0, 0x000002896801dad0, 0x00000289680208c0,
0x000002896ab08f40, 0x000002896aafc3d0, 0x000002896ab06150, 0x000002896e076170,
0x000002896e07bd50, 0x000002896e080c10, 0x000002896800f520, 0x000002896800a660,
0x000002896d1ecf40, 0x000002896e06e4c0, 0x0000028968019930, 0x0000028968011c80,
0x000002896800c730, 0x000002896800ee90, 0x000002896800dae0, 0x000002896800b380,
0x000002896800ba10, 0x0000028968009940, 0x000002896800e800, 0x00000289680129a0,
0x00000289680108d0, 0x0000028968017860, 0x0000028968013d50, 0x00000289680136c0,
0x000002896801b370, 0x0000028968010240, 0x000002896800e170, 0x0000028968015e20,
0x0000028968018c10, 0x0000028968024a60, 0x0000028968028570, 0x000002896801cdb0,
0x000002896801e7f0, 0x0000028968023d40, 0x0000028968025780, 0x0000028968026b30,
0x00000289680250f0, 0x000002896e069c90, 0x000002896e07a310, 0x000002896e06a320,
0x000002896e0712b0, 0x000002896e072cf0, 0x000002896e071940, 0x000002896e06f1e0,
0x000002896e071fd0, 0x000002896e06bd60, 0x000002896e075450, 0x000002896e06f870,
0x000002896e0795f0, 0x000002896e081930, 0x000002896e082650, 0x000002896e084db0,
0x000002896e083a00, 0x000002896ab0b6a0, 0x000002896ab0d0e0, 0x000002896ab0b010,
0x000002896ab088b0, 0x000002896aaf4090, 0x000002896aaf0c10, 0x000002896aaf1930,
0x000002896aaee4b0, 0x000002896aafa300, 0x000002896aaf88c0, 0x000002896aaf95e0,
0x000002896aafca60, 0x000002896aaff1c0, 0x000002896aafd0f0, 0x000002896aaff850
}

Java Threads: ( => current thread )
  0x00000289614aa6d0 JavaThread "Reference Handler"          daemon [_thread_blocked, id=14372, stack(0x000000ad37a00000,0x000000ad37b00000) (1024K)]
  0x00000289614ab5e0 JavaThread "Finalizer"                  daemon [_thread_blocked, id=5296, stack(0x000000ad37b00000,0x000000ad37c00000) (1024K)]
  0x00000289614b1880 JavaThread "Signal Dispatcher"          daemon [_thread_blocked, id=7416, stack(0x000000ad37c00000,0x000000ad37d00000) (1024K)]
  0x00000289614b22d0 JavaThread "Attach Listener"            daemon [_thread_blocked, id=15536, stack(0x000000ad37d00000,0x000000ad37e00000) (1024K)]
  0x00000289614b34c0 JavaThread "Service Thread"             daemon [_thread_blocked, id=3180, stack(0x000000ad37e00000,0x000000ad37f00000) (1024K)]
  0x00000289614b46b0 JavaThread "Monitor Deflation Thread"   daemon [_thread_blocked, id=3456, stack(0x000000ad37f00000,0x000000ad38000000) (1024K)]
  0x00000289614b8930 JavaThread "C2 CompilerThread0"         daemon [_thread_in_native, id=14832, stack(0x000000ad38000000,0x000000ad38100000) (1024K)]
  0x00000289614be0d0 JavaThread "C1 CompilerThread0"         daemon [_thread_in_native, id=9768, stack(0x000000ad38100000,0x000000ad38200000) (1024K)]
  0x00000289616eff90 JavaThread "Common-Cleaner"             daemon [_thread_blocked, id=8280, stack(0x000000ad38200000,0x000000ad38300000) (1024K)]
  0x0000028961853e10 JavaThread "JDWP Transport Listener: dt_socket" daemon [_thread_blocked, id=16584, stack(0x000000ad38300000,0x000000ad38400000) (1024K)]
  0x00000289618e40a0 JavaThread "JDWP Event Helper Thread"   daemon [_thread_blocked, id=588, stack(0x000000ad38400000,0x000000ad38500000) (1024K)]
  0x00000289618e4720 JavaThread "JDWP Command Reader"        daemon [_thread_in_native, id=16656, stack(0x000000ad38500000,0x000000ad38600000) (1024K)]
  0x000002896660c940 JavaThread "FileSystemWatchService"     daemon [_thread_in_native, id=12244, stack(0x000000ad38a00000,0x000000ad38b00000) (1024K)]
  0x00000289668f0520 JavaThread "HotSwap Dispatcher"         daemon [_thread_blocked, id=6616, stack(0x000000ad38c00000,0x000000ad38d00000) (1024K)]
  0x00000289668f0b80 JavaThread "Thread-2"                   daemon [_thread_blocked, id=14568, stack(0x000000ad38d00000,0x000000ad38e00000) (1024K)]
  0x000002896798a030 JavaThread "Notification Thread"        daemon [_thread_blocked, id=16664, stack(0x000000ad38e00000,0x000000ad38f00000) (1024K)]
  0x0000028968344400 JavaThread "RMI TCP Accept-0"           daemon [_thread_in_native, id=9112, stack(0x000000ad38f00000,0x000000ad39000000) (1024K)]
  0x0000028967c25310 JavaThread "RMI TCP Accept-45556"       daemon [_thread_in_native, id=5664, stack(0x000000ad39000000,0x000000ad39100000) (1024K)]
  0x00000289681c15f0 JavaThread "RMI TCP Accept-0"           daemon [_thread_in_native, id=7352, stack(0x000000ad39100000,0x000000ad39200000) (1024K)]
  0x00000289684228c0 JavaThread "RMI Scheduler(0)"           daemon [_thread_blocked, id=1816, stack(0x000000ad39400000,0x000000ad39500000) (1024K)]
  0x0000028967f059a0 JavaThread "JNA Cleaner"                daemon [_thread_blocked, id=11648, stack(0x000000ad39800000,0x000000ad39900000) (1024K)]
  0x0000028967f045f0 JavaThread "vaadin-dev-server-1"        daemon [_thread_blocked, id=7188, stack(0x000000ad39c00000,0x000000ad39d00000) (1024K)]
  0x0000028967f06030 JavaThread "vaadin-dev-server-2"        daemon [_thread_blocked, id=11532, stack(0x000000ad39d00000,0x000000ad39e00000) (1024K)]
  0x0000028967f066c0 JavaThread "Catalina-utility-1"                [_thread_blocked, id=8172, stack(0x000000ad39e00000,0x000000ad39f00000) (1024K)]
  0x0000028967f01800 JavaThread "Catalina-utility-2"                [_thread_blocked, id=17188, stack(0x000000ad39f00000,0x000000ad3a000000) (1024K)]
  0x0000028967f07a70 JavaThread "container-0"                       [_thread_blocked, id=14288, stack(0x000000ad3a000000,0x000000ad3a100000) (1024K)]
  0x0000028967f08100 JavaThread "PostgreSQL-JDBC-Cleaner"    daemon [_thread_blocked, id=13908, stack(0x000000ad3a200000,0x000000ad3a300000) (1024K)]
  0x0000028967f08e20 JavaThread "HikariPool-1 housekeeper"   daemon [_thread_blocked, id=3296, stack(0x000000ad3a100000,0x000000ad3a200000) (1024K)]
  0x0000028967a4c760 JavaThread "File Watcher"               daemon [_thread_blocked, id=15200, stack(0x000000ad3a300000,0x000000ad3a400000) (1024K)]
  0x0000028967a4d480 JavaThread "Live Reload Server"         daemon [_thread_in_native, id=16872, stack(0x000000ad3a500000,0x000000ad3a600000) (1024K)]
  0x0000028967a4db10 JavaThread "http-nio-8084-exec-1"       daemon [_thread_blocked, id=17400, stack(0x000000ad3a800000,0x000000ad3a900000) (1024K)]
  0x0000028967a4e1a0 JavaThread "http-nio-8084-exec-2"       daemon [_thread_blocked, id=7976, stack(0x000000ad3a900000,0x000000ad3aa00000) (1024K)]
  0x0000028967a4a000 JavaThread "http-nio-8084-exec-3"       daemon [_thread_blocked, id=5588, stack(0x000000ad3aa00000,0x000000ad3ab00000) (1024K)]
  0x0000028967a4eec0 JavaThread "http-nio-8084-exec-4"       daemon [_thread_blocked, id=3928, stack(0x000000ad3ab00000,0x000000ad3ac00000) (1024K)]
  0x0000028967a4ad20 JavaThread "http-nio-8084-exec-5"       daemon [_thread_blocked, id=7512, stack(0x000000ad3ac00000,0x000000ad3ad00000) (1024K)]
  0x0000028967a4e830 JavaThread "http-nio-8084-exec-6"       daemon [_thread_blocked, id=13660, stack(0x000000ad3ad00000,0x000000ad3ae00000) (1024K)]
  0x0000028967a47f30 JavaThread "http-nio-8084-exec-7"       daemon [_thread_blocked, id=4720, stack(0x000000ad3ae00000,0x000000ad3af00000) (1024K)]
  0x0000028967a485c0 JavaThread "http-nio-8084-exec-8"       daemon [_thread_blocked, id=10804, stack(0x000000ad3af00000,0x000000ad3b000000) (1024K)]
  0x0000028967a48c50 JavaThread "http-nio-8084-exec-9"       daemon [_thread_blocked, id=16428, stack(0x000000ad3b000000,0x000000ad3b100000) (1024K)]
  0x0000028967f02520 JavaThread "http-nio-8084-exec-10"      daemon [_thread_blocked, id=7520, stack(0x000000ad3b100000,0x000000ad3b200000) (1024K)]
  0x000002896d1edc60 JavaThread "http-nio-8084-Poller"       daemon [_thread_blocked, id=3784, stack(0x000000ad3b200000,0x000000ad3b300000) (1024K)]
  0x000002896d1ed5d0 JavaThread "http-nio-8084-Acceptor"     daemon [_thread_in_native, id=5840, stack(0x000000ad3b300000,0x000000ad3b400000) (1024K)]
  0x000002896d1eb500 JavaThread "HttpClient-1-SelectorManager" daemon [_thread_blocked, id=6900, stack(0x000000ad36f00000,0x000000ad37000000) (1024K)]
  0x000002896aaf3370 JavaThread "Thread-631"                 daemon [_thread_in_native, id=4156, stack(0x000000ad3b800000,0x000000ad3b900000) (1024K)]
  0x000002896aaf5440 JavaThread "DestroyJavaVM"                     [_thread_blocked, id=14656, stack(0x000000ad37200000,0x000000ad37300000) (1024K)]
  0x000002896ab095d0 JavaThread "dev-server-output"          daemon [_thread_in_native, id=9080, stack(0x000000ad39a00000,0x000000ad39b00000) (1024K)]
  0x000002896aaf4db0 JavaThread "HttpClient-3-SelectorManager" daemon [_thread_blocked, id=16736, stack(0x000000ad37000000,0x000000ad37100000) (1024K)]
  0x000002896aaf2ce0 JavaThread "WebSocket background processing" daemon [_thread_blocked, id=2948, stack(0x000000ad3a600000,0x000000ad3a700000) (1024K)]
  0x000002896b380750 JavaThread "FileSystemWatchService"     daemon [_thread_in_native, id=17220, stack(0x000000ad3d200000,0x000000ad3d300000) (1024K)]
  0x000002896aaf5ad0 JavaThread "pool-2-thread-1"                   [_thread_blocked, id=4220, stack(0x000000ad3a700000,0x000000ad3a800000) (1024K)]
  0x000002896aaefef0 JavaThread "FileSystemWatchService"     daemon [_thread_in_native, id=4380, stack(0x000000ad3b600000,0x000000ad3b700000) (1024K)]
  0x000002896aaeeb40 JavaThread "pool-2-thread-2"                   [_thread_blocked, id=16312, stack(0x000000ad3bb00000,0x000000ad3bc00000) (1024K)]
  0x000002896aaf6160 JavaThread "HttpClient-4-SelectorManager" daemon [_thread_blocked, id=12784, stack(0x000000ad3bc00000,0x000000ad3bd00000) (1024K)]
  0x000002896aaef1d0 JavaThread "HttpClient-5-SelectorManager" daemon [_thread_blocked, id=13836, stack(0x000000ad3bd00000,0x000000ad3be00000) (1024K)]
  0x000002896aaf67f0 JavaThread "HttpClient-6-SelectorManager" daemon [_thread_blocked, id=15300, stack(0x000000ad3be00000,0x000000ad3bf00000) (1024K)]
  0x000002896aaef860 JavaThread "HttpClient-7-SelectorManager" daemon [_thread_blocked, id=2844, stack(0x000000ad3bf00000,0x000000ad3c000000) (1024K)]
  0x000002896aaf0580 JavaThread "HttpClient-8-SelectorManager" daemon [_thread_blocked, id=17396, stack(0x000000ad3c000000,0x000000ad3c100000) (1024K)]
  0x000002896aaf6e80 JavaThread "HttpClient-9-SelectorManager" daemon [_thread_blocked, id=14240, stack(0x000000ad3c100000,0x000000ad3c200000) (1024K)]
  0x000002896aaf7510 JavaThread "HttpClient-10-SelectorManager" daemon [_thread_blocked, id=14300, stack(0x000000ad3c200000,0x000000ad3c300000) (1024K)]
  0x000002896aaf8230 JavaThread "HttpClient-11-SelectorManager" daemon [_thread_blocked, id=3752, stack(0x000000ad3c300000,0x000000ad3c400000) (1024K)]
  0x000002896aaf7ba0 JavaThread "HttpClient-12-SelectorManager" daemon [_thread_blocked, id=4184, stack(0x000000ad3c400000,0x000000ad3c500000) (1024K)]
  0x000002896aaf12a0 JavaThread "HttpClient-13-SelectorManager" daemon [_thread_blocked, id=14956, stack(0x000000ad3c500000,0x000000ad3c600000) (1024K)]
  0x000002896aaffee0 JavaThread "pool-3-thread-1"                   [_thread_blocked, id=15876, stack(0x000000ad41e00000,0x000000ad41f00000) (1024K)]
  0x000002896aafde10 JavaThread "pool-3-thread-2"                   [_thread_blocked, id=6764, stack(0x000000ad41f00000,0x000000ad42000000) (1024K)]
  0x000002896aafbd40 JavaThread "pool-3-thread-3"                   [_thread_blocked, id=16916, stack(0x000000ad42000000,0x000000ad42100000) (1024K)]
  0x000002896ab00570 JavaThread "pool-3-thread-4"                   [_thread_blocked, id=3596, stack(0x000000ad42100000,0x000000ad42200000) (1024K)]
  0x000002896801c720 JavaThread "Atmosphere-Shared-0"        daemon [_thread_blocked, id=15216, stack(0x000000ad3b400000,0x000000ad3b500000) (1024K)]
  0x000002896aaf1fc0 JavaThread "Atmosphere-Shared-0"        daemon [_thread_blocked, id=15180, stack(0x000000ad3d700000,0x000000ad3d800000) (1024K)]
  0x000002896aaf3a00 JavaThread "Atmosphere-Shared-0"        daemon [_thread_blocked, id=15576, stack(0x000000ad3d800000,0x000000ad3d900000) (1024K)]
  0x000002896aaf4720 JavaThread "Atmosphere-Shared-0"        daemon [_thread_blocked, id=7620, stack(0x000000ad3d900000,0x000000ad3da00000) (1024K)]
  0x000002896aaf2650 JavaThread "Atmosphere-Scheduler-165"   daemon [_thread_blocked, id=8424, stack(0x000000ad38b00000,0x000000ad38c00000) (1024K)]
  0x000002896d6d18e0 JavaThread "C2 CompilerThread1"         daemon [_thread_in_native, id=16448, stack(0x000000ad39b00000,0x000000ad39c00000) (1024K)]
  0x000002896e073380 JavaThread "Atmosphere-Scheduler-169"   daemon [_thread_blocked, id=14312, stack(0x000000ad39300000,0x000000ad39400000) (1024K)]
  0x000002896e088230 JavaThread "Atmosphere-Scheduler-170"   daemon [_thread_blocked, id=17276, stack(0x000000ad39700000,0x000000ad39800000) (1024K)]
  0x000002896e084720 JavaThread "Atmosphere-Scheduler-171"   daemon [_thread_blocked, id=3312, stack(0x000000ad39900000,0x000000ad39a00000) (1024K)]
  0x000002896e0812a0 JavaThread "Thread-7645"                daemon [_thread_blocked, id=9504, stack(0x000000ad3cb00000,0x000000ad3cc00000) (1024K)]
  0x0000028968028c00 JavaThread "Thread-7658"                daemon [_thread_blocked, id=5876, stack(0x000000ad3b500000,0x000000ad3b600000) (1024K)]
  0x000002896800d450 JavaThread "Thread-7667"                daemon [_thread_blocked, id=17144, stack(0x000000ad3cd00000,0x000000ad3ce00000) (1024K)]
  0x0000028968012310 JavaThread "Thread-7692"                daemon [_thread_blocked, id=5668, stack(0x000000ad3d600000,0x000000ad3d700000) (1024K)]
  0x000002896800c0a0 JavaThread "Thread-7694"                daemon [_thread_blocked, id=13148, stack(0x000000ad3db00000,0x000000ad3dc00000) (1024K)]
  0x000002896801a650 JavaThread "Thread-7869"                daemon [_thread_blocked, id=16556, stack(0x000000ad3e600000,0x000000ad3e700000) (1024K)]
  0x000002896800acf0 JavaThread "Atmosphere-Shared-122"      daemon [_thread_blocked, id=5560, stack(0x000000ad3b700000,0x000000ad3b800000) (1024K)]
  0x0000028968017ef0 JavaThread "Thread-7876"                daemon [_thread_blocked, id=16372, stack(0x000000ad3c700000,0x000000ad3c800000) (1024K)]
  0x00000289680115f0 JavaThread "Thread-7878"                daemon [_thread_blocked, id=5740, stack(0x000000ad3c900000,0x000000ad3ca00000) (1024K)]
  0x0000028968019fc0 JavaThread "Thread-7885"                daemon [_thread_blocked, id=16628, stack(0x000000ad3ec00000,0x000000ad3ed00000) (1024K)]
  0x000002896801ace0 JavaThread "Thread-7889"                daemon [_thread_blocked, id=764, stack(0x000000ad3ef00000,0x000000ad3f000000) (1024K)]
  0x000002896801dad0 JavaThread "Thread-7908"                daemon [_thread_blocked, id=10328, stack(0x000000ad3e800000,0x000000ad3e900000) (1024K)]
  0x00000289680208c0 JavaThread "Thread-7916"                daemon [_thread_blocked, id=2760, stack(0x000000ad3fb00000,0x000000ad3fc00000) (1024K)]
  0x000002896ab08f40 JavaThread "Atmosphere-Shared-123"      daemon [_thread_blocked, id=16572, stack(0x000000ad41500000,0x000000ad41600000) (1024K)]
  0x000002896aafc3d0 JavaThread "Thread-7959"                daemon [_thread_blocked, id=18340, stack(0x000000ad42c00000,0x000000ad42d00000) (1024K)]
  0x000002896ab06150 JavaThread "Thread-7978"                daemon [_thread_blocked, id=16220, stack(0x000000ad43f00000,0x000000ad44000000) (1024K)]
  0x000002896e076170 JavaThread "Thread-8013"                daemon [_thread_blocked, id=12956, stack(0x000000ad46100000,0x000000ad46200000) (1024K)]
  0x000002896e07bd50 JavaThread "Thread-8015"                daemon [_thread_blocked, id=3048, stack(0x000000ad46300000,0x000000ad46400000) (1024K)]
  0x000002896e080c10 JavaThread "Thread-8023"                daemon [_thread_blocked, id=6268, stack(0x000000ad3c600000,0x000000ad3c700000) (1024K)]
  0x000002896800f520 JavaThread "Thread-8037"                daemon [_thread_blocked, id=6688, stack(0x000000ad47800000,0x000000ad47900000) (1024K)]
  0x000002896800a660 JavaThread "Thread-8039"                daemon [_thread_blocked, id=4032, stack(0x000000ad47a00000,0x000000ad47b00000) (1024K)]
  0x000002896d1ecf40 JavaThread "Thread-8092"                daemon [_thread_blocked, id=17692, stack(0x000000ad4ac00000,0x000000ad4ad00000) (1024K)]
  0x000002896e06e4c0 JavaThread "Atmosphere-Shared-124"      daemon [_thread_blocked, id=18100, stack(0x000000ad3ba00000,0x000000ad3bb00000) (1024K)]
  0x0000028968019930 JavaThread "Atmosphere-Shared-125"      daemon [_thread_blocked, id=18092, stack(0x000000ad3ce00000,0x000000ad3cf00000) (1024K)]
  0x0000028968011c80 JavaThread "Atmosphere-Shared-126"      daemon [_thread_blocked, id=15320, stack(0x000000ad39500000,0x000000ad39600000) (1024K)]
  0x000002896800c730 JavaThread "Atmosphere-Shared-127"      daemon [_thread_blocked, id=17932, stack(0x000000ad3b900000,0x000000ad3ba00000) (1024K)]
  0x000002896800ee90 JavaThread "Atmosphere-Shared-128"      daemon [_thread_blocked, id=6396, stack(0x000000ad3da00000,0x000000ad3db00000) (1024K)]
  0x000002896800dae0 JavaThread "Atmosphere-Shared-129"      daemon [_thread_blocked, id=2628, stack(0x000000ad3c800000,0x000000ad3c900000) (1024K)]
  0x000002896800b380 JavaThread "Atmosphere-Shared-130"      daemon [_thread_blocked, id=18304, stack(0x000000ad3e100000,0x000000ad3e200000) (1024K)]
  0x000002896800ba10 JavaThread "Atmosphere-Shared-131"      daemon [_thread_blocked, id=18028, stack(0x000000ad3de00000,0x000000ad3df00000) (1024K)]
  0x0000028968009940 JavaThread "Atmosphere-Shared-132"      daemon [_thread_blocked, id=13584, stack(0x000000ad3d000000,0x000000ad3d100000) (1024K)]
  0x000002896800e800 JavaThread "Atmosphere-Shared-133"      daemon [_thread_blocked, id=13220, stack(0x000000ad3fe00000,0x000000ad3ff00000) (1024K)]
  0x00000289680129a0 JavaThread "HikariPool-1 connection adder" daemon [_thread_in_native, id=1068, stack(0x000000ad3cc00000,0x000000ad3cd00000) (1024K)]
  0x00000289680108d0 JavaThread "Atmosphere-Shared-134"      daemon [_thread_blocked, id=6596, stack(0x000000ad37100000,0x000000ad37200000) (1024K)]
  0x0000028968017860 JavaThread "Atmosphere-Shared-135"      daemon [_thread_blocked, id=8592, stack(0x000000ad3dd00000,0x000000ad3de00000) (1024K)]
  0x0000028968013d50 JavaThread "Thread-8507"                daemon [_thread_blocked, id=2528, stack(0x000000ad3d100000,0x000000ad3d200000) (1024K)]
  0x00000289680136c0 JavaThread "Thread-8509"                daemon [_thread_blocked, id=15140, stack(0x000000ad3d400000,0x000000ad3d500000) (1024K)]
  0x000002896801b370 JavaThread "Thread-8523"                daemon [_thread_blocked, id=16060, stack(0x000000ad3e200000,0x000000ad3e300000) (1024K)]
  0x0000028968010240 JavaThread "Atmosphere-Shared-136"      daemon [_thread_blocked, id=14468, stack(0x000000ad3e300000,0x000000ad3e400000) (1024K)]
  0x000002896800e170 JavaThread "Atmosphere-Shared-137"      daemon [_thread_blocked, id=12972, stack(0x000000ad3d300000,0x000000ad3d400000) (1024K)]
  0x0000028968015e20 JavaThread "Atmosphere-Shared-138"      daemon [_thread_blocked, id=18168, stack(0x000000ad39600000,0x000000ad39700000) (1024K)]
  0x0000028968018c10 JavaThread "Atmosphere-Shared-139"      daemon [_thread_blocked, id=18132, stack(0x000000ad3d500000,0x000000ad3d600000) (1024K)]
  0x0000028968024a60 JavaThread "Atmosphere-Shared-140"      daemon [_thread_blocked, id=2320, stack(0x000000ad3dc00000,0x000000ad3dd00000) (1024K)]
  0x0000028968028570 JavaThread "Atmosphere-Shared-141"      daemon [_thread_blocked, id=10864, stack(0x000000ad3e000000,0x000000ad3e100000) (1024K)]
  0x000002896801cdb0 JavaThread "Thread-8736"                daemon [_thread_blocked, id=1872, stack(0x000000ad3e700000,0x000000ad3e800000) (1024K)]
  0x000002896801e7f0 JavaThread "Atmosphere-Shared-142"      daemon [_thread_blocked, id=11116, stack(0x000000ad40300000,0x000000ad40400000) (1024K)]
  0x0000028968023d40 JavaThread "Thread-8762"                daemon [_thread_blocked, id=15148, stack(0x000000ad40600000,0x000000ad40700000) (1024K)]
  0x0000028968025780 JavaThread "Thread-8763"                daemon [_thread_blocked, id=16692, stack(0x000000ad40700000,0x000000ad40800000) (1024K)]
  0x0000028968026b30 JavaThread "Thread-8766"                daemon [_thread_blocked, id=12096, stack(0x000000ad40a00000,0x000000ad40b00000) (1024K)]
  0x00000289680250f0 JavaThread "Thread-8767"                daemon [_thread_blocked, id=13152, stack(0x000000ad40b00000,0x000000ad40c00000) (1024K)]
  0x000002896e069c90 JavaThread "Thread-8775"                daemon [_thread_blocked, id=16484, stack(0x000000ad41400000,0x000000ad41500000) (1024K)]
  0x000002896e07a310 JavaThread "Thread-8806"                daemon [_thread_blocked, id=17660, stack(0x000000ad40500000,0x000000ad40600000) (1024K)]
  0x000002896e06a320 JavaThread "Thread-8827"                daemon [_thread_blocked, id=17644, stack(0x000000ad3ed00000,0x000000ad3ee00000) (1024K)]
  0x000002896e0712b0 JavaThread "Thread-8853"                daemon [_thread_blocked, id=18036, stack(0x000000ad40400000,0x000000ad40500000) (1024K)]
  0x000002896e072cf0 JavaThread "Thread-8859"                daemon [_thread_blocked, id=13640, stack(0x000000ad41200000,0x000000ad41300000) (1024K)]
  0x000002896e071940 JavaThread "Thread-8877"                daemon [_thread_blocked, id=7672, stack(0x000000ad39200000,0x000000ad39300000) (1024K)]
  0x000002896e06f1e0 JavaThread "Thread-8893"                daemon [_thread_blocked, id=16688, stack(0x000000ad3e400000,0x000000ad3e500000) (1024K)]
  0x000002896e071fd0 JavaThread "Thread-8895"                daemon [_thread_blocked, id=18076, stack(0x000000ad3e900000,0x000000ad3ea00000) (1024K)]
  0x000002896e06bd60 JavaThread "Thread-8900"                daemon [_thread_blocked, id=1052, stack(0x000000ad3df00000,0x000000ad3e000000) (1024K)]
  0x000002896e075450 JavaThread "Thread-8913"                daemon [_thread_blocked, id=5292, stack(0x000000ad3f800000,0x000000ad3f900000) (1024K)]
  0x000002896e06f870 JavaThread "Atmosphere-Shared-143"      daemon [_thread_blocked, id=17136, stack(0x000000ad3e500000,0x000000ad3e600000) (1024K)]
  0x000002896e0795f0 JavaThread "Atmosphere-Shared-144"      daemon [_thread_blocked, id=4320, stack(0x000000ad3f400000,0x000000ad3f500000) (1024K)]
  0x000002896e081930 JavaThread "Atmosphere-Shared-145"      daemon [_thread_blocked, id=12344, stack(0x000000ad3eb00000,0x000000ad3ec00000) (1024K)]
  0x000002896e082650 JavaThread "Atmosphere-Shared-146"      daemon [_thread_blocked, id=11412, stack(0x000000ad3f100000,0x000000ad3f200000) (1024K)]
  0x000002896e084db0 JavaThread "Atmosphere-Shared-147"      daemon [_thread_blocked, id=2644, stack(0x000000ad3ea00000,0x000000ad3eb00000) (1024K)]
  0x000002896e083a00 JavaThread "Atmosphere-Shared-148"      daemon [_thread_blocked, id=18200, stack(0x000000ad3ee00000,0x000000ad3ef00000) (1024K)]
  0x000002896ab0b6a0 JavaThread "Atmosphere-Shared-149"      daemon [_thread_blocked, id=13544, stack(0x000000ad3f000000,0x000000ad3f100000) (1024K)]
  0x000002896ab0d0e0 JavaThread "Atmosphere-Shared-150"      daemon [_thread_blocked, id=8848, stack(0x000000ad3f200000,0x000000ad3f300000) (1024K)]
  0x000002896ab0b010 JavaThread "Atmosphere-Shared-151"      daemon [_thread_blocked, id=11940, stack(0x000000ad3f600000,0x000000ad3f700000) (1024K)]
  0x000002896ab088b0 JavaThread "Atmosphere-Shared-152"      daemon [_thread_blocked, id=16104, stack(0x000000ad3f700000,0x000000ad3f800000) (1024K)]
  0x000002896aaf4090 JavaThread "Atmosphere-Shared-153"      daemon [_thread_blocked, id=8764, stack(0x000000ad3f300000,0x000000ad3f400000) (1024K)]
  0x000002896aaf0c10 JavaThread "Atmosphere-Shared-154"      daemon [_thread_blocked, id=13912, stack(0x000000ad3f500000,0x000000ad3f600000) (1024K)]
  0x000002896aaf1930 JavaThread "Atmosphere-Shared-155"      daemon [_thread_blocked, id=17364, stack(0x000000ad3f900000,0x000000ad3fa00000) (1024K)]
  0x000002896aaee4b0 JavaThread "Atmosphere-Shared-156"      daemon [_thread_blocked, id=13264, stack(0x000000ad40800000,0x000000ad40900000) (1024K)]
  0x000002896aafa300 JavaThread "HikariPool-1 connection closer" daemon [_thread_blocked, id=14136, stack(0x000000ad3cf00000,0x000000ad3d000000) (1024K)]
  0x000002896aaf88c0 JavaThread "Atmosphere-Shared-157"      daemon [_thread_blocked, id=14660, stack(0x000000ad3fa00000,0x000000ad3fb00000) (1024K)]
  0x000002896aaf95e0 JavaThread "Thread-9191"                daemon [_thread_in_native, id=7740, stack(0x000000ad3ff00000,0x000000ad40000000) (1024K)]
  0x000002896aafca60 JavaThread "Atmosphere-Shared-158"      daemon [_thread_blocked, id=16172, stack(0x000000ad3ca00000,0x000000ad3cb00000) (1024K)]
  0x000002896aaff1c0 JavaThread "Atmosphere-Shared-159"      daemon [_thread_blocked, id=5480, stack(0x000000ad3fc00000,0x000000ad3fd00000) (1024K)]
  0x000002896aafd0f0 JavaThread "Atmosphere-Shared-160"      daemon [_thread_blocked, id=18228, stack(0x000000ad3fd00000,0x000000ad3fe00000) (1024K)]
  0x000002896aaff850 JavaThread "Atmosphere-Shared-161"      daemon [_thread_blocked, id=15832, stack(0x000000ad40f00000,0x000000ad41000000) (1024K)]
Total: 156

Other Threads:
=>0x0000028961490500 VMThread "VM Thread"                           [id=6200, stack(0x000000ad37900000,0x000000ad37a00000) (1024K)]
  0x000002896147deb0 WatcherThread "VM Periodic Task Thread"        [id=15644, stack(0x000000ad37800000,0x000000ad37900000) (1024K)]
  0x0000028947475690 WorkerThread "GC Thread#0"                     [id=8072, stack(0x000000ad37300000,0x000000ad37400000) (1024K)]
  0x0000028966993cf0 WorkerThread "GC Thread#1"                     [id=5576, stack(0x000000ad38600000,0x000000ad38700000) (1024K)]
  0x0000028966994090 WorkerThread "GC Thread#2"                     [id=9996, stack(0x000000ad38700000,0x000000ad38800000) (1024K)]
  0x0000028966a54370 WorkerThread "GC Thread#3"                     [id=14624, stack(0x000000ad38800000,0x000000ad38900000) (1024K)]
  0x0000028947486660 ConcurrentGCThread "G1 Main Marker"            [id=13084, stack(0x000000ad37400000,0x000000ad37500000) (1024K)]
  0x0000028947487900 WorkerThread "G1 Conc#0"                       [id=13856, stack(0x000000ad37500000,0x000000ad37600000) (1024K)]
  0x00000289613239f0 ConcurrentGCThread "G1 Refine#0"               [id=16336, stack(0x000000ad37600000,0x000000ad37700000) (1024K)]
  0x00000289450e0630 ConcurrentGCThread "G1 Service"                [id=15884, stack(0x000000ad37700000,0x000000ad37800000) (1024K)]
Total: 10

Threads with active compile tasks:
C2 CompilerThread0  3527837 137837       4       java.lang.invoke.VarHandleByteArrayAsShorts$ArrayHandle::set (39 bytes)
C1 CompilerThread0  3527837 140845 %     2       java.util.regex.Pattern$CharPropertyGreedy::match @ 12 (160 bytes)
C2 CompilerThread1  3527837 140297       4       java.lang.StringBuilder::append (8 bytes)
Total: 3

VM state: at safepoint (normal execution)

VM Mutex/Monitor currently owned by a thread:  ([mutex/lock_event])
[0x00007ffc8772ea30] Threads_lock - owner thread: 0x0000028961490500
[0x00007ffc8772eb30] Heap_lock - owner thread: 0x0000028961853e10

Heap address: 0x0000000701c00000, size: 4068 MB, Compressed Oops mode: Zero based, Oop shift amount: 3

CDS archive(s) mapped at: [0x0000028900000000-0x0000028900d00000-0x0000028900d00000), size 13631488, SharedBaseAddress: 0x0000028900000000, ArchiveRelocationMode: 1.
Compressed class space mapped at: 0x0000028901000000-0x0000028941000000, reserved size: 1073741824
Narrow klass base: 0x0000028900000000, Narrow klass shift: 0, Narrow klass range: 0x100000000

GC Precious Log:
 CardTable entry size: 512
 Card Set container configuration: InlinePtr #cards 4 size 8 Array Of Cards #cards 16 size 48 Howl #buckets 8 coarsen threshold 3686 Howl Bitmap #cards 512 size 80 coarsen threshold 460 Card regions per heap region 1 cards per card region 4096
 CPUs: 4 total, 4 available
 Memory: 16264M
 Large Page Support: Disabled
 NUMA Support: Disabled
 Compressed Oops: Enabled (Zero based)
 Heap Region Size: 2M
 Heap Min Capacity: 8M
 Heap Initial Capacity: 256M
 Heap Max Capacity: 4068M
 Pre-touch: Disabled
 Parallel Workers: 4
 Concurrent Workers: 1
 Concurrent Refinement Workers: 4
 Periodic GC: Disabled

Heap:
 garbage-first heap   total 354304K, used 186039K [0x0000000701c00000, 0x0000000800000000)
  region size 2048K, 13 young (26624K), 7 survivors (14336K)
 Metaspace       used 198714K, committed 200448K, reserved 1245184K
  class space    used 22234K, committed 23104K, reserved 1048576K

Heap Regions: E=young(eden), S=young(survivor), O=old, HS=humongous(starts), HC=humongous(continues), CS=collection set, F=free, TAMS=top-at-mark-start, PB=parsable bottom
|   0|0x0000000701c00000, 0x0000000701e00000, 0x0000000701e00000|100%| O|  |TAMS 0x0000000701c00000| PB 0x0000000701c00000| Untracked 
|   1|0x0000000701e00000, 0x0000000702000000, 0x0000000702000000|100%| O|  |TAMS 0x0000000701e00000| PB 0x0000000701e00000| Untracked 
|   2|0x0000000702000000, 0x0000000702200000, 0x0000000702200000|100%| O|  |TAMS 0x0000000702000000| PB 0x0000000702000000| Untracked 
|   3|0x0000000702200000, 0x0000000702400000, 0x0000000702400000|100%| O|  |TAMS 0x0000000702200000| PB 0x0000000702200000| Untracked 
|   4|0x0000000702400000, 0x0000000702600000, 0x0000000702600000|100%| O|  |TAMS 0x0000000702400000| PB 0x0000000702400000| Untracked 
|   5|0x0000000702600000, 0x0000000702800000, 0x0000000702800000|100%| O|  |TAMS 0x0000000702600000| PB 0x0000000702600000| Untracked 
|   6|0x0000000702800000, 0x0000000702a00000, 0x0000000702a00000|100%| O|  |TAMS 0x0000000702800000| PB 0x0000000702800000| Untracked 
|   7|0x0000000702a00000, 0x0000000702c00000, 0x0000000702c00000|100%| O|  |TAMS 0x0000000702a00000| PB 0x0000000702a00000| Untracked 
|   8|0x0000000702c00000, 0x0000000702e00000, 0x0000000702e00000|100%| O|  |TAMS 0x0000000702c00000| PB 0x0000000702c00000| Untracked 
|   9|0x0000000702e00000, 0x0000000703000000, 0x0000000703000000|100%| O|  |TAMS 0x0000000702e00000| PB 0x0000000702e00000| Untracked 
|  10|0x0000000703000000, 0x0000000703200000, 0x0000000703200000|100%| O|  |TAMS 0x0000000703000000| PB 0x0000000703000000| Untracked 
|  11|0x0000000703200000, 0x0000000703400000, 0x0000000703400000|100%| O|  |TAMS 0x0000000703200000| PB 0x0000000703200000| Untracked 
|  12|0x0000000703400000, 0x0000000703600000, 0x0000000703600000|100%| O|  |TAMS 0x0000000703400000| PB 0x0000000703400000| Untracked 
|  13|0x0000000703600000, 0x0000000703800000, 0x0000000703800000|100%| O|  |TAMS 0x0000000703600000| PB 0x0000000703600000| Untracked 
|  14|0x0000000703800000, 0x0000000703a00000, 0x0000000703a00000|100%| O|  |TAMS 0x0000000703800000| PB 0x0000000703800000| Untracked 
|  15|0x0000000703a00000, 0x0000000703c00000, 0x0000000703c00000|100%| O|  |TAMS 0x0000000703a00000| PB 0x0000000703a00000| Untracked 
|  16|0x0000000703c00000, 0x0000000703e00000, 0x0000000703e00000|100%| O|  |TAMS 0x0000000703c00000| PB 0x0000000703c00000| Untracked 
|  17|0x0000000703e00000, 0x0000000704000000, 0x0000000704000000|100%| O|  |TAMS 0x0000000703e00000| PB 0x0000000703e00000| Untracked 
|  18|0x0000000704000000, 0x0000000704200000, 0x0000000704200000|100%| O|  |TAMS 0x0000000704000000| PB 0x0000000704000000| Untracked 
|  19|0x0000000704200000, 0x0000000704400000, 0x0000000704400000|100%| O|  |TAMS 0x0000000704200000| PB 0x0000000704200000| Untracked 
|  20|0x0000000704400000, 0x0000000704600000, 0x0000000704600000|100%| O|  |TAMS 0x0000000704400000| PB 0x0000000704400000| Untracked 
|  21|0x0000000704600000, 0x0000000704800000, 0x0000000704800000|100%| O|  |TAMS 0x0000000704600000| PB 0x0000000704600000| Untracked 
|  22|0x0000000704800000, 0x0000000704a00000, 0x0000000704a00000|100%| O|  |TAMS 0x0000000704800000| PB 0x0000000704800000| Untracked 
|  23|0x0000000704a00000, 0x0000000704c00000, 0x0000000704c00000|100%| O|  |TAMS 0x0000000704a00000| PB 0x0000000704a00000| Untracked 
|  24|0x0000000704c00000, 0x0000000704e00000, 0x0000000704e00000|100%| O|  |TAMS 0x0000000704c00000| PB 0x0000000704c00000| Untracked 
|  25|0x0000000704e00000, 0x0000000705000000, 0x0000000705000000|100%| O|  |TAMS 0x0000000704e00000| PB 0x0000000704e00000| Untracked 
|  26|0x0000000705000000, 0x0000000705200000, 0x0000000705200000|100%| O|  |TAMS 0x0000000705000000| PB 0x0000000705000000| Untracked 
|  27|0x0000000705200000, 0x0000000705400000, 0x0000000705400000|100%| O|  |TAMS 0x0000000705200000| PB 0x0000000705200000| Untracked 
|  28|0x0000000705400000, 0x0000000705600000, 0x0000000705600000|100%| O|  |TAMS 0x0000000705400000| PB 0x0000000705400000| Untracked 
|  29|0x0000000705600000, 0x0000000705800000, 0x0000000705800000|100%| O|  |TAMS 0x0000000705600000| PB 0x0000000705600000| Untracked 
|  30|0x0000000705800000, 0x0000000705a00000, 0x0000000705a00000|100%| O|  |TAMS 0x0000000705800000| PB 0x0000000705800000| Untracked 
|  31|0x0000000705a00000, 0x0000000705c00000, 0x0000000705c00000|100%| O|  |TAMS 0x0000000705a00000| PB 0x0000000705a00000| Untracked 
|  32|0x0000000705c00000, 0x0000000705e00000, 0x0000000705e00000|100%| O|  |TAMS 0x0000000705c00000| PB 0x0000000705c00000| Untracked 
|  33|0x0000000705e00000, 0x0000000706000000, 0x0000000706000000|100%| O|  |TAMS 0x0000000705e00000| PB 0x0000000705e00000| Untracked 
|  34|0x0000000706000000, 0x0000000706200000, 0x0000000706200000|100%| O|  |TAMS 0x0000000706000000| PB 0x0000000706000000| Untracked 
|  35|0x0000000706200000, 0x0000000706400000, 0x0000000706400000|100%| O|  |TAMS 0x0000000706200000| PB 0x0000000706200000| Untracked 
|  36|0x0000000706400000, 0x0000000706600000, 0x0000000706600000|100%| O|  |TAMS 0x0000000706400000| PB 0x0000000706400000| Untracked 
|  37|0x0000000706600000, 0x0000000706800000, 0x0000000706800000|100%| O|  |TAMS 0x0000000706600000| PB 0x0000000706600000| Untracked 
|  38|0x0000000706800000, 0x0000000706a00000, 0x0000000706a00000|100%| O|  |TAMS 0x0000000706800000| PB 0x0000000706800000| Untracked 
|  39|0x0000000706a00000, 0x0000000706c00000, 0x0000000706c00000|100%| O|  |TAMS 0x0000000706a00000| PB 0x0000000706a00000| Untracked 
|  40|0x0000000706c00000, 0x0000000706e00000, 0x0000000706e00000|100%| O|  |TAMS 0x0000000706c00000| PB 0x0000000706c00000| Untracked 
|  41|0x0000000706e00000, 0x0000000707000000, 0x0000000707000000|100%| O|  |TAMS 0x0000000706e00000| PB 0x0000000706e00000| Untracked 
|  42|0x0000000707000000, 0x0000000707200000, 0x0000000707200000|100%| O|  |TAMS 0x0000000707000000| PB 0x0000000707000000| Untracked 
|  43|0x0000000707200000, 0x0000000707400000, 0x0000000707400000|100%| O|  |TAMS 0x0000000707200000| PB 0x0000000707200000| Untracked 
|  44|0x0000000707400000, 0x0000000707600000, 0x0000000707600000|100%| O|  |TAMS 0x0000000707400000| PB 0x0000000707400000| Untracked 
|  45|0x0000000707600000, 0x0000000707800000, 0x0000000707800000|100%| O|  |TAMS 0x0000000707600000| PB 0x0000000707600000| Untracked 
|  46|0x0000000707800000, 0x0000000707a00000, 0x0000000707a00000|100%| O|  |TAMS 0x0000000707800000| PB 0x0000000707800000| Untracked 
|  47|0x0000000707a00000, 0x0000000707c00000, 0x0000000707c00000|100%| O|  |TAMS 0x0000000707a00000| PB 0x0000000707a00000| Untracked 
|  48|0x0000000707c00000, 0x0000000707e00000, 0x0000000707e00000|100%| O|  |TAMS 0x0000000707c00000| PB 0x0000000707c00000| Untracked 
|  49|0x0000000707e00000, 0x0000000708000000, 0x0000000708000000|100%| O|  |TAMS 0x0000000707e00000| PB 0x0000000707e00000| Untracked 
|  50|0x0000000708000000, 0x0000000708200000, 0x0000000708200000|100%| O|  |TAMS 0x0000000708000000| PB 0x0000000708000000| Untracked 
|  51|0x0000000708200000, 0x0000000708400000, 0x0000000708400000|100%| O|  |TAMS 0x0000000708200000| PB 0x0000000708200000| Untracked 
|  52|0x0000000708400000, 0x0000000708600000, 0x0000000708600000|100%| O|  |TAMS 0x0000000708400000| PB 0x0000000708400000| Untracked 
|  53|0x0000000708600000, 0x0000000708800000, 0x0000000708800000|100%| O|  |TAMS 0x0000000708600000| PB 0x0000000708600000| Untracked 
|  54|0x0000000708800000, 0x0000000708a00000, 0x0000000708a00000|100%| O|  |TAMS 0x0000000708800000| PB 0x0000000708800000| Untracked 
|  55|0x0000000708a00000, 0x0000000708c00000, 0x0000000708c00000|100%| O|  |TAMS 0x0000000708a00000| PB 0x0000000708a00000| Untracked 
|  56|0x0000000708c00000, 0x0000000708e00000, 0x0000000708e00000|100%| O|  |TAMS 0x0000000708c00000| PB 0x0000000708c00000| Untracked 
|  57|0x0000000708e00000, 0x0000000709000000, 0x0000000709000000|100%| O|  |TAMS 0x0000000708e00000| PB 0x0000000708e00000| Untracked 
|  58|0x0000000709000000, 0x0000000709200000, 0x0000000709200000|100%| O|  |TAMS 0x0000000709000000| PB 0x0000000709000000| Untracked 
|  59|0x0000000709200000, 0x0000000709200000, 0x0000000709400000|  0%| F|  |TAMS 0x0000000709200000| PB 0x0000000709200000| Untracked 
|  60|0x0000000709400000, 0x0000000709600000, 0x0000000709600000|100%| O|  |TAMS 0x0000000709400000| PB 0x0000000709400000| Untracked 
|  61|0x0000000709600000, 0x0000000709800000, 0x0000000709800000|100%| O|  |TAMS 0x0000000709600000| PB 0x0000000709600000| Untracked 
|  62|0x0000000709800000, 0x0000000709a00000, 0x0000000709a00000|100%| O|  |TAMS 0x0000000709800000| PB 0x0000000709800000| Untracked 
|  63|0x0000000709a00000, 0x0000000709c00000, 0x0000000709c00000|100%| O|  |TAMS 0x0000000709a00000| PB 0x0000000709a00000| Untracked 
|  64|0x0000000709c00000, 0x0000000709e00000, 0x0000000709e00000|100%| O|  |TAMS 0x0000000709c00000| PB 0x0000000709c00000| Untracked 
|  65|0x0000000709e00000, 0x0000000709f20380, 0x000000070a000000| 56%| O|  |TAMS 0x0000000709e00000| PB 0x0000000709e00000| Untracked 
|  66|0x000000070a000000, 0x000000070a200000, 0x000000070a200000|100%| O|  |TAMS 0x000000070a000000| PB 0x000000070a000000| Untracked 
|  67|0x000000070a200000, 0x000000070a400000, 0x000000070a400000|100%| O|  |TAMS 0x000000070a200000| PB 0x000000070a200000| Untracked 
|  68|0x000000070a400000, 0x000000070a400000, 0x000000070a600000|  0%| F|  |TAMS 0x000000070a400000| PB 0x000000070a400000| Untracked 
|  69|0x000000070a600000, 0x000000070a600000, 0x000000070a800000|  0%| F|  |TAMS 0x000000070a600000| PB 0x000000070a600000| Untracked 
|  70|0x000000070a800000, 0x000000070aa00000, 0x000000070aa00000|100%| O|  |TAMS 0x000000070a800000| PB 0x000000070a800000| Untracked 
|  71|0x000000070aa00000, 0x000000070ac00000, 0x000000070ac00000|100%| O|  |TAMS 0x000000070aa00000| PB 0x000000070aa00000| Untracked 
|  72|0x000000070ac00000, 0x000000070ac00000, 0x000000070ae00000|  0%| F|  |TAMS 0x000000070ac00000| PB 0x000000070ac00000| Untracked 
|  73|0x000000070ae00000, 0x000000070ae00000, 0x000000070b000000|  0%| F|  |TAMS 0x000000070ae00000| PB 0x000000070ae00000| Untracked 
|  74|0x000000070b000000, 0x000000070b200000, 0x000000070b200000|100%| O|  |TAMS 0x000000070b000000| PB 0x000000070b000000| Untracked 
|  75|0x000000070b200000, 0x000000070b400000, 0x000000070b400000|100%| O|  |TAMS 0x000000070b200000| PB 0x000000070b200000| Untracked 
|  76|0x000000070b400000, 0x000000070b600000, 0x000000070b600000|100%| O|  |TAMS 0x000000070b400000| PB 0x000000070b400000| Untracked 
|  77|0x000000070b600000, 0x000000070b600000, 0x000000070b800000|  0%| F|  |TAMS 0x000000070b600000| PB 0x000000070b600000| Untracked 
|  78|0x000000070b800000, 0x000000070ba00000, 0x000000070ba00000|100%| O|  |TAMS 0x000000070b800000| PB 0x000000070b800000| Untracked 
|  79|0x000000070ba00000, 0x000000070ba00000, 0x000000070bc00000|  0%| F|  |TAMS 0x000000070ba00000| PB 0x000000070ba00000| Untracked 
|  80|0x000000070bc00000, 0x000000070bc00000, 0x000000070be00000|  0%| F|  |TAMS 0x000000070bc00000| PB 0x000000070bc00000| Untracked 
|  81|0x000000070be00000, 0x000000070c000000, 0x000000070c000000|100%| O|  |TAMS 0x000000070be00000| PB 0x000000070be00000| Untracked 
|  82|0x000000070c000000, 0x000000070c200000, 0x000000070c200000|100%| O|  |TAMS 0x000000070c000000| PB 0x000000070c000000| Untracked 
|  83|0x000000070c200000, 0x000000070c400000, 0x000000070c400000|100%| O|  |TAMS 0x000000070c200000| PB 0x000000070c200000| Untracked 
|  84|0x000000070c400000, 0x000000070c600000, 0x000000070c600000|100%| O|  |TAMS 0x000000070c400000| PB 0x000000070c400000| Untracked 
|  85|0x000000070c600000, 0x000000070c800000, 0x000000070c800000|100%| O|  |TAMS 0x000000070c600000| PB 0x000000070c600000| Untracked 
|  86|0x000000070c800000, 0x000000070ca00000, 0x000000070ca00000|100%| O|  |TAMS 0x000000070c800000| PB 0x000000070c800000| Untracked 
|  87|0x000000070ca00000, 0x000000070cc00000, 0x000000070cc00000|100%| O|  |TAMS 0x000000070ca00000| PB 0x000000070ca00000| Untracked 
|  88|0x000000070cc00000, 0x000000070cc00000, 0x000000070ce00000|  0%| F|  |TAMS 0x000000070cc00000| PB 0x000000070cc00000| Untracked 
|  89|0x000000070ce00000, 0x000000070ce00000, 0x000000070d000000|  0%| F|  |TAMS 0x000000070ce00000| PB 0x000000070ce00000| Untracked 
|  90|0x000000070d000000, 0x000000070d000000, 0x000000070d200000|  0%| F|  |TAMS 0x000000070d000000| PB 0x000000070d000000| Untracked 
|  91|0x000000070d200000, 0x000000070d200000, 0x000000070d400000|  0%| F|  |TAMS 0x000000070d200000| PB 0x000000070d200000| Untracked 
|  92|0x000000070d400000, 0x000000070d48db40, 0x000000070d600000| 27%| S|CS|TAMS 0x000000070d400000| PB 0x000000070d400000| Complete 
|  93|0x000000070d600000, 0x000000070d800000, 0x000000070d800000|100%| S|CS|TAMS 0x000000070d600000| PB 0x000000070d600000| Complete 
|  94|0x000000070d800000, 0x000000070d800000, 0x000000070da00000|  0%| F|  |TAMS 0x000000070d800000| PB 0x000000070d800000| Untracked 
|  95|0x000000070da00000, 0x000000070dc00000, 0x000000070dc00000|100%| S|CS|TAMS 0x000000070da00000| PB 0x000000070da00000| Complete 
|  96|0x000000070dc00000, 0x000000070de00000, 0x000000070de00000|100%| S|CS|TAMS 0x000000070dc00000| PB 0x000000070dc00000| Complete 
|  97|0x000000070de00000, 0x000000070de00000, 0x000000070e000000|  0%| F|  |TAMS 0x000000070de00000| PB 0x000000070de00000| Untracked 
|  98|0x000000070e000000, 0x000000070e000000, 0x000000070e200000|  0%| F|  |TAMS 0x000000070e000000| PB 0x000000070e000000| Untracked 
|  99|0x000000070e200000, 0x000000070e200000, 0x000000070e400000|  0%| F|  |TAMS 0x000000070e200000| PB 0x000000070e200000| Untracked 
| 100|0x000000070e400000, 0x000000070e400000, 0x000000070e600000|  0%| F|  |TAMS 0x000000070e400000| PB 0x000000070e400000| Untracked 
| 101|0x000000070e600000, 0x000000070e800000, 0x000000070e800000|100%| S|CS|TAMS 0x000000070e600000| PB 0x000000070e600000| Complete 
| 102|0x000000070e800000, 0x000000070ea00000, 0x000000070ea00000|100%| S|CS|TAMS 0x000000070e800000| PB 0x000000070e800000| Complete 
| 103|0x000000070ea00000, 0x000000070ec00000, 0x000000070ec00000|100%| S|CS|TAMS 0x000000070ea00000| PB 0x000000070ea00000| Complete 
| 104|0x000000070ec00000, 0x000000070ec00000, 0x000000070ee00000|  0%| F|  |TAMS 0x000000070ec00000| PB 0x000000070ec00000| Untracked 
| 105|0x000000070ee00000, 0x000000070ee00000, 0x000000070f000000|  0%| F|  |TAMS 0x000000070ee00000| PB 0x000000070ee00000| Untracked 
| 106|0x000000070f000000, 0x000000070f000000, 0x000000070f200000|  0%| F|  |TAMS 0x000000070f000000| PB 0x000000070f000000| Untracked 
| 107|0x000000070f200000, 0x000000070f200000, 0x000000070f400000|  0%| F|  |TAMS 0x000000070f200000| PB 0x000000070f200000| Untracked 
| 108|0x000000070f400000, 0x000000070f400000, 0x000000070f600000|  0%| F|  |TAMS 0x000000070f400000| PB 0x000000070f400000| Untracked 
| 109|0x000000070f600000, 0x000000070f600000, 0x000000070f800000|  0%| F|  |TAMS 0x000000070f600000| PB 0x000000070f600000| Untracked 
| 110|0x000000070f800000, 0x000000070f800000, 0x000000070fa00000|  0%| F|  |TAMS 0x000000070f800000| PB 0x000000070f800000| Untracked 
| 111|0x000000070fa00000, 0x000000070fa00000, 0x000000070fc00000|  0%| F|  |TAMS 0x000000070fa00000| PB 0x000000070fa00000| Untracked 
| 112|0x000000070fc00000, 0x000000070fc00000, 0x000000070fe00000|  0%| F|  |TAMS 0x000000070fc00000| PB 0x000000070fc00000| Untracked 
| 113|0x000000070fe00000, 0x000000070fe00000, 0x0000000710000000|  0%| F|  |TAMS 0x000000070fe00000| PB 0x000000070fe00000| Untracked 
| 114|0x0000000710000000, 0x0000000710000000, 0x0000000710200000|  0%| F|  |TAMS 0x0000000710000000| PB 0x0000000710000000| Untracked 
| 115|0x0000000710200000, 0x0000000710200000, 0x0000000710400000|  0%| F|  |TAMS 0x0000000710200000| PB 0x0000000710200000| Untracked 
| 116|0x0000000710400000, 0x0000000710400000, 0x0000000710600000|  0%| F|  |TAMS 0x0000000710400000| PB 0x0000000710400000| Untracked 
| 117|0x0000000710600000, 0x0000000710600000, 0x0000000710800000|  0%| F|  |TAMS 0x0000000710600000| PB 0x0000000710600000| Untracked 
| 118|0x0000000710800000, 0x0000000710800000, 0x0000000710a00000|  0%| F|  |TAMS 0x0000000710800000| PB 0x0000000710800000| Untracked 
| 119|0x0000000710a00000, 0x0000000710a00000, 0x0000000710c00000|  0%| F|  |TAMS 0x0000000710a00000| PB 0x0000000710a00000| Untracked 
| 120|0x0000000710c00000, 0x0000000710c00000, 0x0000000710e00000|  0%| F|  |TAMS 0x0000000710c00000| PB 0x0000000710c00000| Untracked 
| 121|0x0000000710e00000, 0x0000000710e00000, 0x0000000711000000|  0%| F|  |TAMS 0x0000000710e00000| PB 0x0000000710e00000| Untracked 
| 122|0x0000000711000000, 0x0000000711000000, 0x0000000711200000|  0%| F|  |TAMS 0x0000000711000000| PB 0x0000000711000000| Untracked 
| 123|0x0000000711200000, 0x0000000711200000, 0x0000000711400000|  0%| F|  |TAMS 0x0000000711200000| PB 0x0000000711200000| Untracked 
| 124|0x0000000711400000, 0x0000000711400000, 0x0000000711600000|  0%| F|  |TAMS 0x0000000711400000| PB 0x0000000711400000| Untracked 
| 125|0x0000000711600000, 0x0000000711600000, 0x0000000711800000|  0%| F|  |TAMS 0x0000000711600000| PB 0x0000000711600000| Untracked 
| 126|0x0000000711800000, 0x0000000711800000, 0x0000000711a00000|  0%| F|  |TAMS 0x0000000711800000| PB 0x0000000711800000| Untracked 
| 127|0x0000000711a00000, 0x0000000711a00000, 0x0000000711c00000|  0%| F|  |TAMS 0x0000000711a00000| PB 0x0000000711a00000| Untracked 
| 128|0x0000000711c00000, 0x0000000711c00000, 0x0000000711e00000|  0%| F|  |TAMS 0x0000000711c00000| PB 0x0000000711c00000| Untracked 
| 129|0x0000000711e00000, 0x0000000711e00000, 0x0000000712000000|  0%| F|  |TAMS 0x0000000711e00000| PB 0x0000000711e00000| Untracked 
| 130|0x0000000712000000, 0x0000000712000000, 0x0000000712200000|  0%| F|  |TAMS 0x0000000712000000| PB 0x0000000712000000| Untracked 
| 131|0x0000000712200000, 0x0000000712200000, 0x0000000712400000|  0%| F|  |TAMS 0x0000000712200000| PB 0x0000000712200000| Untracked 
| 132|0x0000000712400000, 0x0000000712400000, 0x0000000712600000|  0%| F|  |TAMS 0x0000000712400000| PB 0x0000000712400000| Untracked 
| 133|0x0000000712600000, 0x0000000712600000, 0x0000000712800000|  0%| F|  |TAMS 0x0000000712600000| PB 0x0000000712600000| Untracked 
| 134|0x0000000712800000, 0x0000000712800000, 0x0000000712a00000|  0%| F|  |TAMS 0x0000000712800000| PB 0x0000000712800000| Untracked 
| 135|0x0000000712a00000, 0x0000000712a00000, 0x0000000712c00000|  0%| F|  |TAMS 0x0000000712a00000| PB 0x0000000712a00000| Untracked 
| 136|0x0000000712c00000, 0x0000000712c00000, 0x0000000712e00000|  0%| F|  |TAMS 0x0000000712c00000| PB 0x0000000712c00000| Untracked 
| 137|0x0000000712e00000, 0x0000000712e00000, 0x0000000713000000|  0%| F|  |TAMS 0x0000000712e00000| PB 0x0000000712e00000| Untracked 
| 138|0x0000000713000000, 0x0000000713000000, 0x0000000713200000|  0%| F|  |TAMS 0x0000000713000000| PB 0x0000000713000000| Untracked 
| 139|0x0000000713200000, 0x0000000713200000, 0x0000000713400000|  0%| F|  |TAMS 0x0000000713200000| PB 0x0000000713200000| Untracked 
| 140|0x0000000713400000, 0x0000000713400000, 0x0000000713600000|  0%| F|  |TAMS 0x0000000713400000| PB 0x0000000713400000| Untracked 
| 141|0x0000000713600000, 0x0000000713600000, 0x0000000713800000|  0%| F|  |TAMS 0x0000000713600000| PB 0x0000000713600000| Untracked 
| 142|0x0000000713800000, 0x0000000713800000, 0x0000000713a00000|  0%| F|  |TAMS 0x0000000713800000| PB 0x0000000713800000| Untracked 
| 143|0x0000000713a00000, 0x0000000713a00000, 0x0000000713c00000|  0%| F|  |TAMS 0x0000000713a00000| PB 0x0000000713a00000| Untracked 
| 144|0x0000000713c00000, 0x0000000713c00000, 0x0000000713e00000|  0%| F|  |TAMS 0x0000000713c00000| PB 0x0000000713c00000| Untracked 
| 145|0x0000000713e00000, 0x0000000713e00000, 0x0000000714000000|  0%| F|  |TAMS 0x0000000713e00000| PB 0x0000000713e00000| Untracked 
| 146|0x0000000714000000, 0x0000000714000000, 0x0000000714200000|  0%| F|  |TAMS 0x0000000714000000| PB 0x0000000714000000| Untracked 
| 147|0x0000000714200000, 0x0000000714200000, 0x0000000714400000|  0%| F|  |TAMS 0x0000000714200000| PB 0x0000000714200000| Untracked 
| 148|0x0000000714400000, 0x0000000714400000, 0x0000000714600000|  0%| F|  |TAMS 0x0000000714400000| PB 0x0000000714400000| Untracked 
| 149|0x0000000714600000, 0x0000000714600000, 0x0000000714800000|  0%| F|  |TAMS 0x0000000714600000| PB 0x0000000714600000| Untracked 
| 150|0x0000000714800000, 0x0000000714800000, 0x0000000714a00000|  0%| F|  |TAMS 0x0000000714800000| PB 0x0000000714800000| Untracked 
| 151|0x0000000714a00000, 0x0000000714a00000, 0x0000000714c00000|  0%| F|  |TAMS 0x0000000714a00000| PB 0x0000000714a00000| Untracked 
| 152|0x0000000714c00000, 0x0000000714c00000, 0x0000000714e00000|  0%| F|  |TAMS 0x0000000714c00000| PB 0x0000000714c00000| Untracked 
| 153|0x0000000714e00000, 0x0000000714e00000, 0x0000000715000000|  0%| F|  |TAMS 0x0000000714e00000| PB 0x0000000714e00000| Untracked 
| 154|0x0000000715000000, 0x0000000715000000, 0x0000000715200000|  0%| F|  |TAMS 0x0000000715000000| PB 0x0000000715000000| Untracked 
| 155|0x0000000715200000, 0x0000000715200000, 0x0000000715400000|  0%| F|  |TAMS 0x0000000715200000| PB 0x0000000715200000| Untracked 
| 156|0x0000000715400000, 0x0000000715400000, 0x0000000715600000|  0%| F|  |TAMS 0x0000000715400000| PB 0x0000000715400000| Untracked 
| 157|0x0000000715600000, 0x0000000715600000, 0x0000000715800000|  0%| F|  |TAMS 0x0000000715600000| PB 0x0000000715600000| Untracked 
| 158|0x0000000715800000, 0x0000000715800000, 0x0000000715a00000|  0%| F|  |TAMS 0x0000000715800000| PB 0x0000000715800000| Untracked 
| 159|0x0000000715a00000, 0x0000000715a00000, 0x0000000715c00000|  0%| F|  |TAMS 0x0000000715a00000| PB 0x0000000715a00000| Untracked 
| 160|0x0000000715c00000, 0x0000000715c00000, 0x0000000715e00000|  0%| F|  |TAMS 0x0000000715c00000| PB 0x0000000715c00000| Untracked 
| 161|0x0000000715e00000, 0x0000000715e00000, 0x0000000716000000|  0%| F|  |TAMS 0x0000000715e00000| PB 0x0000000715e00000| Untracked 
| 162|0x0000000716000000, 0x0000000716000000, 0x0000000716200000|  0%| F|  |TAMS 0x0000000716000000| PB 0x0000000716000000| Untracked 
| 163|0x0000000716200000, 0x0000000716200000, 0x0000000716400000|  0%| F|  |TAMS 0x0000000716200000| PB 0x0000000716200000| Untracked 
| 164|0x0000000716400000, 0x0000000716400000, 0x0000000716600000|  0%| F|  |TAMS 0x0000000716400000| PB 0x0000000716400000| Untracked 
| 165|0x0000000716600000, 0x0000000716600000, 0x0000000716800000|  0%| F|  |TAMS 0x0000000716600000| PB 0x0000000716600000| Untracked 
| 166|0x0000000716800000, 0x0000000716800000, 0x0000000716a00000|  0%| F|  |TAMS 0x0000000716800000| PB 0x0000000716800000| Untracked 
| 167|0x0000000716a00000, 0x0000000716bf1a48, 0x0000000716c00000| 97%| E|  |TAMS 0x0000000716a00000| PB 0x0000000716a00000| Complete 
| 168|0x0000000716c00000, 0x0000000716e00000, 0x0000000716e00000|100%| E|CS|TAMS 0x0000000716c00000| PB 0x0000000716c00000| Complete 
| 169|0x0000000716e00000, 0x0000000717000000, 0x0000000717000000|100%| E|CS|TAMS 0x0000000716e00000| PB 0x0000000716e00000| Complete 
| 170|0x0000000717000000, 0x0000000717200000, 0x0000000717200000|100%| E|CS|TAMS 0x0000000717000000| PB 0x0000000717000000| Complete 
| 171|0x0000000717200000, 0x0000000717400000, 0x0000000717400000|100%| E|CS|TAMS 0x0000000717200000| PB 0x0000000717200000| Complete 
| 172|0x0000000717400000, 0x0000000717600000, 0x0000000717600000|100%| E|CS|TAMS 0x0000000717400000| PB 0x0000000717400000| Complete 

Card table byte_map: [0x000002895a7f0000,0x000002895aff0000] _byte_map_base: 0x0000028956fe2000

Marking Bits: (CMBitMap*) 0x0000028947475d90
 Bits: [0x000002895aff0000, 0x000002895ef80000)

Polling page: 0x0000028946bb0000

Metaspace:

Usage:
  Non-class:    172.34 MB used.
      Class:     21.71 MB used.
       Both:    194.06 MB used.

Virtual space:
  Non-class space:      192.00 MB reserved,     173.19 MB ( 90%) committed,  3 nodes.
      Class space:        1.00 GB reserved,      22.56 MB (  2%) committed,  1 nodes.
             Both:        1.19 GB reserved,     195.75 MB ( 16%) committed. 

Chunk freelists:
   Non-Class:  1.95 MB
       Class:  9.49 MB
        Both:  11.44 MB

MaxMetaspaceSize: unlimited
CompressedClassSpaceSize: 1.00 GB
Initial GC threshold: 21.00 MB
Current GC threshold: 321.19 MB
CDS: on
 - commit_granule_bytes: 65536.
 - commit_granule_words: 8192.
 - virtual_space_node_default_size: 8388608.
 - enlarge_chunks_in_place: 1.
 - use_allocation_guard: 0.


Internal statistics:

num_allocs_failed_limit: 12.
num_arena_births: 3208.
num_arena_deaths: 70.
num_vsnodes_births: 4.
num_vsnodes_deaths: 0.
num_space_committed: 3131.
num_space_uncommitted: 0.
num_chunks_returned_to_freelist: 117.
num_chunks_taken_from_freelist: 10992.
num_chunk_merges: 27.
num_chunk_splits: 7750.
num_chunks_enlarged: 5826.
num_inconsistent_stats: 0.

CodeHeap 'non-profiled nmethods': size=120000Kb used=5890Kb max_used=27899Kb free=114109Kb
 bounds [0x0000028952ac0000, 0x0000028954610000, 0x0000028959ff0000]
CodeHeap 'profiled nmethods': size=120000Kb used=4805Kb max_used=45834Kb free=115194Kb
 bounds [0x000002894aff0000, 0x000002894dcc0000, 0x0000028952520000]
CodeHeap 'non-nmethods': size=5760Kb used=1996Kb max_used=2192Kb free=3763Kb
 bounds [0x0000028952520000, 0x0000028952790000, 0x0000028952ac0000]
 total_blobs=4792 nmethods=3888 adapters=807
 compilation: enabled
              stopped_count=0, restarted_count=0
 full_count=0

Compilation events (20 events):
Event: 3515.708 Thread 0x00000289614b8930 nmethod 139648 0x0000028952c77710 code [0x0000028952c77940, 0x0000028952c782a8]
Event: 3515.709 Thread 0x00000289614b8930 138432   !   4       jdk.internal.loader.AbstractClassLoaderValue::computeIfAbsent (113 bytes)
Event: 3515.727 Thread 0x00000289614b8930 nmethod 138432 0x0000028952d4f490 code [0x0000028952d4f6c0, 0x0000028952d4ff80]
Event: 3515.730 Thread 0x00000289614b8930 139782       4       java.lang.String::length (11 bytes)
Event: 3515.732 Thread 0x00000289614b8930 nmethod 139782 0x0000028953f3dc10 code [0x0000028953f3dda0, 0x0000028953f3de50]
Event: 3515.734 Thread 0x00000289614b8930 139263       4       org.springframework.util.PlaceholderParser::parse (284 bytes)
Event: 3515.740 Thread 0x00000289614be0d0 140843   !   2       sun.nio.ch.SelectorImpl::processDeregisterQueue (145 bytes)
Event: 3515.741 Thread 0x00000289614be0d0 nmethod 140843 0x000002894c876910 code [0x000002894c876b40, 0x000002894c8771c0]
Event: 3515.741 Thread 0x00000289614be0d0 140844   !   2       java.lang.Thread::blockedOn (27 bytes)
Event: 3515.741 Thread 0x00000289614be0d0 nmethod 140844 0x000002894d0bc710 code [0x000002894d0bc8c0, 0x000002894d0bcb20]
Event: 3515.756 Thread 0x00000289614b8930 nmethod 139263 0x0000028953281d90 code [0x0000028953282040, 0x0000028953282f68]
Event: 3515.759 Thread 0x00000289614b8930 140290       4       java.util.Objects::requireNonNull (14 bytes)
Event: 3515.759 Thread 0x00000289614b8930 nmethod 140290 0x00000289543df410 code [0x00000289543df5a0, 0x00000289543df628]
Event: 3515.760 Thread 0x00000289614b8930 140239       4       java.lang.String::equals (56 bytes)
Event: 3515.762 Thread 0x00000289614b8930 nmethod 140239 0x00000289543def10 code [0x00000289543df0a0, 0x00000289543df270]
Event: 3515.763 Thread 0x00000289614b8930 140802       4       org.springframework.util.Assert::notNull (14 bytes)
Event: 3515.764 Thread 0x00000289614b8930 nmethod 140802 0x00000289536a4510 code [0x00000289536a46a0, 0x00000289536a4730]
Event: 3515.766 Thread 0x00000289614b8930 140168       4       java.lang.StringBuilder::append (8 bytes)
Event: 3515.771 Thread 0x000002896d6d18e0 nmethod 138389 0x00000289540ee410 code [0x00000289540ee720, 0x00000289540f1700]
Event: 3515.776 Thread 0x00000289614b8930 nmethod 140168 0x0000028952bb9f10 code [0x0000028952bba100, 0x0000028952bba8c8]

GC Heap History (20 events):
Event: 3461.144 GC heap before
{Heap before GC invocations=131 (full 0):
 garbage-first heap   total 354304K, used 315514K [0x0000000701c00000, 0x0000000800000000)
  region size 2048K, 79 young (161792K), 7 survivors (14336K)
 Metaspace       used 185740K, committed 187328K, reserved 1245184K
  class space    used 21625K, committed 22400K, reserved 1048576K
}
Event: 3461.172 GC heap after
{Heap after GC invocations=132 (full 0):
 garbage-first heap   total 354304K, used 171794K [0x0000000701c00000, 0x0000000800000000)
  region size 2048K, 8 young (16384K), 8 survivors (16384K)
 Metaspace       used 185740K, committed 187328K, reserved 1245184K
  class space    used 21625K, committed 22400K, reserved 1048576K
}
Event: 3470.616 GC heap before
{Heap before GC invocations=132 (full 0):
 garbage-first heap   total 354304K, used 313106K [0x0000000701c00000, 0x0000000800000000)
  region size 2048K, 78 young (159744K), 8 survivors (16384K)
 Metaspace       used 187175K, committed 188864K, reserved 1245184K
  class space    used 21660K, committed 22464K, reserved 1048576K
}
Event: 3470.646 GC heap after
{Heap after GC invocations=133 (full 0):
 garbage-first heap   total 354304K, used 176101K [0x0000000701c00000, 0x0000000800000000)
  region size 2048K, 7 young (14336K), 7 survivors (14336K)
 Metaspace       used 187175K, committed 188864K, reserved 1245184K
  class space    used 21660K, committed 22464K, reserved 1048576K
}
Event: 3494.659 GC heap before
{Heap before GC invocations=134 (full 0):
 garbage-first heap   total 354304K, used 315365K [0x0000000701c00000, 0x0000000800000000)
  region size 2048K, 76 young (155648K), 7 survivors (14336K)
 Metaspace       used 189053K, committed 190720K, reserved 1245184K
  class space    used 21768K, committed 22592K, reserved 1048576K
}
Event: 3494.678 GC heap after
{Heap after GC invocations=135 (full 0):
 garbage-first heap   total 354304K, used 179863K [0x0000000701c00000, 0x0000000800000000)
  region size 2048K, 6 young (12288K), 6 survivors (12288K)
 Metaspace       used 189053K, committed 190720K, reserved 1245184K
  class space    used 21768K, committed 22592K, reserved 1048576K
}
Event: 3496.920 GC heap before
{Heap before GC invocations=135 (full 0):
 garbage-first heap   total 354304K, used 317079K [0x0000000701c00000, 0x0000000800000000)
  region size 2048K, 74 young (151552K), 6 survivors (12288K)
 Metaspace       used 189676K, committed 191360K, reserved 1245184K
  class space    used 21828K, committed 22656K, reserved 1048576K
}
Event: 3496.940 GC heap after
{Heap after GC invocations=136 (full 0):
 garbage-first heap   total 354304K, used 176040K [0x0000000701c00000, 0x0000000800000000)
  region size 2048K, 7 young (14336K), 7 survivors (14336K)
 Metaspace       used 189676K, committed 191360K, reserved 1245184K
  class space    used 21828K, committed 22656K, reserved 1048576K
}
Event: 3499.766 GC heap before
{Heap before GC invocations=136 (full 0):
 garbage-first heap   total 354304K, used 315304K [0x0000000701c00000, 0x0000000800000000)
  region size 2048K, 76 young (155648K), 7 survivors (14336K)
 Metaspace       used 190834K, committed 192512K, reserved 1245184K
  class space    used 21899K, committed 22720K, reserved 1048576K
}
Event: 3499.783 GC heap after
{Heap after GC invocations=137 (full 0):
 garbage-first heap   total 354304K, used 177351K [0x0000000701c00000, 0x0000000800000000)
  region size 2048K, 6 young (12288K), 6 survivors (12288K)
 Metaspace       used 190834K, committed 192512K, reserved 1245184K
  class space    used 21899K, committed 22720K, reserved 1048576K
}
Event: 3502.304 GC heap before
{Heap before GC invocations=138 (full 0):
 garbage-first heap   total 354304K, used 316615K [0x0000000701c00000, 0x0000000800000000)
  region size 2048K, 75 young (153600K), 6 survivors (12288K)
 Metaspace       used 192092K, committed 193792K, reserved 1245184K
  class space    used 21943K, committed 22784K, reserved 1048576K
}
Event: 3502.321 GC heap after
{Heap after GC invocations=139 (full 0):
 garbage-first heap   total 354304K, used 181770K [0x0000000701c00000, 0x0000000800000000)
  region size 2048K, 5 young (10240K), 5 survivors (10240K)
 Metaspace       used 192092K, committed 193792K, reserved 1245184K
  class space    used 21943K, committed 22784K, reserved 1048576K
}
Event: 3517.935 GC heap before
{Heap before GC invocations=139 (full 0):
 garbage-first heap   total 354304K, used 321034K [0x0000000701c00000, 0x0000000800000000)
  region size 2048K, 74 young (151552K), 5 survivors (10240K)
 Metaspace       used 194493K, committed 196160K, reserved 1245184K
  class space    used 22043K, committed 22848K, reserved 1048576K
}
Event: 3517.968 GC heap after
{Heap after GC invocations=140 (full 0):
 garbage-first heap   total 354304K, used 178179K [0x0000000701c00000, 0x0000000800000000)
  region size 2048K, 7 young (14336K), 7 survivors (14336K)
 Metaspace       used 194493K, committed 196160K, reserved 1245184K
  class space    used 22043K, committed 22848K, reserved 1048576K
}
Event: 3521.163 GC heap before
{Heap before GC invocations=140 (full 0):
 garbage-first heap   total 354304K, used 315395K [0x0000000701c00000, 0x0000000800000000)
  region size 2048K, 75 young (153600K), 7 survivors (14336K)
 Metaspace       used 195489K, committed 197184K, reserved 1245184K
  class space    used 22117K, committed 22912K, reserved 1048576K
}
Event: 3521.188 GC heap after
{Heap after GC invocations=141 (full 0):
 garbage-first heap   total 354304K, used 180382K [0x0000000701c00000, 0x0000000800000000)
  region size 2048K, 7 young (14336K), 7 survivors (14336K)
 Metaspace       used 195489K, committed 197184K, reserved 1245184K
  class space    used 22117K, committed 22912K, reserved 1048576K
}
Event: 3523.978 GC heap before
{Heap before GC invocations=142 (full 0):
 garbage-first heap   total 354304K, used 317598K [0x0000000701c00000, 0x0000000800000000)
  region size 2048K, 74 young (151552K), 7 survivors (14336K)
 Metaspace       used 196672K, committed 198336K, reserved 1245184K
  class space    used 22172K, committed 22976K, reserved 1048576K
}
Event: 3523.992 GC heap after
{Heap after GC invocations=143 (full 0):
 garbage-first heap   total 354304K, used 181028K [0x0000000701c00000, 0x0000000800000000)
  region size 2048K, 6 young (12288K), 6 survivors (12288K)
 Metaspace       used 196672K, committed 198336K, reserved 1245184K
  class space    used 22172K, committed 22976K, reserved 1048576K
}
Event: 3526.410 GC heap before
{Heap before GC invocations=143 (full 0):
 garbage-first heap   total 354304K, used 318244K [0x0000000701c00000, 0x0000000800000000)
  region size 2048K, 74 young (151552K), 6 survivors (12288K)
 Metaspace       used 197963K, committed 199680K, reserved 1245184K
  class space    used 22227K, committed 23040K, reserved 1048576K
}
Event: 3526.429 GC heap after
{Heap after GC invocations=144 (full 0):
 garbage-first heap   total 354304K, used 175799K [0x0000000701c00000, 0x0000000800000000)
  region size 2048K, 7 young (14336K), 7 survivors (14336K)
 Metaspace       used 197963K, committed 199680K, reserved 1245184K
  class space    used 22227K, committed 23040K, reserved 1048576K
}

Dll operation events (4 events):
Event: 0.010 Loaded shared library C:\Users\Argenis Parra\.vaadin\jdk\jbrsdk-21.0.6-windows-x64-b895.97\bin\java.dll
Event: 0.042 Loaded shared library C:\Users\Argenis Parra\.vaadin\jdk\jbrsdk-21.0.6-windows-x64-b895.97\bin\zip.dll
Event: 0.047 Loaded shared library C:\Users\Argenis Parra\.vaadin\jdk\jbrsdk-21.0.6-windows-x64-b895.97\bin\jsvml.dll
Event: 21.771 Loaded shared library C:\Users\Argenis Parra\.vaadin\jdk\jbrsdk-21.0.6-windows-x64-b895.97\bin\verify.dll

Deoptimization events (20 events):
Event: 3526.706 Thread 0x0000028961853e10 DEOPT PACKING pc=0x000002894b44321c sp=0x000000ad383fd480
Event: 3526.706 Thread 0x0000028961853e10 DEOPT UNPACKING pc=0x0000028952574e42 sp=0x000000ad383fc988 mode 1
Event: 3526.707 Thread 0x0000028961853e10 DEOPT PACKING pc=0x000002894b44321c sp=0x000000ad383fd480
Event: 3526.707 Thread 0x0000028961853e10 DEOPT UNPACKING pc=0x0000028952574e42 sp=0x000000ad383fc988 mode 1
Event: 3526.707 Thread 0x0000028961853e10 DEOPT PACKING pc=0x000002894b44321c sp=0x000000ad383fd480
Event: 3526.707 Thread 0x0000028961853e10 DEOPT UNPACKING pc=0x0000028952574e42 sp=0x000000ad383fc988 mode 1
Event: 3526.708 Thread 0x0000028961853e10 DEOPT PACKING pc=0x000002894b44321c sp=0x000000ad383fd540
Event: 3526.708 Thread 0x0000028961853e10 DEOPT UNPACKING pc=0x0000028952574e42 sp=0x000000ad383fca48 mode 1
Event: 3526.715 Thread 0x000002896800cdc0 DEOPT PACKING pc=0x000002894b300954 sp=0x000000ad3a4ff160
Event: 3526.715 Thread 0x000002896800cdc0 DEOPT UNPACKING pc=0x0000028952574e42 sp=0x000000ad3a4fe6d8 mode 0
Event: 3526.715 Thread 0x000002896800cdc0 DEOPT PACKING pc=0x000002894bcd7f7c sp=0x000000ad3a4ff460
Event: 3526.715 Thread 0x000002896800cdc0 DEOPT UNPACKING pc=0x0000028952574e42 sp=0x000000ad3a4fe8b0 mode 0
Event: 3526.720 Thread 0x000002896aaf9c70 DEOPT PACKING pc=0x000002894b986219 sp=0x000000ad3a4fed50
Event: 3526.720 Thread 0x000002896aaf9c70 DEOPT UNPACKING pc=0x0000028952574e42 sp=0x000000ad3a4fe210 mode 1
Event: 3526.725 Thread 0x000002896aafa990 DEOPT PACKING pc=0x000002894b986219 sp=0x000000ad401feb30
Event: 3526.725 Thread 0x000002896aafa990 DEOPT UNPACKING pc=0x0000028952574e42 sp=0x000000ad401fdff0 mode 1
Event: 3526.726 Thread 0x000002896aafa990 DEOPT PACKING pc=0x000002894c8d9301 sp=0x000000ad401fe7e0
Event: 3526.726 Thread 0x000002896aafa990 DEOPT UNPACKING pc=0x0000028952574e42 sp=0x000000ad401fdce8 mode 0
Event: 3526.726 Thread 0x000002896aafd780 DEOPT PACKING pc=0x000002894be42132 sp=0x000000ad400fe190
Event: 3526.726 Thread 0x000002896aafd780 DEOPT UNPACKING pc=0x0000028952574e42 sp=0x000000ad400fd5b0 mode 0

Classes loaded (20 events):
Event: 375.734 Loading class java/util/function/IntToDoubleFunction
Event: 375.734 Loading class java/util/function/IntToDoubleFunction done
Event: 375.734 Loading class java/util/function/IntToLongFunction
Event: 375.734 Loading class java/util/function/IntToLongFunction done
Event: 376.887 Loading class java/util/EnumMap$KeySet
Event: 376.890 Loading class java/util/EnumMap$KeySet done
Event: 376.890 Loading class java/util/EnumMap$KeyIterator
Event: 376.891 Loading class java/util/EnumMap$KeyIterator done
Event: 730.591 Loading class jdk/internal/math/FormattedFPDecimal
Event: 730.598 Loading class jdk/internal/math/FormattedFPDecimal done
Event: 2044.728 Loading class jdk/internal/access/JavaAWTAccess
Event: 2044.730 Loading class jdk/internal/access/JavaAWTAccess done
Event: 3009.844 Loading class java/lang/Throwable$WrappedPrintWriter
Event: 3009.844 Loading class java/lang/Throwable$WrappedPrintWriter done
Event: 3010.555 Loading class java/lang/Throwable$WrappedPrintStream
Event: 3010.557 Loading class java/lang/Throwable$WrappedPrintStream done
Event: 3207.201 Loading class java/rmi/server/UnicastRemoteObject
Event: 3207.210 Loading class java/rmi/server/UnicastRemoteObject done
Event: 3505.401 Loading class java/util/ResourceBundle$Control$1
Event: 3505.403 Loading class java/util/ResourceBundle$Control$1 done

Classes unloaded (20 events):
Event: 3257.663 Thread 0x0000028961490500 Unloading class 0x00000289024b8000 'jdk/internal/reflect/GeneratedSerializationConstructorAccessor49'
Event: 3257.663 Thread 0x0000028961490500 Unloading class 0x00000289024b3800 'jdk/internal/reflect/GeneratedSerializationConstructorAccessor48'
Event: 3257.663 Thread 0x0000028961490500 Unloading class 0x00000289024b3000 'jdk/internal/reflect/GeneratedSerializationConstructorAccessor47'
Event: 3257.663 Thread 0x0000028961490500 Unloading class 0x00000289024b2c00 'jdk/internal/reflect/GeneratedSerializationConstructorAccessor46'
Event: 3257.663 Thread 0x0000028961490500 Unloading class 0x0000028902481000 'jdk/internal/reflect/GeneratedSerializationConstructorAccessor45'
Event: 3257.663 Thread 0x0000028961490500 Unloading class 0x0000028902480c00 'jdk/internal/reflect/GeneratedSerializationConstructorAccessor44'
Event: 3257.663 Thread 0x0000028961490500 Unloading class 0x0000028902480800 'jdk/internal/reflect/GeneratedSerializationConstructorAccessor43'
Event: 3257.663 Thread 0x0000028961490500 Unloading class 0x0000028902480400 'jdk/internal/reflect/GeneratedSerializationConstructorAccessor42'
Event: 3257.663 Thread 0x0000028961490500 Unloading class 0x0000028902480000 'jdk/internal/reflect/GeneratedSerializationConstructorAccessor41'
Event: 3257.663 Thread 0x0000028961490500 Unloading class 0x000002890247ec00 'jdk/internal/reflect/GeneratedSerializationConstructorAccessor40'
Event: 3257.663 Thread 0x0000028961490500 Unloading class 0x000002890247cc00 'jdk/internal/reflect/GeneratedSerializationConstructorAccessor39'
Event: 3257.663 Thread 0x0000028961490500 Unloading class 0x000002890247c800 'jdk/internal/reflect/GeneratedSerializationConstructorAccessor38'
Event: 3257.663 Thread 0x0000028961490500 Unloading class 0x0000028902449800 'jdk/internal/reflect/GeneratedSerializationConstructorAccessor37'
Event: 3257.663 Thread 0x0000028961490500 Unloading class 0x0000028902449400 'jdk/internal/reflect/GeneratedSerializationConstructorAccessor36'
Event: 3257.663 Thread 0x0000028961490500 Unloading class 0x0000028902449000 'jdk/internal/reflect/GeneratedSerializationConstructorAccessor35'
Event: 3257.663 Thread 0x0000028961490500 Unloading class 0x0000028902448c00 'jdk/internal/reflect/GeneratedSerializationConstructorAccessor34'
Event: 3257.663 Thread 0x0000028961490500 Unloading class 0x0000028902448800 'jdk/internal/reflect/GeneratedSerializationConstructorAccessor33'
Event: 3257.663 Thread 0x0000028961490500 Unloading class 0x0000028902448400 'jdk/internal/reflect/GeneratedSerializationConstructorAccessor32'
Event: 3257.663 Thread 0x0000028961490500 Unloading class 0x000002890242dc00 'jdk/internal/reflect/GeneratedSerializationConstructorAccessor31'
Event: 3257.663 Thread 0x0000028961490500 Unloading class 0x000002890242d400 'jdk/internal/reflect/GeneratedSerializationConstructorAccessor30'

Classes redefined (20 events):
Event: 3526.801 Thread 0x0000028961490500 redefined class name=com.ideadistribuidora.visus.services.ClientesService$$SpringCGLIB$$18, count=3
Event: 3526.801 Thread 0x0000028961490500 redefined class name=com.ideadistribuidora.visus.services.ProveedoresService$$SpringCGLIB$$21, count=3
Event: 3526.801 Thread 0x0000028961490500 redefined class name=com.ideadistribuidora.visus.services.ProveedoresService$$SpringCGLIB$$22, count=3
Event: 3526.801 Thread 0x0000028961490500 redefined class name=com.ideadistribuidora.visus.services.TransportistasService$$SpringCGLIB$$6, count=4
Event: 3526.801 Thread 0x0000028961490500 redefined class name=com.ideadistribuidora.visus.services.ProveedoresService$$SpringCGLIB$$23, count=3
Event: 3526.802 Thread 0x0000028961490500 redefined class name=com.ideadistribuidora.visus.services.ProveedoresService$$SpringCGLIB$$12, count=5
Event: 3526.802 Thread 0x0000028961490500 redefined class name=com.ideadistribuidora.visus.data.Alicuotas$HibernateProxy, count=9
Event: 3526.802 Thread 0x0000028961490500 redefined class name=com.ideadistribuidora.visus.data.Proveedores$HibernateProxy, count=9
Event: 3526.802 Thread 0x0000028961490500 redefined class name=com.ideadistribuidora.visus.services.ProveedoresService$$SpringCGLIB$$26, count=3
Event: 3526.802 Thread 0x0000028961490500 redefined class name=com.ideadistribuidora.visus.services.ProveedoresService$$SpringCGLIB$$25, count=3
Event: 3526.802 Thread 0x0000028961490500 redefined class name=com.ideadistribuidora.visus.data.Clientes$HibernateProxy, count=9
Event: 3526.802 Thread 0x0000028961490500 redefined class name=com.ideadistribuidora.visus.services.DepartamentosService$$SpringCGLIB$$9, count=3
Event: 3526.802 Thread 0x0000028961490500 redefined class name=com.ideadistribuidora.visus.services.TransportistasService$$SpringCGLIB$$9, count=3
Event: 3526.802 Thread 0x0000028961490500 redefined class name=com.ideadistribuidora.visus.services.ClientesService$$SpringCGLIB$$20, count=3
Event: 3526.802 Thread 0x0000028961490500 redefined class name=com.ideadistribuidora.visus.services.DepartamentosService$$SpringCGLIB$$8, count=3
Event: 3526.802 Thread 0x0000028961490500 redefined class name=com.ideadistribuidora.visus.services.TransportistasService$$SpringCGLIB$$8, count=3
Event: 3526.803 Thread 0x0000028961490500 redefined class name=com.ideadistribuidora.visus.services.ClientesService$$SpringCGLIB$$21, count=2
Event: 3526.803 Thread 0x0000028961490500 redefined class name=com.ideadistribuidora.visus.services.DepartamentosService$$SpringCGLIB$$10, count=2
Event: 3526.803 Thread 0x0000028961490500 redefined class name=com.ideadistribuidora.visus.services.ProveedoresService$$SpringCGLIB$$24, count=3
Event: 3526.803 Thread 0x0000028961490500 redefined class name=jdk.proxy2.$Proxy222, count=9

Internal exceptions (20 events):
Event: 3525.700 Thread 0x0000028961853e10 Exception <a 'java/lang/ClassCastException'{0x0000000711f40880}: class java.io.ObjectStreamClass$Caches$1 cannot be cast to class java.util.Map (java.io.ObjectStreamClass$Caches$1 and java.util.Map are in module java.base of loader 'bootstrap')> (0x0000000711f40880) 
thrown [s\src\hotspot\share\interpreter\interpreterRuntime.cpp, line 455]
Event: 3525.753 Thread 0x0000028961853e10 Exception <a 'java/lang/ClassCastException'{0x0000000711ade700}: class java.io.ObjectStreamClass$Caches$1 cannot be cast to class java.util.Map (java.io.ObjectStreamClass$Caches$1 and java.util.Map are in module java.base of loader 'bootstrap')> (0x0000000711ade700) 
thrown [s\src\hotspot\share\interpreter\interpreterRuntime.cpp, line 455]
Event: 3525.794 Thread 0x0000028961853e10 Exception <a 'java/lang/ClassCastException'{0x00000007116239f8}: class java.io.ObjectStreamClass$Caches$1 cannot be cast to class java.util.Map (java.io.ObjectStreamClass$Caches$1 and java.util.Map are in module java.base of loader 'bootstrap')> (0x00000007116239f8) 
thrown [s\src\hotspot\share\interpreter\interpreterRuntime.cpp, line 455]
Event: 3525.833 Thread 0x0000028961853e10 Exception <a 'java/lang/ClassCastException'{0x000000071150e508}: class java.io.ObjectStreamClass$Caches$1 cannot be cast to class java.util.Map (java.io.ObjectStreamClass$Caches$1 and java.util.Map are in module java.base of loader 'bootstrap')> (0x000000071150e508) 
thrown [s\src\hotspot\share\interpreter\interpreterRuntime.cpp, line 455]
Event: 3525.892 Thread 0x0000028961853e10 Exception <a 'java/lang/ClassCastException'{0x00000007111214b0}: class java.io.ObjectStreamClass$Caches$1 cannot be cast to class java.util.Map (java.io.ObjectStreamClass$Caches$1 and java.util.Map are in module java.base of loader 'bootstrap')> (0x00000007111214b0) 
thrown [s\src\hotspot\share\interpreter\interpreterRuntime.cpp, line 455]
Event: 3525.936 Thread 0x0000028961853e10 Exception <a 'java/lang/ClassCastException'{0x0000000710c1e7f0}: class java.io.ObjectStreamClass$Caches$1 cannot be cast to class java.util.Map (java.io.ObjectStreamClass$Caches$1 and java.util.Map are in module java.base of loader 'bootstrap')> (0x0000000710c1e7f0) 
thrown [s\src\hotspot\share\interpreter\interpreterRuntime.cpp, line 455]
Event: 3525.993 Thread 0x0000028961853e10 Exception <a 'java/lang/ClassCastException'{0x0000000710bd0b50}: class java.io.ObjectStreamClass$Caches$1 cannot be cast to class java.util.Map (java.io.ObjectStreamClass$Caches$1 and java.util.Map are in module java.base of loader 'bootstrap')> (0x0000000710bd0b50) 
thrown [s\src\hotspot\share\interpreter\interpreterRuntime.cpp, line 455]
Event: 3526.004 Thread 0x0000028961853e10 Exception <a 'java/lang/ClassCastException'{0x000000071087b9c0}: class java.io.ObjectStreamClass$Caches$1 cannot be cast to class java.util.Map (java.io.ObjectStreamClass$Caches$1 and java.util.Map are in module java.base of loader 'bootstrap')> (0x000000071087b9c0) 
thrown [s\src\hotspot\share\interpreter\interpreterRuntime.cpp, line 455]
Event: 3526.020 Thread 0x0000028961853e10 Exception <a 'java/lang/ClassCastException'{0x00000007109bd920}: class java.io.ObjectStreamClass$Caches$1 cannot be cast to class java.util.Map (java.io.ObjectStreamClass$Caches$1 and java.util.Map are in module java.base of loader 'bootstrap')> (0x00000007109bd920) 
thrown [s\src\hotspot\share\interpreter\interpreterRuntime.cpp, line 455]
Event: 3526.074 Thread 0x0000028961853e10 Exception <a 'java/lang/ClassCastException'{0x00000007104a5078}: class java.io.ObjectStreamClass$Caches$1 cannot be cast to class java.util.Map (java.io.ObjectStreamClass$Caches$1 and java.util.Map are in module java.base of loader 'bootstrap')> (0x00000007104a5078) 
thrown [s\src\hotspot\share\interpreter\interpreterRuntime.cpp, line 455]
Event: 3526.118 Thread 0x0000028961853e10 Exception <a 'java/lang/ClassCastException'{0x000000071007b758}: class java.io.ObjectStreamClass$Caches$1 cannot be cast to class java.util.Map (java.io.ObjectStreamClass$Caches$1 and java.util.Map are in module java.base of loader 'bootstrap')> (0x000000071007b758) 
thrown [s\src\hotspot\share\interpreter\interpreterRuntime.cpp, line 455]
Event: 3526.141 Thread 0x0000028961853e10 Exception <a 'java/lang/ClassCastException'{0x000000070fe2bdb8}: class java.io.ObjectStreamClass$Caches$1 cannot be cast to class java.util.Map (java.io.ObjectStreamClass$Caches$1 and java.util.Map are in module java.base of loader 'bootstrap')> (0x000000070fe2bdb8) 
thrown [s\src\hotspot\share\interpreter\interpreterRuntime.cpp, line 455]
Event: 3526.203 Thread 0x0000028961853e10 Exception <a 'java/lang/ClassCastException'{0x000000070fdac9f8}: class java.io.ObjectStreamClass$Caches$1 cannot be cast to class java.util.Map (java.io.ObjectStreamClass$Caches$1 and java.util.Map are in module java.base of loader 'bootstrap')> (0x000000070fdac9f8) 
thrown [s\src\hotspot\share\interpreter\interpreterRuntime.cpp, line 455]
Event: 3526.244 Thread 0x0000028961853e10 Exception <a 'java/lang/ClassCastException'{0x000000070f8c4cd0}: class java.io.ObjectStreamClass$Caches$1 cannot be cast to class java.util.Map (java.io.ObjectStreamClass$Caches$1 and java.util.Map are in module java.base of loader 'bootstrap')> (0x000000070f8c4cd0) 
thrown [s\src\hotspot\share\interpreter\interpreterRuntime.cpp, line 455]
Event: 3526.308 Thread 0x0000028961853e10 Exception <a 'java/lang/ClassCastException'{0x000000070f4bb030}: class java.io.ObjectStreamClass$Caches$1 cannot be cast to class java.util.Map (java.io.ObjectStreamClass$Caches$1 and java.util.Map are in module java.base of loader 'bootstrap')> (0x000000070f4bb030) 
thrown [s\src\hotspot\share\interpreter\interpreterRuntime.cpp, line 455]
Event: 3526.339 Thread 0x0000028961853e10 Exception <a 'java/lang/ClassCastException'{0x000000070f321e98}: class java.io.ObjectStreamClass$Caches$1 cannot be cast to class java.util.Map (java.io.ObjectStreamClass$Caches$1 and java.util.Map are in module java.base of loader 'bootstrap')> (0x000000070f321e98) 
thrown [s\src\hotspot\share\interpreter\interpreterRuntime.cpp, line 455]
Event: 3526.379 Thread 0x0000028961853e10 Exception <a 'java/lang/ClassCastException'{0x000000070ec38b50}: class java.io.ObjectStreamClass$Caches$1 cannot be cast to class java.util.Map (java.io.ObjectStreamClass$Caches$1 and java.util.Map are in module java.base of loader 'bootstrap')> (0x000000070ec38b50) 
thrown [s\src\hotspot\share\interpreter\interpreterRuntime.cpp, line 455]
Event: 3526.549 Thread 0x0000028961853e10 Exception <a 'java/lang/ClassCastException'{0x00000007173b46b0}: class java.io.ObjectStreamClass$Caches$1 cannot be cast to class java.util.Map (java.io.ObjectStreamClass$Caches$1 and java.util.Map are in module java.base of loader 'bootstrap')> (0x00000007173b46b0) 
thrown [s\src\hotspot\share\interpreter\interpreterRuntime.cpp, line 455]
Event: 3526.627 Thread 0x0000028961853e10 Exception <a 'java/lang/ClassCastException'{0x0000000716ef7190}: class java.io.ObjectStreamClass$Caches$1 cannot be cast to class java.util.Map (java.io.ObjectStreamClass$Caches$1 and java.util.Map are in module java.base of loader 'bootstrap')> (0x0000000716ef7190) 
thrown [s\src\hotspot\share\interpreter\interpreterRuntime.cpp, line 455]
Event: 3526.697 Thread 0x0000028961853e10 Exception <a 'java/lang/ClassCastException'{0x0000000716da1638}: class java.io.ObjectStreamClass$Caches$1 cannot be cast to class java.util.Map (java.io.ObjectStreamClass$Caches$1 and java.util.Map are in module java.base of loader 'bootstrap')> (0x0000000716da1638) 
thrown [s\src\hotspot\share\interpreter\interpreterRuntime.cpp, line 455]

ZGC Phase Switch (0 events):
No events

VM Operations (20 events):
Event: 3517.890 Executing VM operation: Cleanup done
Event: 3517.935 Executing VM operation: G1CollectForAllocation (G1 Evacuation Pause)
Event: 3517.969 Executing VM operation: G1CollectForAllocation (G1 Evacuation Pause) done
Event: 3518.982 Executing VM operation: Cleanup
Event: 3518.983 Executing VM operation: Cleanup done
Event: 3519.983 Executing VM operation: Cleanup
Event: 3520.007 Executing VM operation: Cleanup done
Event: 3521.163 Executing VM operation: G1CollectForAllocation (G1 Evacuation Pause)
Event: 3521.188 Executing VM operation: G1CollectForAllocation (G1 Evacuation Pause) done
Event: 3521.742 Executing VM operation: G1PauseRemark
Event: 3521.786 Executing VM operation: G1PauseRemark done
Event: 3522.088 Executing VM operation: G1PauseCleanup
Event: 3522.089 Executing VM operation: G1PauseCleanup done
Event: 3523.978 Executing VM operation: G1CollectForAllocation (G1 Evacuation Pause)
Event: 3523.992 Executing VM operation: G1CollectForAllocation (G1 Evacuation Pause) done
Event: 3526.000 Executing VM operation: Cleanup
Event: 3526.001 Executing VM operation: Cleanup done
Event: 3526.402 Executing VM operation: G1CollectForAllocation (G1 Evacuation Pause)
Event: 3526.429 Executing VM operation: G1CollectForAllocation (G1 Evacuation Pause) done
Event: 3526.784 Executing VM operation: RedefineClasses (Heap Inspection Initiated GC)

Memory protections (0 events):
No events

Nmethod flushes (20 events):
Event: 3521.781 Thread 0x0000028961490500 flushing  nmethod 0x000002894db73e90
Event: 3521.781 Thread 0x0000028961490500 flushing  nmethod 0x000002894db75890
Event: 3521.781 Thread 0x0000028961490500 flushing  nmethod 0x000002894db75d10
Event: 3521.781 Thread 0x0000028961490500 flushing  nmethod 0x000002894db76290
Event: 3521.781 Thread 0x0000028961490500 flushing  nmethod 0x000002894dbacb10
Event: 3521.781 Thread 0x0000028961490500 flushing  nmethod 0x000002894dbace90
Event: 3521.781 Thread 0x0000028961490500 flushing  nmethod 0x000002894dbad410
Event: 3521.781 Thread 0x0000028961490500 flushing  nmethod 0x000002894dbad990
Event: 3521.781 Thread 0x0000028961490500 flushing  nmethod 0x000002894dbae210
Event: 3521.781 Thread 0x0000028961490500 flushing  nmethod 0x000002894dbae710
Event: 3521.781 Thread 0x0000028961490500 flushing  nmethod 0x000002894dbaf110
Event: 3521.781 Thread 0x0000028961490500 flushing  nmethod 0x000002894dbb0d10
Event: 3521.781 Thread 0x0000028961490500 flushing  nmethod 0x000002894dbb1990
Event: 3521.781 Thread 0x0000028961490500 flushing  nmethod 0x000002894dbc3f90
Event: 3521.781 Thread 0x0000028961490500 flushing  nmethod 0x000002894dbc4690
Event: 3521.781 Thread 0x0000028961490500 flushing  nmethod 0x000002894dbc5890
Event: 3521.781 Thread 0x0000028961490500 flushing  nmethod 0x000002894dbc5c90
Event: 3521.781 Thread 0x0000028961490500 flushing  nmethod 0x000002894dbc7390
Event: 3521.781 Thread 0x0000028961490500 flushing  nmethod 0x000002894dbcbc10
Event: 3521.781 Thread 0x0000028961490500 flushing  nmethod 0x000002894dbcc710

Events (20 events):
Event: 3526.620 Thread 0x000002896aafd780 Thread exited: 0x000002896aafd780
Event: 3526.622 Thread 0x000002896aaf9c70 Thread exited: 0x000002896aaf9c70
Event: 3526.715 Thread 0x000002896800cdc0 Thread exited: 0x000002896800cdc0
Event: 3526.718 Thread 0x00000289668f0b80 Thread added: 0x000002896aaf9c70
Event: 3526.718 Thread 0x00000289668f0b80 Thread added: 0x000002896aafd780
Event: 3526.718 Thread 0x00000289668f0b80 Thread added: 0x000002896aafa990
Event: 3526.718 Thread 0x00000289668f0b80 Thread added: 0x000002896aaff850
Event: 3526.719 Thread 0x00000289668f0b80 Thread added: 0x000002896aafe4a0
Event: 3526.719 Thread 0x00000289668f0b80 Thread added: 0x000002896aafeb30
Event: 3526.719 Thread 0x00000289668f0b80 Thread added: 0x000002896aaf8f50
Event: 3526.719 Thread 0x00000289668f0b80 Thread added: 0x000002896ab01920
Event: 3526.722 Thread 0x000002896aaf9c70 Thread exited: 0x000002896aaf9c70
Event: 3526.726 Thread 0x000002896aafa990 Thread exited: 0x000002896aafa990
Event: 3526.728 Thread 0x000002896aaff850 Thread exited: 0x000002896aaff850
Event: 3526.731 Thread 0x000002896aafd780 Thread exited: 0x000002896aafd780
Event: 3526.732 Thread 0x000002896801c720 Thread added: 0x000002896aaff850
Event: 3526.732 Thread 0x000002896aafe4a0 Thread exited: 0x000002896aafe4a0
Event: 3526.734 Thread 0x000002896aafeb30 Thread exited: 0x000002896aafeb30
Event: 3526.736 Thread 0x000002896aaf8f50 Thread exited: 0x000002896aaf8f50
Event: 3526.753 Thread 0x000002896ab01920 Thread exited: 0x000002896ab01920


Dynamic libraries:
0x00007ff768d00000 - 0x00007ff768d0a000 	C:\Users\Argenis Parra\.vaadin\jdk\jbrsdk-21.0.6-windows-x64-b895.97\bin\java.exe
0x00007ffcc7750000 - 0x00007ffcc7948000 	C:\Windows\SYSTEM32\ntdll.dll
0x00007ffcc5870000 - 0x00007ffcc5932000 	C:\Windows\System32\KERNEL32.DLL
0x00007ffcc53a0000 - 0x00007ffcc5696000 	C:\Windows\System32\KERNELBASE.dll
0x00007ffcc5020000 - 0x00007ffcc5120000 	C:\Windows\System32\ucrtbase.dll
0x00007ffcb1790000 - 0x00007ffcb17ab000 	C:\Users\Argenis Parra\.vaadin\jdk\jbrsdk-21.0.6-windows-x64-b895.97\bin\VCRUNTIME140.dll
0x00007ffcb1770000 - 0x00007ffcb1788000 	C:\Users\Argenis Parra\.vaadin\jdk\jbrsdk-21.0.6-windows-x64-b895.97\bin\jli.dll
0x00007ffcc5f50000 - 0x00007ffcc60ed000 	C:\Windows\System32\USER32.dll
0x00007ffcc4ff0000 - 0x00007ffcc5012000 	C:\Windows\System32\win32u.dll
0x00007ffcc5840000 - 0x00007ffcc586b000 	C:\Windows\System32\GDI32.dll
0x00007ffcb1f40000 - 0x00007ffcb21da000 	C:\Windows\WinSxS\amd64_microsoft.windows.common-controls_6595b64144ccf1df_6.0.19041.5915_none_60b4b9d171f9c7c7\COMCTL32.dll
0x00007ffcc5200000 - 0x00007ffcc5319000 	C:\Windows\System32\gdi32full.dll
0x00007ffcc6520000 - 0x00007ffcc65be000 	C:\Windows\System32\msvcrt.dll
0x00007ffcc56a0000 - 0x00007ffcc573d000 	C:\Windows\System32\msvcp_win.dll
0x00007ffcc6640000 - 0x00007ffcc666f000 	C:\Windows\System32\IMM32.DLL
0x00007ffcabef0000 - 0x00007ffcabefc000 	C:\Users\Argenis Parra\.vaadin\jdk\jbrsdk-21.0.6-windows-x64-b895.97\bin\vcruntime140_1.dll
0x00007ffca55f0000 - 0x00007ffca567d000 	C:\Users\Argenis Parra\.vaadin\jdk\jbrsdk-21.0.6-windows-x64-b895.97\bin\msvcp140.dll
0x00007ffc86a60000 - 0x00007ffc87821000 	C:\Users\Argenis Parra\.vaadin\jdk\jbrsdk-21.0.6-windows-x64-b895.97\bin\server\jvm.dll
0x00007ffcc5770000 - 0x00007ffcc5821000 	C:\Windows\System32\ADVAPI32.dll
0x00007ffcc6880000 - 0x00007ffcc691f000 	C:\Windows\System32\sechost.dll
0x00007ffcc66d0000 - 0x00007ffcc67f3000 	C:\Windows\System32\RPCRT4.dll
0x00007ffcc5740000 - 0x00007ffcc5767000 	C:\Windows\System32\bcrypt.dll
0x00007ffcc7290000 - 0x00007ffcc72fb000 	C:\Windows\System32\WS2_32.dll
0x00007ffcc4330000 - 0x00007ffcc437b000 	C:\Windows\SYSTEM32\POWRPROF.dll
0x00007ffcb77e0000 - 0x00007ffcb77ea000 	C:\Windows\SYSTEM32\VERSION.dll
0x00007ffcae450000 - 0x00007ffcae477000 	C:\Windows\SYSTEM32\WINMM.dll
0x00007ffcc41a0000 - 0x00007ffcc41b2000 	C:\Windows\SYSTEM32\UMPDC.dll
0x00007ffcc35c0000 - 0x00007ffcc35d2000 	C:\Windows\SYSTEM32\kernel.appcore.dll
0x00007ffcabee0000 - 0x00007ffcabeea000 	C:\Users\Argenis Parra\.vaadin\jdk\jbrsdk-21.0.6-windows-x64-b895.97\bin\jimage.dll
0x00007ffcc2bb0000 - 0x00007ffcc2db1000 	C:\Windows\SYSTEM32\DBGHELP.DLL
0x00007ffca8420000 - 0x00007ffca8454000 	C:\Windows\SYSTEM32\dbgcore.DLL
0x00007ffcc5170000 - 0x00007ffcc51f2000 	C:\Windows\System32\bcryptPrimitives.dll
0x00007ffcaa910000 - 0x00007ffcaa94c000 	C:\Users\Argenis Parra\.vaadin\jdk\jbrsdk-21.0.6-windows-x64-b895.97\bin\jdwp.dll
0x00007ffcabdf0000 - 0x00007ffcabdfe000 	C:\Users\Argenis Parra\.vaadin\jdk\jbrsdk-21.0.6-windows-x64-b895.97\bin\instrument.dll
0x00007ffcaae20000 - 0x00007ffcaae40000 	C:\Users\Argenis Parra\.vaadin\jdk\jbrsdk-21.0.6-windows-x64-b895.97\bin\java.dll
0x00007ffcc6b20000 - 0x00007ffcc728e000 	C:\Windows\System32\SHELL32.dll
0x00007ffcc2e00000 - 0x00007ffcc35a4000 	C:\Windows\SYSTEM32\windows.storage.dll
0x00007ffcc7300000 - 0x00007ffcc7653000 	C:\Windows\System32\combase.dll
0x00007ffcc4730000 - 0x00007ffcc475b000 	C:\Windows\SYSTEM32\Wldp.dll
0x00007ffcc5940000 - 0x00007ffcc5a0d000 	C:\Windows\System32\OLEAUT32.dll
0x00007ffcc7660000 - 0x00007ffcc770d000 	C:\Windows\System32\SHCORE.dll
0x00007ffcc5ef0000 - 0x00007ffcc5f4b000 	C:\Windows\System32\shlwapi.dll
0x00007ffcc4d10000 - 0x00007ffcc4d35000 	C:\Windows\SYSTEM32\profapi.dll
0x00007ffca95f0000 - 0x00007ffca9608000 	C:\Users\Argenis Parra\.vaadin\jdk\jbrsdk-21.0.6-windows-x64-b895.97\bin\zip.dll
0x00007ffca5510000 - 0x00007ffca55e7000 	C:\Users\Argenis Parra\.vaadin\jdk\jbrsdk-21.0.6-windows-x64-b895.97\bin\jsvml.dll
0x00007ffcaa900000 - 0x00007ffcaa90b000 	C:\Users\Argenis Parra\.vaadin\jdk\jbrsdk-21.0.6-windows-x64-b895.97\bin\dt_socket.dll
0x00007ffcc41c0000 - 0x00007ffcc41fb000 	C:\Windows\SYSTEM32\IPHLPAPI.DLL
0x00007ffcc4510000 - 0x00007ffcc457a000 	C:\Windows\system32\mswsock.dll
0x00007ffcc4210000 - 0x00007ffcc42da000 	C:\Windows\SYSTEM32\DNSAPI.dll
0x00007ffcc5830000 - 0x00007ffcc5838000 	C:\Windows\System32\NSI.dll
0x00007ffcaf8d0000 - 0x00007ffcaf8da000 	C:\Windows\System32\rasadhlp.dll
0x00007ffcb24f0000 - 0x00007ffcb2570000 	C:\Windows\System32\fwpuclnt.dll
0x00007ffcb17c0000 - 0x00007ffcb17d0000 	C:\Users\Argenis Parra\.vaadin\jdk\jbrsdk-21.0.6-windows-x64-b895.97\bin\net.dll
0x00007ffcba600000 - 0x00007ffcba70a000 	C:\Windows\SYSTEM32\WINHTTP.dll
0x00007ffca95d0000 - 0x00007ffca95e6000 	C:\Users\Argenis Parra\.vaadin\jdk\jbrsdk-21.0.6-windows-x64-b895.97\bin\nio.dll
0x00007ffcb17b0000 - 0x00007ffcb17b9000 	C:\Users\Argenis Parra\.vaadin\jdk\jbrsdk-21.0.6-windows-x64-b895.97\bin\management.dll
0x00007ffcaa5d0000 - 0x00007ffcaa5db000 	C:\Users\Argenis Parra\.vaadin\jdk\jbrsdk-21.0.6-windows-x64-b895.97\bin\management_ext.dll
0x00007ffcc5e80000 - 0x00007ffcc5e88000 	C:\Windows\System32\PSAPI.DLL
0x00007ffca8800000 - 0x00007ffca8817000 	C:\Windows\system32\napinsp.dll
0x00007ffca87e0000 - 0x00007ffca87fb000 	C:\Windows\system32\pnrpnsp.dll
0x00007ffcbf180000 - 0x00007ffcbf19d000 	C:\Windows\system32\NLAapi.dll
0x00007ffcc1120000 - 0x00007ffcc113d000 	C:\Windows\system32\wshbth.dll
0x00007ffca87c0000 - 0x00007ffca87d2000 	C:\Windows\System32\winrnr.dll
0x00007ffcc4770000 - 0x00007ffcc4788000 	C:\Windows\SYSTEM32\CRYPTSP.dll
0x00007ffcc3de0000 - 0x00007ffcc3e18000 	C:\Windows\system32\rsaenh.dll
0x00007ffcc4c90000 - 0x00007ffcc4cbe000 	C:\Windows\SYSTEM32\USERENV.dll
0x00007ffcc46a0000 - 0x00007ffcc46ac000 	C:\Windows\SYSTEM32\CRYPTBASE.dll
0x00007ffcaa5a0000 - 0x00007ffcaa5a9000 	C:\Users\Argenis Parra\.vaadin\jdk\jbrsdk-21.0.6-windows-x64-b895.97\bin\extnet.dll
0x00007ffca99e0000 - 0x00007ffca99ee000 	C:\Users\Argenis Parra\.vaadin\jdk\jbrsdk-21.0.6-windows-x64-b895.97\bin\sunmscapi.dll
0x00007ffcc4e90000 - 0x00007ffcc4fed000 	C:\Windows\System32\CRYPT32.dll
0x00007ffcc4880000 - 0x00007ffcc48a7000 	C:\Windows\SYSTEM32\ncrypt.dll
0x00007ffcc4840000 - 0x00007ffcc487b000 	C:\Windows\SYSTEM32\NTASN1.dll
0x00007ffca9540000 - 0x00007ffca9550000 	C:\Users\Argenis Parra\.vaadin\jdk\jbrsdk-21.0.6-windows-x64-b895.97\bin\verify.dll
0x00007ffca5fd0000 - 0x00007ffca6019000 	C:\Users\Argenis Parra\AppData\Local\Temp\jna--1799500199\jna17209299254716781570.dll
0x00007ffcc6350000 - 0x00007ffcc647b000 	C:\Windows\System32\Ole32.dll
0x00007ffcc60f0000 - 0x00007ffcc6199000 	C:\Windows\System32\clbcatq.dll
0x00007ffcaf900000 - 0x00007ffcaf91f000 	C:\Windows\SYSTEM32\amsi.dll
0x00007ffcae7b0000 - 0x00007ffcae84b000 	C:\ProgramData\Microsoft\Windows Defender\Platform\4.18.25050.5-0\MpOav.dll
0x00007ffcb05f0000 - 0x00007ffcb05f7000 	C:\Windows\system32\wshunix.dll

dbghelp: loaded successfully - version: 4.0.5 - missing functions: none
symbol engine: initialized successfully - sym options: 0x614 - pdb path: .;C:\Users\Argenis Parra\.vaadin\jdk\jbrsdk-21.0.6-windows-x64-b895.97\bin;C:\Windows\SYSTEM32;C:\Windows\WinSxS\amd64_microsoft.windows.common-controls_6595b64144ccf1df_6.0.19041.5915_none_60b4b9d171f9c7c7;C:\Users\Argenis Parra\.vaadin\jdk\jbrsdk-21.0.6-windows-x64-b895.97\bin\server;C:\Users\Argenis Parra\AppData\Local\Temp\jna--1799500199;C:\ProgramData\Microsoft\Windows Defender\Platform\4.18.25050.5-0

VM Arguments:
jvm_args: -agentlib:jdwp=transport=dt_socket,server=n,suspend=y,address=localhost:50938 -XX:+AllowEnhancedClassRedefinition -XX:+ClassUnloading -XX:HotswapAgent=fatjar -XX:+ShowCodeDetailsInExceptionMessages -Dspring.jmx.enabled=true -Dmanagement.endpoints.jmx.exposure.include=* -Dspring.application.admin.enabled=true -Dspring.boot.project.name=undefined -Djava.rmi.server.hostname=localhost -Dcom.sun.management.jmxremote.port=45556 -Dcom.sun.management.jmxremote.authenticate=false -Dcom.sun.management.jmxremote.ssl=false 
java_command: com.ideadistribuidora.visus.Application
java_class_path (initial): C:\proyectos\Visus-project-v2\target\classes;C:\Users\Argenis Parra\.m2\repository\org\springframework\boot\spring-boot-starter-actuator\3.4.5\spring-boot-starter-actuator-3.4.5.jar;C:\Users\Argenis Parra\.m2\repository\org\springframework\boot\spring-boot-starter\3.4.5\spring-boot-starter-3.4.5.jar;C:\Users\Argenis Parra\.m2\repository\org\springframework\boot\spring-boot-starter-logging\3.4.5\spring-boot-starter-logging-3.4.5.jar;C:\Users\Argenis Parra\.m2\repository\ch\qos\logback\logback-classic\1.5.18\logback-classic-1.5.18.jar;C:\Users\Argenis Parra\.m2\repository\ch\qos\logback\logback-core\1.5.18\logback-core-1.5.18.jar;C:\Users\Argenis Parra\.m2\repository\org\apache\logging\log4j\log4j-to-slf4j\2.24.3\log4j-to-slf4j-2.24.3.jar;C:\Users\Argenis Parra\.m2\repository\org\apache\logging\log4j\log4j-api\2.24.3\log4j-api-2.24.3.jar;C:\Users\Argenis Parra\.m2\repository\org\slf4j\jul-to-slf4j\2.0.17\jul-to-slf4j-2.0.17.jar;C:\Users\Argenis Parra\.m2\repository\jakarta\annotation\jakarta.annotation-api\2.1.1\jakarta.annotation-api-2.1.1.jar;C:\Users\Argenis Parra\.m2\repository\org\yaml\snakeyaml\2.3\snakeyaml-2.3.jar;C:\Users\Argenis Parra\.m2\repository\org\springframework\boot\spring-boot-actuator-autoconfigure\3.4.5\spring-boot-actuator-autoconfigure-3.4.5.jar;C:\Users\Argenis Parra\.m2\repository\org\springframework\boot\spring-boot-actuator\3.4.5\spring-boot-actuator-3.4.5.jar;C:\Users\Argenis Parra\.m2\repository\com\fasterxml\jackson\datatype\jackson-datatype-jsr310\2.18.3\jackson-datatype-jsr310-2.18.3.jar;C:\Users\Argenis Parra\.m2\repository\io\micrometer\micrometer-observation\1.14.6\micrometer-observation-1.14.6.jar;C:\Users\Argenis Parra\.m2\repository\io\micrometer\micrometer-commons\1.14.6\micrometer-commons-1.14.6.jar;C:\Users\Argenis Parra\.m2\repository\io\micrometer\micrometer-jakarta9\1.14.6\micrometer-jakarta9-1.14.6.jar;C:\Users\Argenis Parra\.m2\repository\io\micrometer\micrometer-core\1.14.6\micrometer-core-1.14.6.jar;C:\Users\Argenis Parra\.m2\repository\org\hdrhistogram\HdrHistogram\2.2.2\HdrHistogram-2.2.2.jar;C:\Users\Argenis Parra\.m2\repository\org\latencyutils\LatencyUtils\2.0.3\LatencyUtils-2.0.3.jar;C:\Users\Argenis Parra\.m2\repository\com\vaadin\vaadin\24.7.3\vaadin-24.7.3.jar;C:\Users\Argenis Parra\.m2\repository\com\vaadin\vaadin-internal\24.7.3\vaadin-internal-24.7.3.jar;C:\Users\Argenis Parra\.m2\repository\com\vaadin\vaadin-core-internal\24.7.3\vaadin-core-internal-24.7.3.jar;C:\Users\Argenis Parra\.m2\repository\com\vaadin\flow-lit-template\24.7.5\flow-lit-template-24.7.5.jar;C:\Users\Argenis Parra\.m2\repository\com\vaadin\flow-react\24.7.5\flow-react-24.7.5.jar;C:\Users\Argenis Parra\.m2\repository\com\vaadin\flow-html-components\24.7.5\flow-html-components-24.7.5.jar;C:\Users\Argenis Parra\.m2\repository\com\vaadin\flow-data\24.7.5\flow-data-24.7.5.jar;C:\Users\Argenis Parra\.m2\repository\com\vaadin\flow-dnd\24.7.5\flow-dnd-24.7.5.jar;C:\Users\Argenis Parra\.m2\repository\com\vaadin\vaadin-lumo-theme\24.7.3\vaadin-lumo-theme-24.7.3.jar;C:\Users\Argenis Parra\.m2\repository\com\vaadin\vaadin-icons-flow\24.7.3\vaadin-icons-flow-24.7.3.jar;C:\Users\Argenis Parra\.m2\repository\com\vaadin\vaadin-material-theme\24.7.3\vaadin-material-theme-24.7.3.jar;C:\Users\Argenis Parra\.m2\repository\com\vaadin\vaadin-core-components\24.7.3\vaadin-core-components-24.7.3.jar;C:\Users\Argenis Parra\.m2\repository\com\vaadin\vaadin-accordion-flow\24.7.3\vaadin-accordion-flow-24.7.3.jar;C:\Users\Argenis Parra\.m2\repository\com\vaadin\vaadin-avatar-flow\24.7.3\vaadin-avatar-flow-24.7.3.jar;C:\Users\Argenis Parra\.m2\repository\com\vaadin\vaadin-card-flow\24.7.3\vaadin-card-flow-24.7.3.jar;C:\Users\Argenis Parra\.m2\repository\com\vaadin\vaadin-checkbox-flow\24.7.3\vaadin-checkbox-flow-24.7.3.jar;C:\Users\Argenis Parra\.m2\repository\com\vaadin\vaadin-combo-box-flow\24.7.3\vaadin-combo-box-flow-24.7.3.jar;C:\Users\Argenis Parra\.m2\repository\com\vaadin\vaadin-confirm-dialog-flow\24.7.3\vaadin-confirm-dialog-flow-24.7.3.jar;C:\Users\Argenis Parra\.m2\repository\com\vaadin\vaadin-custom-field-flow\24.7.3\vaadin-custom-field-flow-24.7.3.jar;C:\Users\Argenis Parra\.m2\repository\com\vaadin\vaadin-date-picker-flow\24.7.3\vaadin-date-picker-flow-24.7.3.jar;C:\Users\Argenis Parra\.m2\repository\com\vaadin\vaadin-date-time-picker-flow\24.7.3\vaadin-date-time-picker-flow-24.7.3.jar;C:\Users\Argenis Parra\.m2\repository\com\vaadin\vaadin-details-flow\24.7.3\vaadin-details-flow-24.7.3.jar;C:\Users\Argenis Parra\.m2\repository\com\vaadin\vaadin-time-picker-flow\24.7.3\vaadin-time-picker-flow-24.7.3.jar;C:\Users\Argenis Parra\.m2\repository\com\vaadin\vaadin-select-flow\24.7.3\vaadin-select-flow-24.7.3.jar;C:\Users\Argenis Parra\.m2\repository\com\vaadin\vaadin-side-nav-flow\24.7.3\vaadin-side-nav-flow-24.7.3.jar;C:\Users\Argenis Parra\.m2\repository\com\vaadin\vaadin-dialog-flow\24.7.3\vaadin-dialog-flow-24.7.3.jar;C:\Users\Argenis Parra\.m2\repository\com\vaadin\vaadin-form-layout-flow\24.7.3\vaadin-form-layout-flow-24.7.3.jar;C:\Users\Argenis Parra\.m2\repository\com\vaadin\vaadin-field-highlighter-flow\24.7.3\vaadin-field-highlighter-flow-24.7.3.jar;C:\Users\Argenis Parra\.m2\repository\com\vaadin\vaadin-virtual-list-flow\24.7.3\vaadin-virtual-list-flow-24.7.3.jar;C:\Users\Argenis Parra\.m2\repository\com\vaadin\vaadin-list-box-flow\24.7.3\vaadin-list-box-flow-24.7.3.jar;C:\Users\Argenis Parra\.m2\repository\com\vaadin\vaadin-login-flow\24.7.3\vaadin-login-flow-24.7.3.jar;C:\Users\Argenis Parra\.m2\repository\com\vaadin\vaadin-messages-flow\24.7.3\vaadin-messages-flow-24.7.3.jar;C:\Users\Argenis Parra\.m2\repository\com\vaadin\vaadin-ordered-layout-flow\24.7.3\vaadin-ordered-layout-flow-24.7.3.jar;C:\Users\Argenis Parra\.m2\repository\com\vaadin\vaadin-progress-bar-flow\24.7.3\vaadin-progress-bar-flow-24.7.3.jar;C:\Users\Argenis Parra\.m2\repository\com\vaadin\vaadin-popover-flow\24.7.3\vaadin-popover-flow-24.7.3.jar;C:\Users\Argenis Parra\.m2\repository\com\vaadin\vaadin-radio-button-flow\24.7.3\vaadin-radio-button-flow-24.7.3.jar;C:\Users\Argenis Parra\.m2\repository\com\vaadin\vaadin-split-layout-flow\24.7.3\vaadin-split-layout-flow-24.7.3.jar;C:\Users\Argenis Parra\.m2\repository\com\vaadin\vaadin-tabs-flow\24.7.3\vaadin-tabs-flow-24.7.3.jar;C:\Users\Argenis Parra\.m2\repository\com\vaadin\vaadin-upload-flow\24.7.3\vaadin-upload-flow-24.7.3.jar;C:\Users\Argenis Parra\.m2\repository\com\vaadin\vaadin-notification-flow\24.7.3\vaadin-notification-flow-24.7.3.jar;C:\Users\Argenis Parra\.m2\repository\com\vaadin\vaadin-app-layout-flow\24.7.3\vaadin-app-layout-flow-24.7.3.jar;C:\Users\Argenis Parra\.m2\repository\com\vaadin\vaadin-context-menu-flow\24.7.3\vaadin-context-menu-flow-24.7.3.jar;C:\Users\Argenis Parra\.m2\repository\com\vaadin\vaadin-menu-bar-flow\24.7.3\vaadin-menu-bar-flow-24.7.3.jar;C:\Users\Argenis Parra\.m2\repository\com\vaadin\collaboration-engine\6.4.0\collaboration-engine-6.4.0.jar;C:\Users\Argenis Parra\.m2\repository\com\vaadin\vaadin-board-flow\24.7.3\vaadin-board-flow-24.7.3.jar;C:\Users\Argenis Parra\.m2\repository\com\vaadin\vaadin-charts-flow\24.7.3\vaadin-charts-flow-24.7.3.jar;C:\Users\Argenis Parra\.m2\repository\com\vaadin\vaadin-cookie-consent-flow\24.7.3\vaadin-cookie-consent-flow-24.7.3.jar;C:\Users\Argenis Parra\.m2\repository\com\vaadin\vaadin-crud-flow\24.7.3\vaadin-crud-flow-24.7.3.jar;C:\Users\Argenis Parra\.m2\repository\com\vaadin\vaadin-button-flow\24.7.3\vaadin-button-flow-24.7.3.jar;C:\Users\Argenis Parra\.m2\repository\com\vaadin\vaadin-flow-components-base\24.7.3\vaadin-flow-components-base-24.7.3.jar;C:\Users\Argenis Parra\.m2\repository\com\vaadin\vaadin-grid-flow\24.7.3\vaadin-grid-flow-24.7.3.jar;C:\Users\Argenis Parra\.m2\repository\org\apache\commons\commons-lang3\3.17.0\commons-lang3-3.17.0.jar;C:\Users\Argenis Parra\.m2\repository\com\vaadin\vaadin-renderer-flow\24.7.3\vaadin-renderer-flow-24.7.3.jar;C:\Users\Argenis Parra\.m2\repository\com\vaadin\vaadin-text-field-flow\24.7.3\vaadin-text-field-flow-24.7.3.jar;C:\Users\Argenis Parra\.m2\repository\com\vaadin\vaadin-dashboard-flow\24.7.3\vaadin-dashboard-flow-24.7.3.jar;C:\Users\Argenis Parra\.m2\repository\com\vaadin\vaadin-grid-pro-flow\24.7.3\vaadin-grid-pro-flow-24.7.3.jar;C:\Users\Argenis Parra\.m2\repository\com\vaadin\vaadin-map-flow\24.7.3\vaadin-map-flow-24.7.3.jar;C:\Users\Argenis Parra\.m2\repository\com\vaadin\vaadin-rich-text-editor-flow\24.7.3\vaadin-rich-text-editor-flow-24.7.3.jar;C:\Users\Argenis Parra\.m2\repository\com\vaadin\vaadin-core\24.7.3\vaadin-core-24.7.3.jar;C:\Users\Argenis Parra\.m2\repository\com\vaadin\vaadin-dev\24.7.3\vaadin-dev-24.7.3.jar;C:\Users\Argenis Parra\.m2\repository\com\vaadin\vaadin-dev-server\24.7.5\vaadin-dev-server-24.7.5.jar;C:\Users\Argenis Parra\.m2\repository\com\vaadin\license-checker\1.13.4\license-checker-1.13.4.jar;C:\Users\Argenis Parra\.m2\repository\com\github\oshi\oshi-core\6.6.5\oshi-core-6.6.5.jar;C:\Users\Argenis Parra\.m2\repository\net\java\dev\jna\jna\5.15.0\jna-5.15.0.jar;C:\Users\Argenis Parra\.m2\repository\net\java\dev\jna\jna-platform\5.15.0\jna-platform-5.15.0.jar;C:\Users\Argenis Parra\.m2\repository\com\nimbusds\nimbus-jose-jwt\9.37.3\nimbus-jose-jwt-9.37.3.jar;C:\Users\Argenis Parra\.m2\repository\org\lucee\jcip-annotations\1.0.0\jcip-annotations-1.0.0.jar;C:\Users\Argenis Parra\.m2\repository\com\vaadin\open\8.5.0.4\open-8.5.0.4.jar;C:\Users\Argenis Parra\.m2\repository\com\github\javaparser\javaparser-core\3.26.4\javaparser-core-3.26.4.jar;C:\Users\Argenis Parra\.m2\repository\io\methvin\directory-watcher\0.18.0\directory-watcher-0.18.0.jar;C:\Users\Argenis Parra\.m2\repository\com\vaadin\vaadin-dev-bundle\24.7.3\vaadin-dev-bundle-24.7.3.jar;C:\Users\Argenis Parra\.m2\repository\com\vaadin\hilla-dev\24.7.3\hilla-dev-24.7.3.jar;C:\Users\Argenis Parra\.m2\repository\com\vaadin\copilot\24.7.3\copilot-24.7.3.jar;C:\Users\Argenis Parra\.m2\repository\io\projectreactor\netty\reactor-netty\1.2.5\reactor-netty-1.2.5.jar;C:\Users\Argenis Parra\.m2\repository\io\projectreactor\netty\reactor-netty-core\1.2.5\reactor-netty-core-1.2.5.jar;C:\Users\Argenis Parra\.m2\repository\io\projectreactor\netty\reactor-netty-http\1.2.5\reactor-netty-http-1.2.5.jar;C:\Users\Argenis Parra\.m2\repository\io\netty\netty-all\4.1.119.Final\netty-all-4.1.119.Final.jar;C:\Users\Argenis Parra\.m2\repository\io\netty\netty-buffer\4.1.119.Final\netty-buffer-4.1.119.Final.jar;C:\Users\Argenis Parra\.m2\repository\io\netty\netty-codec\4.1.119.Final\netty-codec-4.1.119.Final.jar;C:\Users\Argenis Parra\.m2\repository\io\netty\netty-codec-dns\4.1.119.Final\netty-codec-dns-4.1.119.Final.jar;C:\Users\Argenis Parra\.m2\repository\io\netty\netty-codec-haproxy\4.1.119.Final\netty-codec-haproxy-4.1.119.Final.jar;C:\Users\Argenis Parra\.m2\repository\io\netty\netty-codec-http\4.1.119.Final\netty-codec-http-4.1.119.Final.jar;C:\Users\Argenis Parra\.m2\repository\io\netty\netty-codec-http2\4.1.119.Final\netty-codec-http2-4.1.119.Final.jar;C:\Users\Argenis Parra\.m2\repository\io\netty\netty-codec-memcache\4.1.119.Final\netty-codec-memcache-4.1.119.Final.jar;C:\Users\Argenis Parra\.m2\repository\io\netty\netty-codec-mqtt\4.1.119.Final\netty-codec-mqtt-4.1.119.Final.jar;C:\Users\Argenis Parra\.m2\repository\io\netty\netty-codec-redis\4.1.119.Final\netty-codec-redis-4.1.119.Final.jar;C:\Users\Argenis Parra\.m2\repository\io\netty\netty-codec-smtp\4.1.119.Final\netty-codec-smtp-4.1.119.Final.jar;C:\Users\Argenis Parra\.m2\repository\io\netty\netty-codec-socks\4.1.119.Final\netty-codec-socks-4.1.119.Final.jar;C:\Users\Argenis Parra\.m2\repository\io\netty\netty-codec-stomp\4.1.119.Final\netty-codec-stomp-4.1.119.Final.jar;C:\Users\Argenis Parra\.m2\repository\io\netty\netty-codec-xml\4.1.119.Final\netty-codec-xml-4.1.119.Final.jar;C:\Users\Argenis Parra\.m2\repository\io\netty\netty-common\4.1.119.Final\netty-common-4.1.119.Final.jar;C:\Users\Argenis Parra\.m2\repository\io\netty\netty-handler\4.1.119.Final\netty-handler-4.1.119.Final.jar;C:\Users\Argenis Parra\.m2\repository\io\netty\netty-transport-native-unix-common\4.1.119.Final\netty-transport-native-unix-common-4.1.119.Final.jar;C:\Users\Argenis Parra\.m2\repository\io\netty\netty-handler-proxy\4.1.119.Final\netty-handler-proxy-4.1.119.Final.jar;C:\Users\Argenis Parra\.m2\repository\io\netty\netty-handler-ssl-ocsp\4.1.119.Final\netty-handler-ssl-ocsp-4.1.119.Final.jar;C:\Users\Argenis Parra\.m2\repository\io\netty\netty-resolver\4.1.119.Final\netty-resolver-4.1.119.Final.jar;C:\Users\Argenis Parra\.m2\repository\io\netty\netty-resolver-dns\4.1.119.Final\netty-resolver-dns-4.1.119.Final.jar;C:\Users\Argenis Parra\.m2\repository\io\netty\netty-transport\4.1.119.Final\netty-transport-4.1.119.Final.jar;C:\Users\Argenis Parra\.m2\repository\io\netty\netty-transport-rxtx\4.1.119.Final\netty-transport-rxtx-4.1.119.Final.jar;C:\Users\Argenis Parra\.m2\repository\io\netty\netty-transport-sctp\4.1.119.Final\netty-transport-sctp-4.1.119.Final.jar;C:\Users\Argenis Parra\.m2\repository\io\netty\netty-transport-udt\4.1.119.Final\netty-transport-udt-4.1.119.Final.jar;C:\Users\Argenis Parra\.m2\repository\io\netty\netty-transport-classes-epoll\4.1.119.Final\netty-transport-classes-epoll-4.1.119.Final.jar;C:\Users\Argenis Parra\.m2\repository\io\netty\netty-transport-classes-kqueue\4.1.119.Final\netty-transport-classes-kqueue-4.1.119.Final.jar;C:\Users\Argenis Parra\.m2\repository\io\netty\netty-resolver-dns-classes-macos\4.1.119.Final\netty-resolver-dns-classes-macos-4.1.119.Final.jar;C:\Users\Argenis Parra\.m2\repository\io\netty\netty-transport-native-epoll\4.1.119.Final\netty-transport-native-epoll-4.1.119.Final-linux-x86_64.jar;C:\Users\Argenis Parra\.m2\repository\io\netty\netty-transport-native-epoll\4.1.119.Final\netty-transport-native-epoll-4.1.119.Final-linux-aarch_64.jar;C:\Users\Argenis Parra\.m2\repository\io\netty\netty-transport-native-epoll\4.1.119.Final\netty-transport-native-epoll-4.1.119.Final-linux-riscv64.jar;C:\Users\Argenis Parra\.m2\repository\io\netty\netty-transport-native-kqueue\4.1.119.Final\netty-transport-native-kqueue-4.1.119.Final-osx-x86_64.jar;C:\Users\Argenis Parra\.m2\repository\io\netty\netty-transport-native-kqueue\4.1.119.Final\netty-transport-native-kqueue-4.1.119.Final-osx-aarch_64.jar;C:\Users\Argenis Parra\.m2\repository\io\netty\netty-resolver-dns-native-macos\4.1.119.Final\netty-resolver-dns-native-macos-4.1.119.Final-osx-x86_64.jar;C:\Users\Argenis Parra\.m2\repository\io\netty\netty-resolver-dns-native-macos\4.1.119.Final\netty-resolver-dns-native-macos-4.1.119.Final-osx-aarch_64.jar;C:\Users\Argenis Parra\.m2\repository\org\apache\commons\commons-configuration2\2.11.0\commons-configuration2-2.11.0.jar;C:\Users\Argenis Parra\.m2\repository\org\apache\commons\commons-text\1.12.0\commons-text-1.12.0.jar;C:\Users\Argenis Parra\.m2\repository\com\vaadin\ui-tests\1.1.1\ui-tests-1.1.1.jar;C:\Users\Argenis Parra\.m2\repository\com\vaadin\vaadin-spring-boot-starter\24.7.3\vaadin-spring-boot-starter-24.7.3.jar;C:\Users\Argenis Parra\.m2\repository\com\vaadin\vaadin-spring\24.7.5\vaadin-spring-24.7.5.jar;C:\Users\Argenis Parra\.m2\repository\com\vaadin\flow-server\24.7.5\flow-server-24.7.5.jar;C:\Users\Argenis Parra\.m2\repository\com\vaadin\servletdetector\throw-if-servlet3\1.0.2\throw-if-servlet3-1.0.2.jar;C:\Users\Argenis Parra\.m2\repository\org\jspecify\jspecify\1.0.0\jspecify-1.0.0.jar;C:\Users\Argenis Parra\.m2\repository\com\vaadin\external\gwt\gwt-elemental\2.8.2.vaadin2\gwt-elemental-2.8.2.vaadin2.jar;C:\Users\Argenis Parra\.m2\repository\org\apache\commons\commons-fileupload2-jakarta\2.0.0-M1\commons-fileupload2-jakarta-2.0.0-M1.jar;C:\Users\Argenis Parra\.m2\repository\org\apache\commons\commons-fileupload2-core\2.0.0-M1\commons-fileupload2-core-2.0.0-M1.jar;C:\Users\Argenis Parra\.m2\repository\commons-io\commons-io\2.18.0\commons-io-2.18.0.jar;C:\Users\Argenis Parra\.m2\repository\org\jsoup\jsoup\1.18.3\jsoup-1.18.3.jar;C:\Users\Argenis Parra\.m2\repository\com\helger\ph-css\7.0.4\ph-css-7.0.4.jar;C:\Users\Argenis Parra\.m2\repository\com\helger\commons\ph-commons\11.2.0\ph-commons-11.2.0.jar;C:\Users\Argenis Parra\.m2\repository\org\ow2\asm\asm\9.7.1\asm-9.7.1.jar;C:\Users\Argenis Parra\.m2\repository\com\vaadin\external\gentyref\1.2.0.vaadin1\gentyref-1.2.0.vaadin1.jar;C:\Users\Argenis Parra\.m2\repository\org\apache\commons\commons-compress\1.27.1\commons-compress-1.27.1.jar;C:\Users\Argenis Parra\.m2\repository\commons-codec\commons-codec\1.17.2\commons-codec-1.17.2.jar;C:\Users\Argenis Parra\.m2\repository\com\vaadin\flow-push\24.7.5\flow-push-24.7.5.jar;C:\Users\Argenis Parra\.m2\repository\com\vaadin\external\atmosphere\atmosphere-runtime\3.0.5.slf4jvaadin1\atmosphere-runtime-3.0.5.slf4jvaadin1.jar;C:\Users\Argenis Parra\.m2\repository\com\vaadin\flow-client\24.7.5\flow-client-24.7.5.jar;C:\Users\Argenis Parra\.m2\repository\org\springframework\spring-webmvc\6.2.6\spring-webmvc-6.2.6.jar;C:\Users\Argenis Parra\.m2\repository\org\springframework\spring-expression\6.2.6\spring-expression-6.2.6.jar;C:\Users\Argenis Parra\.m2\repository\org\springframework\spring-websocket\6.2.6\spring-websocket-6.2.6.jar;C:\Users\Argenis Parra\.m2\repository\org\reflections\reflections\0.10.2\reflections-0.10.2.jar;C:\Users\Argenis Parra\.m2\repository\com\google\code\findbugs\jsr305\3.0.2\jsr305-3.0.2.jar;C:\Users\Argenis Parra\.m2\repository\org\javassist\javassist\3.30.2-GA\javassist-3.30.2-GA.jar;C:\Users\Argenis Parra\.m2\repository\com\vaadin\hilla\24.7.3\hilla-24.7.3.jar;C:\Users\Argenis Parra\.m2\repository\com\vaadin\hilla-endpoint\24.7.3\hilla-endpoint-24.7.3.jar;C:\Users\Argenis Parra\.m2\repository\com\vaadin\hilla-engine-core\24.7.3\hilla-engine-core-24.7.3.jar;C:\Users\Argenis Parra\.m2\repository\com\vaadin\hilla-parser-jvm-core\24.7.3\hilla-parser-jvm-core-24.7.3.jar;C:\Users\Argenis Parra\.m2\repository\io\github\classgraph\classgraph\4.8.179\classgraph-4.8.179.jar;C:\Users\Argenis Parra\.m2\repository\com\fasterxml\jackson\dataformat\jackson-dataformat-yaml\2.18.3\jackson-dataformat-yaml-2.18.3.jar;C:\Users\Argenis Parra\.m2\repository\com\vaadin\hilla-parser-jvm-plugin-backbone\24.7.3\hilla-parser-jvm-plugin-backbone-24.7.3.jar;C:\Users\Argenis Parra\.m2\repository\com\vaadin\hilla-parser-jvm-plugin-nonnull\24.7.3\hilla-parser-jvm-plugin-nonnull-24.7.3.jar;C:\Users\Argenis Parra\.m2\repository\com\vaadin\hilla-parser-jvm-plugin-subtypes\24.7.3\hilla-parser-jvm-plugin-subtypes-24.7.3.jar;C:\Users\Argenis Parra\.m2\repository\com\vaadin\hilla-parser-jvm-plugin-model\24.7.3\hilla-parser-jvm-plugin-model-24.7.3.jar;C:\Users\Argenis Parra\.m2\repository\com\vaadin\hilla-parser-jvm-plugin-transfertypes\24.7.3\hilla-parser-jvm-plugin-transfertypes-24.7.3.jar;C:\Users\Argenis Parra\.m2\repository\io\projectreactor\reactor-core\3.7.5\reactor-core-3.7.5.jar;C:\Users\Argenis Parra\.m2\repository\org\reactivestreams\reactive-streams\1.0.4\reactive-streams-1.0.4.jar;C:\Users\Argenis Parra\.m2\repository\com\fasterxml\jackson\module\jackson-module-parameter-names\2.18.3\jackson-module-parameter-names-2.18.3.jar;C:\Users\Argenis Parra\.m2\repository\com\fasterxml\jackson\datatype\jackson-datatype-jdk8\2.18.3\jackson-datatype-jdk8-2.18.3.jar;C:\Users\Argenis Parra\.m2\repository\org\springframework\security\spring-security-core\6.4.5\spring-security-core-6.4.5.jar;C:\Users\Argenis Parra\.m2\repository\org\springframework\security\spring-security-crypto\6.4.5\spring-security-crypto-6.4.5.jar;C:\Users\Argenis Parra\.m2\repository\com\github\javaparser\javaparser-symbol-solver-core\3.26.4\javaparser-symbol-solver-core-3.26.4.jar;C:\Users\Argenis Parra\.m2\repository\com\google\guava\guava\33.4.0-jre\guava-33.4.0-jre.jar;C:\Users\Argenis Parra\.m2\repository\com\google\guava\failureaccess\1.0.2\failureaccess-1.0.2.jar;C:\Users\Argenis Parra\.m2\repository\com\google\guava\listenablefuture\9999.0-empty-to-avoid-conflict-with-guava\listenablefuture-9999.0-empty-to-avoid-conflict-with-guava.jar;C:\Users\Argenis Parra\.m2\repository\com\google\errorprone\error_prone_annotations\2.36.0\error_prone_annotations-2.36.0.jar;C:\Users\Argenis Parra\.m2\repository\com\google\j2objc\j2objc-annotations\3.0.0\j2objc-annotations-3.0.0.jar;C:\Users\Argenis Parra\.m2\repository\com\vaadin\hilla-parser-jvm-utils\24.7.3\hilla-parser-jvm-utils-24.7.3.jar;C:\Users\Argenis Parra\.m2\repository\io\swagger\core\v3\swagger-core\2.2.28\swagger-core-2.2.28.jar;C:\Users\Argenis Parra\.m2\repository\io\swagger\core\v3\swagger-annotations\2.2.28\swagger-annotations-2.2.28.jar;C:\Users\Argenis Parra\.m2\repository\io\swagger\core\v3\swagger-models\2.2.28\swagger-models-2.2.28.jar;C:\Users\Argenis Parra\.m2\repository\com\vaadin\hilla-runtime-plugin-transfertypes\24.7.3\hilla-runtime-plugin-transfertypes-24.7.3.jar;C:\Users\Argenis Parra\.m2\repository\com\vaadin\hilla-engine-runtime\24.7.3\hilla-engine-runtime-24.7.3.jar;C:\Users\Argenis Parra\.m2\repository\org\springframework\boot\spring-boot-starter-web\3.4.5\spring-boot-starter-web-3.4.5.jar;C:\Users\Argenis Parra\.m2\repository\org\springframework\boot\spring-boot-starter-json\3.4.5\spring-boot-starter-json-3.4.5.jar;C:\Users\Argenis Parra\.m2\repository\org\springframework\boot\spring-boot-starter-tomcat\3.4.5\spring-boot-starter-tomcat-3.4.5.jar;C:\Users\Argenis Parra\.m2\repository\org\apache\tomcat\embed\tomcat-embed-core\10.1.40\tomcat-embed-core-10.1.40.jar;C:\Users\Argenis Parra\.m2\repository\org\apache\tomcat\embed\tomcat-embed-websocket\10.1.40\tomcat-embed-websocket-10.1.40.jar;C:\Users\Argenis Parra\.m2\repository\org\springframework\spring-web\6.2.6\spring-web-6.2.6.jar;C:\Users\Argenis Parra\.m2\repository\org\parttio\line-awesome\2.0.0\line-awesome-2.0.0.jar;C:\Users\Argenis Parra\.m2\repository\org\postgresql\postgresql\42.7.5\postgresql-42.7.5.jar;C:\Users\Argenis Parra\.m2\repository\org\checkerframework\checker-qual\3.48.3\checker-qual-3.48.3.jar;C:\Users\Argenis Parra\.m2\repository\org\springframework\boot\spring-boot-starter-data-jpa\3.4.5\spring-boot-starter-data-jpa-3.4.5.jar;C:\Users\Argenis Parra\.m2\repository\org\springframework\boot\spring-boot-starter-jdbc\3.4.5\spring-boot-starter-jdbc-3.4.5.jar;C:\Users\Argenis Parra\.m2\repository\com\zaxxer\HikariCP\5.1.0\HikariCP-5.1.0.jar;C:\Users\Argenis Parra\.m2\repository\org\springframework\spring-jdbc\6.2.6\spring-jdbc-6.2.6.jar;C:\Users\Argenis Parra\.m2\repository\org\hibernate\orm\hibernate-core\6.6.13.Final\hibernate-core-6.6.13.Final.jar;C:\Users\Argenis Parra\.m2\repository\jakarta\persistence\jakarta.persistence-api\3.1.0\jakarta.persistence-api-3.1.0.jar;C:\Users\Argenis Parra\.m2\repository\jakarta\transaction\jakarta.transaction-api\2.0.1\jakarta.transaction-api-2.0.1.jar;C:\Users\Argenis Parra\.m2\repository\org\jboss\logging\jboss-logging\3.6.1.Final\jboss-logging-3.6.1.Final.jar;C:\Users\Argenis Parra\.m2\repository\org\hibernate\common\hibernate-commons-annotations\7.0.3.Final\hibernate-commons-annotations-7.0.3.Final.jar;C:\Users\Argenis Parra\.m2\repository\io\smallrye\jandex\3.2.0\jandex-3.2.0.jar;C:\Users\Argenis Parra\.m2\repository\com\fasterxml\classmate\1.7.0\classmate-1.7.0.jar;C:\Users\Argenis Parra\.m2\repository\net\bytebuddy\byte-buddy\1.15.11\byte-buddy-1.15.11.jar;C:\Users\Argenis Parra\.m2\repository\org\glassfish\jaxb\jaxb-runtime\4.0.5\jaxb-runtime-4.0.5.jar;C:\Users\Argenis Parra\.m2\repository\org\glassfish\jaxb\jaxb-core\4.0.5\jaxb-core-4.0.5.jar;C:\Users\Argenis Parra\.m2\repository\org\eclipse\angus\angus-activation\2.0.2\angus-activation-2.0.2.jar;C:\Users\Argenis Parra\.m2\repository\org\glassfish\jaxb\txw2\4.0.5\txw2-4.0.5.jar;C:\Users\Argenis Parra\.m2\repository\com\sun\istack\istack-commons-runtime\4.1.2\istack-commons-runtime-4.1.2.jar;C:\Users\Argenis Parra\.m2\repository\jakarta\inject\jakarta.inject-api\2.0.1\jakarta.inject-api-2.0.1.jar;C:\Users\Argenis Parra\.m2\repository\org\antlr\antlr4-runtime\4.13.0\antlr4-runtime-4.13.0.jar;C:\Users\Argenis Parra\.m2\repository\org\springframework\data\spring-data-jpa\3.4.5\spring-data-jpa-3.4.5.jar;C:\Users\Argenis Parra\.m2\repository\org\springframework\data\spring-data-commons\3.4.5\spring-data-commons-3.4.5.jar;C:\Users\Argenis Parra\.m2\repository\org\springframework\spring-orm\6.2.6\spring-orm-6.2.6.jar;C:\Users\Argenis Parra\.m2\repository\org\springframework\spring-context\6.2.6\spring-context-6.2.6.jar;C:\Users\Argenis Parra\.m2\repository\org\springframework\spring-aop\6.2.6\spring-aop-6.2.6.jar;C:\Users\Argenis Parra\.m2\repository\org\springframework\spring-tx\6.2.6\spring-tx-6.2.6.jar;C:\Users\Argenis Parra\.m2\repository\org\springframework\spring-beans\6.2.6\spring-beans-6.2.6.jar;C:\Users\Argenis Parra\.m2\repository\org\slf4j\slf4j-api\2.0.17\slf4j-api-2.0.17.jar;C:\Users\Argenis Parra\.m2\repository\org\springframework\spring-aspects\6.2.6\spring-aspects-6.2.6.jar;C:\Users\Argenis Parra\.m2\repository\org\aspectj\aspectjweaver\1.9.24\aspectjweaver-1.9.24.jar;C:\Users\Argenis Parra\.m2\repository\org\springframework\boot\spring-boot-starter-validation\3.4.5\spring-boot-starter-validation-3.4.5.jar;C:\Users\Argenis Parra\.m2\repository\org\apache\tomcat\embed\tomcat-embed-el\10.1.40\tomcat-embed-el-10.1.40.jar;C:\Users\Argenis Parra\.m2\repository\org\hibernate\validator\hibernate-validator\8.0.2.Final\hibernate-validator-8.0.2.Final.jar;C:\Users\Argenis Parra\.m2\repository\jakarta\validation\jakarta.validation-api\3.0.2\jakarta.validation-api-3.0.2.jar;C:\Users\Argenis Parra\.m2\repository\org\springframework\boot\spring-boot-devtools\3.4.5\spring-boot-devtools-3.4.5.jar;C:\Users\Argenis Parra\.m2\repository\org\springframework\boot\spring-boot\3.4.5\spring-boot-3.4.5.jar;C:\Users\Argenis Parra\.m2\repository\org\springframework\boot\spring-boot-autoconfigure\3.4.5\spring-boot-autoconfigure-3.4.5.jar;C:\Users\Argenis Parra\.m2\repository\jakarta\xml\bind\jakarta.xml.bind-api\4.0.2\jakarta.xml.bind-api-4.0.2.jar;C:\Users\Argenis Parra\.m2\repository\jakarta\activation\jakarta.activation-api\2.1.3\jakarta.activation-api-2.1.3.jar;C:\Users\Argenis Parra\.m2\repository\com\vaadin\external\google\android-json\0.0.20131108.vaadin1\android-json-0.0.20131108.vaadin1.jar;C:\Users\Argenis Parra\.m2\repository\org\springframework\spring-core\6.2.6\spring-core-6.2.6.jar;C:\Users\Argenis Parra\.m2\repository\org\springframework\spring-jcl\6.2.6\spring-jcl-6.2.6.jar;C:\Users\Argenis Parra\.m2\repository\net\sf\jasperreports\jasperreports\7.0.2\jasperreports-7.0.2.jar;C:\Users\Argenis Parra\.m2\repository\commons-logging\commons-logging\1.3.0\commons-logging-1.3.0.jar;C:\Users\Argenis Parra\.m2\repository\org\apache\commons\commons-collections4\4.4\commons-collections4-4.4.jar;C:\Users\Argenis Parra\.m2\repository\com\fasterxml\jackson\core\jackson-core\2.18.3\jackson-core-2.18.3.jar;C:\Users\Argenis Parra\.m2\repository\com\fasterxml\jackson\core\jackson-annotations\2.18.3\jackson-annotations-2.18.3.jar;C:\Users\Argenis Parra\.m2\repository\com\fasterxml\jackson\core\jackson-databind\2.18.3\jackson-databind-2.18.3.jar;C:\Users\Argenis Parra\.m2\repository\com\fasterxml\jackson\dataformat\jackson-dataformat-xml\2.18.3\jackson-dataformat-xml-2.18.3.jar;C:\Users\Argenis Parra\.m2\repository\org\codehaus\woodstox\stax2-api\4.2.2\stax2-api-4.2.2.jar;C:\Users\Argenis Parra\.m2\repository\com\fasterxml\woodstox\woodstox-core\7.0.0\woodstox-core-7.0.0.jar;C:\Users\Argenis Parra\.m2\repository\org\apache\xmlgraphics\batik-anim\1.18\batik-anim-1.18.jar;C:\Users\Argenis Parra\.m2\repository\org\apache\xmlgraphics\batik-ext\1.18\batik-ext-1.18.jar;C:\Users\Argenis Parra\.m2\repository\org\apache\xmlgraphics\batik-parser\1.18\batik-parser-1.18.jar;C:\Users\Argenis Parra\.m2\repository\org\apache\xmlgraphics\batik-shared-resources\1.18\batik-shared-resources-1.18.jar;C:\Users\Argenis Parra\.m2\repository\org\apache\xmlgraphics\batik-bridge\1.18\batik-bridge-1.18.jar;C:\Users\Argenis Parra\.m2\repository\org\apache\xmlgraphics\batik-script\1.18\batik-script-1.18.jar;C:\Users\Argenis Parra\.m2\repository\org\apache\xmlgraphics\batik-xml\1.18\batik-xml-1.18.jar;C:\Users\Argenis Parra\.m2\repository\org\apache\xmlgraphics\xmlgraphics-commons\2.10\xmlgraphics-commons-2.10.jar;C:\Users\Argenis Parra\.m2\repository\org\apache\xmlgraphics\batik-dom\1.18\batik-dom-1.18.jar;C:\Users\Argenis Parra\.m2\repository\org\apache\xmlgraphics\batik-svg-dom\1.18\batik-svg-dom-1.18.jar;C:\Users\Argenis Parra\.m2\repository\org\apache\xmlgraphics\batik-awt-util\1.18\batik-awt-util-1.18.jar;C:\Users\Argenis Parra\.m2\repository\org\apache\xmlgraphics\batik-gvt\1.18\batik-gvt-1.18.jar;C:\Users\Argenis Parra\.m2\repository\org\apache\xmlgraphics\batik-util\1.18\batik-util-1.18.jar;C:\Users\Argenis Parra\.m2\repository\org\apache\xmlgraphics\batik-i18n\1.18\batik-i18n-1.18.jar;C:\Users\Argenis Parra\.m2\repository\org\apache\xmlgraphics\batik-constants\1.18\batik-constants-1.18.jar;C:\Users\Argenis Parra\.m2\repository\org\apache\xmlgraphics\batik-css\1.18\batik-css-1.18.jar;C:\Users\Argenis Parra\.m2\repository\xml-apis\xml-apis-ext\1.3.04\xml-apis-ext-1.3.04.jar;C:\Users\Argenis Parra\.m2\repository\commons-beanutils\commons-beanutils\1.9.4\commons-beanutils-1.9.4.jar;C:\Users\Argenis Parra\.m2\repository\commons-collections\commons-collections\3.2.2\commons-collections-3.2.2.jar;C:\Users\Argenis Parra\.m2\repository\net\sf\jasperreports\jasperreports-fonts\7.0.2\jasperreports-fonts-7.0.2.jar;C:\Users\Argenis Parra\.m2\repository\net\sf\jasperreports\jasperreports-pdf\7.0.2\jasperreports-pdf-7.0.2.jar;C:\Users\Argenis Parra\.m2\repository\com\github\librepdf\openpdf\1.3.32\openpdf-1.3.32.jar;C:\Users\Argenis Parra\.m2\repository\com\adobe\xmp\xmpcore\6.1.11\xmpcore-6.1.11.jar
Launcher Type: SUN_STANDARD

[Global flags]
     bool AllowEnhancedClassRedefinition           = true                                      {product} {command line}
     intx CICompilerCount                          = 3                                         {product} {ergonomic}
     bool ClassUnloading                           = true                                      {product} {command line}
     uint ConcGCThreads                            = 1                                         {product} {ergonomic}
     uint G1ConcRefinementThreads                  = 4                                         {product} {ergonomic}
   size_t G1HeapRegionSize                         = 2097152                                   {product} {ergonomic}
    uintx GCDrainStackTargetSize                   = 64                                        {product} {ergonomic}
    ccstr HotswapAgent                             = fatjar                                    {product} {command line}
   size_t InitialHeapSize                          = 268435456                                 {product} {ergonomic}
     bool ManagementServer                         = true                                      {product} {command line}
   size_t MarkStackSize                            = 4194304                                   {product} {ergonomic}
   size_t MaxHeapSize                              = 4265607168                                {product} {ergonomic}
   size_t MaxNewSize                               = 2558525440                                {product} {ergonomic}
   size_t MinHeapDeltaBytes                        = 2097152                                   {product} {ergonomic}
   size_t MinHeapSize                              = 8388608                                   {product} {ergonomic}
    uintx NonNMethodCodeHeapSize                   = 5832780                                {pd product} {ergonomic}
    uintx NonProfiledCodeHeapSize                  = 122912730                              {pd product} {ergonomic}
    uintx ProfiledCodeHeapSize                     = 122912730                              {pd product} {ergonomic}
    uintx ReservedCodeCacheSize                    = 251658240                              {pd product} {ergonomic}
     bool SegmentedCodeCache                       = true                                      {product} {ergonomic}
     bool ShowCodeDetailsInExceptionMessages       = true                                   {manageable} {command line}
   size_t SoftMaxHeapSize                          = 4265607168                             {manageable} {ergonomic}
     bool UseCompressedOops                        = true                           {product lp64_product} {ergonomic}
     bool UseG1GC                                  = true                                      {product} {ergonomic}
     bool UseLargePagesIndividualAllocation        = false                                  {pd product} {ergonomic}

Logging:
Log output configuration:
 #0: stdout all=warning uptime,level,tags foldmultilines=false
 #1: stderr all=off uptime,level,tags foldmultilines=false

Environment Variables:
JAVA_HOME=C:\Program Files\Java\jdk-21
PATH=C:\Python311\Scripts\;C:\Python311\;C:\Windows\system32;C:\Windows;C:\Windows\System32\Wbem;C:\Windows\System32\WindowsPowerShell\v1.0\;C:\Windows\System32\OpenSSH\;C:\ProgramData\chocolatey\bin;C:\mycode\tools\apache-maven-3.9.0\bin;C:\Program Files\Docker\Docker\resources\bin;C:\Program Files\Git\cmd;C:\Program Files\nodejs\;C:\Program Files\Java\jdk-21\bin;C:\Users\Argenis Parra\AppData\Local\Microsoft\WindowsApps;C:\Users\Argenis Parra\AppData\Local\Programs\Microsoft VS Code\bin;C:\Users\Argenis Parra\AppData\Local\GitHubDesktop\bin;C:\Users\Argenis Parra\AppData\Local\Google\Cloud SDK\google-cloud-sdk\bin;C:\Program Files\Java\jdk-20;C:\Users\Argenis Parra\AppData\Roaming\npm;C:\Program Files\JetBrains\IntelliJ IDEA 2024.3.1.1\bin;;c:\Users\Argenis Parra\AppData\Roaming\Code\User\globalStorage\github.copilot-chat\debugCommand
USERNAME=Argenis Parra
LANG=en_US.UTF-8
OS=Windows_NT
PROCESSOR_IDENTIFIER=Intel64 Family 6 Model 142 Stepping 9, GenuineIntel
TMP=C:\Users\ARGENI~1\AppData\Local\Temp
TEMP=C:\Users\ARGENI~1\AppData\Local\Temp




Periodic native trim disabled

JNI global refs:
JNI global refs: 302, weak refs: 2609

JNI global refs memory usage: 4059, weak refs: 32249

Process memory usage:
Resident Set Size: 822932K (4% of 16654612K total physical memory with 4573704K free physical memory)

OOME stack traces (most recent first):
Classloader memory used:
Loader jdk.internal.loader.ClassLoaders$AppClassLoader                                 : 156M
Loader bootstrap                                                                       : 28807K
Loader jdk.internal.loader.ClassLoaders$PlatformClassLoader                            : 3381K
Loader org.springframework.boot.web.embedded.tomcat.TomcatEmbeddedWebappClassLoader    : 3065K
Loader org.hotswap.agent.plugin.proxy.hscglib.ParentLastClassLoader                    : 1909K
Loader net.bytebuddy.utility.dispatcher.JavaDispatcher$DynamicClassLoader              : 1523K
Loader jdk.internal.reflect.DelegatingClassLoader                                      : 270K

Classes loaded by more than one classloader:
Class com.ideadistribuidora.visus.Application                                         : loaded 26 times (x 83B)
Class com.ideadistribuidora.visus.Application$$SpringCGLIB$$0                         : loaded 16 times (x 88B)
Class com.ideadistribuidora.visus.views.pedidos.PedidosView                           : loaded 11 times (x 246B)
Class com.ideadistribuidora.visus.services.ClientesService$$SpringCGLIB$$0            : loaded 10 times (x 140B)
Class com.ideadistribuidora.visus.data.Vendedores                                     : loaded 10 times (x 112B)
Class com.ideadistribuidora.visus.data.repositories.TransportistasBancosRepository    : loaded 10 times (x 66B)
Class com.ideadistribuidora.visus.data.ClientesBancos                                 : loaded 10 times (x 80B)
Class com.ideadistribuidora.visus.data.Listas                                         : loaded 10 times (x 74B)
Class com.ideadistribuidora.visus.data.Comisiones                                     : loaded 10 times (x 84B)
Class com.ideadistribuidora.visus.data.Rubros$HibernateProxy                          : loaded 10 times (x 106B)
Class com.ideadistribuidora.visus.services.ZonasService                               : loaded 10 times (x 75B)
Class com.ideadistribuidora.visus.data.Zonas                                          : loaded 10 times (x 76B)
Class com.ideadistribuidora.visus.data.FormasDePago                                   : loaded 10 times (x 86B)
Class com.ideadistribuidora.visus.services.TransportistasService$$SpringCGLIB$$0      : loaded 10 times (x 138B)
Class com.ideadistribuidora.visus.services.BancosService                              : loaded 10 times (x 75B)
Class com.ideadistribuidora.visus.services.PedidosService                             : loaded 10 times (x 97B)
Class com.ideadistribuidora.visus.services.DepartamentosService$$SpringCGLIB$$0       : loaded 10 times (x 124B)
Class com.ideadistribuidora.visus.data.repositories.ProveedoresRepository             : loaded 10 times (x 66B)
Class com.ideadistribuidora.visus.services.TransportistasService                      : loaded 10 times (x 92B)
Class jdk.proxy2.$Proxy220                                                            : loaded 10 times (x 236B)
Class com.ideadistribuidora.visus.data.Lineas$HibernateProxy                          : loaded 10 times (x 108B)
Class com.ideadistribuidora.visus.services.LocalidadesService                         : loaded 10 times (x 80B)
Class com.ideadistribuidora.visus.data.Transportistas$HibernateProxy                  : loaded 10 times (x 150B)
Class com.ideadistribuidora.visus.data.Medidas                                        : loaded 10 times (x 74B)
Class com.ideadistribuidora.visus.data.repositories.BancosRepository                  : loaded 10 times (x 66B)
Class com.ideadistribuidora.visus.services.DepartamentosService                       : loaded 10 times (x 78B)
Class jdk.proxy2.$Proxy221                                                            : loaded 10 times (x 236B)
Class com.ideadistribuidora.visus.data.Articulos                                      : loaded 10 times (x 134B)
Class com.ideadistribuidora.visus.data.repositories.MedidasRepository                 : loaded 10 times (x 66B)
Class com.ideadistribuidora.visus.data.repositories.ProveedoresBancosRepository       : loaded 10 times (x 66B)
Class jdk.proxy2.$Proxy222                                                            : loaded 10 times (x 236B)
Class com.ideadistribuidora.visus.services.ProveedoresEndpoint                        : loaded 10 times (x 72B)
Class com.ideadistribuidora.visus.services.ListasService                              : loaded 10 times (x 74B)
Class com.ideadistribuidora.visus.data.Proveedores                                    : loaded 10 times (x 92B)
Class com.ideadistribuidora.visus.data.enums.EstadoClienteEnum                        : loaded 10 times (x 75B)
Class com.ideadistribuidora.visus.services.PagosService                               : loaded 10 times (x 70B)
Class com.ideadistribuidora.visus.data.enums.EstadoArticuloEnum                       : loaded 10 times (x 75B)
Class com.ideadistribuidora.visus.services.PresentacionesService                      : loaded 10 times (x 75B)
Class com.ideadistribuidora.visus.data.Vendedores$HibernateProxy                      : loaded 10 times (x 146B)
Class jdk.proxy2.$Proxy219                                                            : loaded 10 times (x 236B)
Class jdk.proxy2.$Proxy223                                                            : loaded 10 times (x 236B)
Class jdk.proxy2.$Proxy218                                                            : loaded 10 times (x 236B)
Class com.ideadistribuidora.visus.data.repositories.ProvinciasRepository              : loaded 10 times (x 66B)
Class com.ideadistribuidora.visus.data.repositories.DomiciliosRepository              : loaded 10 times (x 66B)
Class jdk.proxy2.$Proxy217                                                            : loaded 10 times (x 237B)
Class jdk.proxy2.$Proxy224                                                            : loaded 10 times (x 237B)
Class com.ideadistribuidora.visus.data.Articulos$HibernateProxy                       : loaded 10 times (x 168B)
Class jdk.proxy2.$Proxy216                                                            : loaded 10 times (x 236B)
Class com.ideadistribuidora.visus.data.enums.ClasificacionEnum                        : loaded 10 times (x 75B)
Class com.ideadistribuidora.visus.data.ListasPorcentuales                             : loaded 10 times (x 74B)
Class com.ideadistribuidora.visus.data.Coeficientes$HibernateProxy                    : loaded 10 times (x 114B)
Class com.ideadistribuidora.visus.data.repositories.DepositosRepository               : loaded 10 times (x 66B)
Class jdk.proxy2.$Proxy215                                                            : loaded 10 times (x 236B)
Class com.ideadistribuidora.visus.data.repositories.ListasRepository                  : loaded 10 times (x 66B)
Class com.ideadistribuidora.visus.data.ProveedoresBancosId                            : loaded 10 times (x 71B)
Class jdk.proxy2.$Proxy214                                                            : loaded 10 times (x 237B)
Class com.ideadistribuidora.visus.data.Departamentos$HibernateProxy                   : loaded 10 times (x 110B)
Class com.ideadistribuidora.visus.data.Presentaciones$HibernateProxy                  : loaded 10 times (x 106B)
Class jdk.proxy2.$Proxy225                                                            : loaded 10 times (x 239B)
Class com.ideadistribuidora.visus.data.ClientesBancos$HibernateProxy                  : loaded 10 times (x 114B)
Class com.ideadistribuidora.visus.data.Alicuotas$HibernateProxy                       : loaded 10 times (x 106B)
Class com.ideadistribuidora.visus.services.VendedoresService                          : loaded 10 times (x 93B)
Class com.ideadistribuidora.visus.services.MedidasService                             : loaded 10 times (x 75B)
Class com.ideadistribuidora.visus.data.Proveedores$HibernateProxy                     : loaded 10 times (x 126B)
Class com.ideadistribuidora.visus.data.repositories.ClientesBancosRepository          : loaded 10 times (x 66B)
Class jdk.proxy2.$Proxy212                                                            : loaded 10 times (x 236B)
Class jdk.proxy2.$Proxy211                                                            : loaded 10 times (x 236B)
Class com.ideadistribuidora.visus.data.Domicilios                                     : loaded 10 times (x 96B)
Class com.ideadistribuidora.visus.data.enums.TipoComisionEnum                         : loaded 10 times (x 75B)
Class jdk.proxy2.$Proxy226                                                            : loaded 10 times (x 236B)
Class com.ideadistribuidora.visus.data.Pagos$HibernateProxy                           : loaded 10 times (x 110B)
Class jdk.proxy2.$Proxy210                                                            : loaded 10 times (x 240B)
Class com.ideadistribuidora.visus.data.repositories.PorcentualesRepository            : loaded 10 times (x 66B)
Class com.ideadistribuidora.visus.data.enums.EstadoPagoEnum                           : loaded 10 times (x 75B)
Class com.ideadistribuidora.visus.data.repositories.ZonasRepository                   : loaded 10 times (x 66B)
Class com.ideadistribuidora.visus.data.enums.VisitaEnum                               : loaded 10 times (x 75B)
Class com.ideadistribuidora.visus.data.Ubicaciones                                    : loaded 10 times (x 80B)
Class jdk.proxy2.$Proxy227                                                            : loaded 10 times (x 238B)
Class com.ideadistribuidora.visus.data.Pedidos$HibernateProxy                         : loaded 10 times (x 136B)
Class com.ideadistribuidora.visus.services.LineasService                              : loaded 10 times (x 77B)
Class com.ideadistribuidora.visus.data.repositories.CoeficientesRepository            : loaded 10 times (x 66B)
Class com.ideadistribuidora.visus.services.ArticulosService                           : loaded 10 times (x 100B)
Class com.ideadistribuidora.visus.data.Clientes                                       : loaded 10 times (x 118B)
Class com.ideadistribuidora.visus.data.Localidades$HibernateProxy                     : loaded 10 times (x 114B)
Class com.ideadistribuidora.visus.services.ListasPorcentualesService                  : loaded 10 times (x 77B)
Class com.ideadistribuidora.visus.data.Pedidos                                        : loaded 10 times (x 102B)
Class com.ideadistribuidora.visus.services.ListasPorcentualesService$$SpringCGLIB$$0  : loaded 10 times (x 123B)
Class jdk.proxy2.$Proxy228                                                            : loaded 10 times (x 237B)
Class com.ideadistribuidora.visus.services.UbicacionesService                         : loaded 10 times (x 77B)
Class com.ideadistribuidora.visus.services.RubrosService                              : loaded 10 times (x 75B)
Class com.ideadistribuidora.visus.data.Documento$HibernateProxy                       : loaded 10 times (x 106B)
Class com.ideadistribuidora.visus.services.FormasDePagoService                        : loaded 10 times (x 77B)
Class com.ideadistribuidora.visus.data.Medidas$HibernateProxy                         : loaded 10 times (x 108B)
Class jdk.proxy2.$Proxy196                                                            : loaded 10 times (x 236B)
Class com.ideadistribuidora.visus.data.repositories.ComisionesRepository              : loaded 10 times (x 66B)
Class com.ideadistribuidora.visus.data.Provincias$HibernateProxy                      : loaded 10 times (x 106B)
Class com.ideadistribuidora.visus.data.enums.PlataformaEnum                           : loaded 10 times (x 75B)
Class com.ideadistribuidora.visus.data.Departamentos                                  : loaded 10 times (x 76B)
Class jdk.proxy2.$Proxy229                                                            : loaded 10 times (x 237B)
Class com.ideadistribuidora.visus.data.enums.ModalidadDePagoEnum                      : loaded 10 times (x 75B)
Class com.ideadistribuidora.visus.data.Bancos                                         : loaded 10 times (x 72B)
Class com.ideadistribuidora.visus.services.ListasService$$SpringCGLIB$$0              : loaded 10 times (x 120B)
Class com.ideadistribuidora.visus.data.Coeficientes                                   : loaded 10 times (x 80B)
Class com.ideadistribuidora.visus.data.ListasPorcentuales$HibernateProxy              : loaded 10 times (x 108B)
Class com.ideadistribuidora.visus.data.Porcentuales$HibernateProxy                    : loaded 10 times (x 116B)
Class com.ideadistribuidora.visus.data.FormasDePago$HibernateProxy                    : loaded 10 times (x 120B)
Class com.ideadistribuidora.visus.data.PedidosListas$HibernateProxy                   : loaded 10 times (x 108B)
Class com.ideadistribuidora.visus.data.enums.NivelFidelizacionEnum                    : loaded 10 times (x 75B)
Class com.ideadistribuidora.visus.data.repositories.UbicacionesRepository             : loaded 10 times (x 66B)
Class com.ideadistribuidora.visus.data.repositories.PedidosListasRepository           : loaded 10 times (x 66B)
Class com.ideadistribuidora.visus.data.Zonas$HibernateProxy                           : loaded 10 times (x 110B)
Class com.ideadistribuidora.visus.data.repositories.VendedoresRepository              : loaded 10 times (x 66B)
Class com.ideadistribuidora.visus.services.ClientesEndpoint                           : loaded 10 times (x 73B)
Class com.ideadistribuidora.visus.data.Ubicaciones$HibernateProxy                     : loaded 10 times (x 114B)
Class com.ideadistribuidora.visus.data.repositories.RubrosRepository                  : loaded 10 times (x 66B)
Class com.ideadistribuidora.visus.services.ProveedoresService                         : loaded 10 times (x 88B)
Class com.ideadistribuidora.visus.data.repositories.PedidosItemsRepository            : loaded 10 times (x 66B)
Class com.ideadistribuidora.visus.data.enums.TipoDomicilioEnum                        : loaded 10 times (x 75B)
Class com.ideadistribuidora.visus.data.Domicilios$HibernateProxy                      : loaded 10 times (x 130B)
Class com.ideadistribuidora.visus.data.repositories.AlicuotasRepository               : loaded 10 times (x 66B)
Class com.ideadistribuidora.visus.data.enums.TipoArticuloEnum                         : loaded 10 times (x 75B)
Class com.ideadistribuidora.visus.data.repositories.LineasRepository                  : loaded 10 times (x 66B)
Class jdk.proxy2.$Proxy213                                                            : loaded 10 times (x 237B)
Class com.ideadistribuidora.visus.services.ProvinciasService                          : loaded 10 times (x 69B)
Class com.ideadistribuidora.visus.data.repositories.DocumentosRepository              : loaded 10 times (x 66B)
Class com.ideadistribuidora.visus.data.ComisionesTramos                               : loaded 10 times (x 78B)
Class com.ideadistribuidora.visus.data.Presentaciones                                 : loaded 10 times (x 72B)
Class com.ideadistribuidora.visus.data.Alicuotas                                      : loaded 10 times (x 72B)
Class com.ideadistribuidora.visus.data.enums.SituacionFiscalEnum                      : loaded 10 times (x 75B)
Class com.ideadistribuidora.visus.services.DepositosService                           : loaded 10 times (x 75B)
Class com.ideadistribuidora.visus.data.Provincias                                     : loaded 10 times (x 72B)
Class com.ideadistribuidora.visus.services.AlicuotasService                           : loaded 10 times (x 75B)
Class com.ideadistribuidora.visus.data.repositories.PedidosRepository                 : loaded 10 times (x 66B)
Class com.ideadistribuidora.visus.data.ComisionesTramos$HibernateProxy                : loaded 10 times (x 112B)
Class jdk.proxy2.$Proxy207                                                            : loaded 10 times (x 239B)
Class com.ideadistribuidora.visus.data.Clientes$HibernateProxy                        : loaded 10 times (x 152B)
Class jdk.proxy2.$Proxy206                                                            : loaded 10 times (x 237B)
Class com.ideadistribuidora.visus.data.repositories.FormasDePagoRepository            : loaded 10 times (x 66B)
Class com.ideadistribuidora.visus.data.repositories.LocalidadesRepository             : loaded 10 times (x 66B)
Class jdk.proxy2.$Proxy205                                                            : loaded 10 times (x 237B)
Class jdk.proxy2.$Proxy204                                                            : loaded 10 times (x 236B)
Class com.ideadistribuidora.visus.data.Bancos$HibernateProxy                          : loaded 10 times (x 106B)
Class jdk.proxy2.$Proxy203                                                            : loaded 10 times (x 236B)
Class jdk.proxy2.$Proxy202                                                            : loaded 10 times (x 237B)
Class com.ideadistribuidora.visus.data.Porcentuales                                   : loaded 10 times (x 82B)
Class com.ideadistribuidora.visus.data.Transportistas                                 : loaded 10 times (x 116B)
Class com.ideadistribuidora.visus.data.repositories.ClientesRepository                : loaded 10 times (x 66B)
Class com.ideadistribuidora.visus.data.ProveedoresBancos$HibernateProxy               : loaded 10 times (x 114B)
Class com.ideadistribuidora.visus.data.repositories.DepartamentosRepository           : loaded 10 times (x 66B)
Class jdk.proxy2.$Proxy201                                                            : loaded 10 times (x 236B)
Class com.ideadistribuidora.visus.data.Comisiones$HibernateProxy                      : loaded 10 times (x 118B)
Class com.ideadistribuidora.visus.data.Pagos                                          : loaded 10 times (x 76B)
Class jdk.proxy2.$Proxy200                                                            : loaded 10 times (x 240B)
Class com.ideadistribuidora.visus.data.repositories.PagosRepository                   : loaded 10 times (x 66B)
Class com.ideadistribuidora.visus.services.ProveedoresService$$SpringCGLIB$$0         : loaded 10 times (x 134B)
Class com.ideadistribuidora.visus.data.repositories.PresentacionesRepository          : loaded 10 times (x 66B)
Class com.ideadistribuidora.visus.data.repositories.ComisionesTramosRepository        : loaded 10 times (x 66B)
Class com.ideadistribuidora.visus.data.Localidades                                    : loaded 10 times (x 80B)
Class com.ideadistribuidora.visus.data.AbstractEntity                                 : loaded 10 times (x 70B)
Class com.ideadistribuidora.visus.data.enums.TipoCuentaEnum                           : loaded 10 times (x 75B)
Class com.ideadistribuidora.visus.data.Documento                                      : loaded 10 times (x 72B)
Class jdk.proxy2.$Proxy232                                                            : loaded 10 times (x 237B)
Class com.ideadistribuidora.visus.data.enums.TipoTransporteEnum                       : loaded 10 times (x 75B)
Class com.ideadistribuidora.visus.data.repositories.ArticulosRepository               : loaded 10 times (x 66B)
Class com.ideadistribuidora.visus.services.ComisionesService                          : loaded 10 times (x 75B)
Class jdk.proxy2.$Proxy231                                                            : loaded 10 times (x 237B)
Class com.ideadistribuidora.visus.data.Listas$HibernateProxy                          : loaded 10 times (x 108B)
Class com.ideadistribuidora.visus.data.Depositos$HibernateProxy                       : loaded 10 times (x 106B)
Class com.ideadistribuidora.visus.data.ProveedoresBancos                              : loaded 10 times (x 80B)
Class com.ideadistribuidora.visus.services.PorcentualesService                        : loaded 10 times (x 80B)
Class com.ideadistribuidora.visus.views.utils.ComponentUtils                          : loaded 10 times (x 67B)
Class jdk.proxy2.$Proxy230                                                            : loaded 10 times (x 237B)
Class com.ideadistribuidora.visus.data.TransportistasBancos$HibernateProxy            : loaded 10 times (x 114B)
Class com.ideadistribuidora.visus.data.Rubros                                         : loaded 10 times (x 72B)
Class com.ideadistribuidora.visus.data.TransportistasBancos                           : loaded 10 times (x 80B)
Class jdk.proxy2.$Proxy208                                                            : loaded 10 times (x 236B)
Class com.ideadistribuidora.visus.data.Depositos                                      : loaded 10 times (x 72B)
Class com.ideadistribuidora.visus.data.PedidosItems$HibernateProxy                    : loaded 10 times (x 122B)
Class com.ideadistribuidora.visus.services.ClientesService                            : loaded 10 times (x 94B)
Class com.ideadistribuidora.visus.data.PedidosItems                                   : loaded 10 times (x 88B)
Class com.ideadistribuidora.visus.data.Lineas                                         : loaded 10 times (x 74B)
Class com.ideadistribuidora.visus.data.PedidosListas                                  : loaded 10 times (x 74B)
Class com.ideadistribuidora.visus.data.ClientesBancosId                               : loaded 10 times (x 71B)
Class com.ideadistribuidora.visus.views.pedidos.PedidosDetailsFormLayout              : loaded 10 times (x 231B)
Class com.ideadistribuidora.visus.data.enums.EstadoPedidoEnum                         : loaded 10 times (x 75B)
Class com.ideadistribuidora.visus.services.CoeficientesService                        : loaded 10 times (x 74B)
Class com.ideadistribuidora.visus.data.TransportistasBancosId                         : loaded 10 times (x 71B)
Class com.ideadistribuidora.visus.data.repositories.TransportistasRepository          : loaded 10 times (x 66B)
Class com.ideadistribuidora.visus.data.repositories.ListasPorcentualesRepository      : loaded 10 times (x 66B)
Class com.ideadistribuidora.visus.services.ClientesService$$SpringCGLIB$$2            : loaded 9 times (x 140B)
Class com.ideadistribuidora.visus.services.ProveedoresService$$SpringCGLIB$$2         : loaded 9 times (x 134B)
Class com.ideadistribuidora.visus.services.ProveedoresService$$SpringCGLIB$$3         : loaded 9 times (x 134B)
Class com.ideadistribuidora.visus.services.ClientesService$$SpringCGLIB$$1            : loaded 9 times (x 140B)
Class com.ideadistribuidora.visus.services.ListasPorcentualesService$$SpringCGLIB$$1  : loaded 9 times (x 123B)
Class com.ideadistribuidora.visus.services.ClientesService$$SpringCGLIB$$3            : loaded 9 times (x 140B)
Class com.ideadistribuidora.visus.services.ListasService$$SpringCGLIB$$1              : loaded 9 times (x 120B)
Class com.ideadistribuidora.visus.services.TransportistasService$$SpringCGLIB$$1      : loaded 9 times (x 138B)
Class com.ideadistribuidora.visus.services.DepartamentosService$$SpringCGLIB$$1       : loaded 9 times (x 124B)
Class com.ideadistribuidora.visus.services.ProveedoresService$$SpringCGLIB$$1         : loaded 9 times (x 134B)
Class com.ideadistribuidora.visus.services.ProveedoresService$$SpringCGLIB$$4         : loaded 8 times (x 134B)
Class com.ideadistribuidora.visus.services.ProveedoresService$$SpringCGLIB$$5         : loaded 8 times (x 134B)
Class com.ideadistribuidora.visus.services.TransportistasService$$SpringCGLIB$$3      : loaded 8 times (x 138B)
Class com.ideadistribuidora.visus.services.ListasPorcentualesService$$SpringCGLIB$$3  : loaded 8 times (x 123B)
Class com.ideadistribuidora.visus.services.DepartamentosService$$SpringCGLIB$$2       : loaded 8 times (x 124B)
Class com.ideadistribuidora.visus.services.ClientesService$$SpringCGLIB$$5            : loaded 8 times (x 140B)
Class com.ideadistribuidora.visus.services.ClientesService$$SpringCGLIB$$4            : loaded 8 times (x 140B)
Class com.ideadistribuidora.visus.services.TransportistasService$$SpringCGLIB$$2      : loaded 8 times (x 138B)
Class com.ideadistribuidora.visus.services.DepartamentosService$$SpringCGLIB$$3       : loaded 8 times (x 124B)
Class com.ideadistribuidora.visus.services.ListasPorcentualesService$$SpringCGLIB$$2  : loaded 8 times (x 123B)
Class com.ideadistribuidora.visus.services.ListasService$$SpringCGLIB$$3              : loaded 8 times (x 120B)
Class com.ideadistribuidora.visus.services.ListasService$$SpringCGLIB$$2              : loaded 8 times (x 120B)
Class com.ideadistribuidora.visus.services.ProveedoresService$$SpringCGLIB$$9         : loaded 7 times (x 134B)
Class com.ideadistribuidora.visus.services.TransportistasService$$SpringCGLIB$$4      : loaded 7 times (x 138B)
Class com.ideadistribuidora.visus.services.ListasService$$SpringCGLIB$$4              : loaded 7 times (x 120B)
Class com.ideadistribuidora.visus.services.ProveedoresService$$SpringCGLIB$$10        : loaded 7 times (x 134B)
Class com.ideadistribuidora.visus.services.ClientesService$$SpringCGLIB$$6            : loaded 7 times (x 140B)
Class com.ideadistribuidora.visus.services.ClientesService$$SpringCGLIB$$9            : loaded 7 times (x 140B)
Class com.ideadistribuidora.visus.services.ClientesService$$SpringCGLIB$$8            : loaded 7 times (x 140B)
Class com.ideadistribuidora.visus.services.ProveedoresService$$SpringCGLIB$$6         : loaded 7 times (x 134B)
Class com.ideadistribuidora.visus.services.ListasPorcentualesService$$SpringCGLIB$$4  : loaded 7 times (x 123B)
Class com.ideadistribuidora.visus.services.ProveedoresService$$SpringCGLIB$$7         : loaded 7 times (x 134B)
Class com.ideadistribuidora.visus.services.ClientesService$$SpringCGLIB$$7            : loaded 7 times (x 140B)
Class com.ideadistribuidora.visus.services.ProveedoresService$$SpringCGLIB$$8         : loaded 7 times (x 134B)
Class com.ideadistribuidora.visus.services.DepartamentosService$$SpringCGLIB$$4       : loaded 7 times (x 124B)
Class com.ideadistribuidora.visus.services.DepartamentosService$$SpringCGLIB$$5       : loaded 6 times (x 124B)
Class com.ideadistribuidora.visus.services.ClientesService$$SpringCGLIB$$12           : loaded 6 times (x 140B)
Class com.ideadistribuidora.visus.services.ListasPorcentualesService$$SpringCGLIB$$5  : loaded 6 times (x 123B)
Class com.ideadistribuidora.visus.services.ProveedoresService$$SpringCGLIB$$12        : loaded 6 times (x 134B)
Class com.ideadistribuidora.visus.services.ProveedoresService$$SpringCGLIB$$14        : loaded 6 times (x 134B)
Class com.ideadistribuidora.visus.services.ListasService$$SpringCGLIB$$5              : loaded 6 times (x 120B)
Class com.ideadistribuidora.visus.services.ClientesService$$SpringCGLIB$$13           : loaded 6 times (x 140B)
Class com.ideadistribuidora.visus.services.ClientesService$$SpringCGLIB$$10           : loaded 6 times (x 140B)
Class com.ideadistribuidora.visus.services.ClientesService$$SpringCGLIB$$11           : loaded 6 times (x 140B)
Class com.ideadistribuidora.visus.services.ProveedoresService$$SpringCGLIB$$15        : loaded 6 times (x 134B)
Class com.ideadistribuidora.visus.services.ProveedoresService$$SpringCGLIB$$16        : loaded 6 times (x 134B)
Class com.ideadistribuidora.visus.services.ProveedoresService$$SpringCGLIB$$13        : loaded 6 times (x 134B)
Class com.ideadistribuidora.visus.Application$1                                       : loaded 6 times (x 80B)
Class com.ideadistribuidora.visus.services.TransportistasService$$SpringCGLIB$$5      : loaded 6 times (x 138B)
Class com.ideadistribuidora.visus.services.ProveedoresService$$SpringCGLIB$$11        : loaded 6 times (x 134B)
Class com.ideadistribuidora.visus.services.ProveedoresService$$SpringCGLIB$$17        : loaded 5 times (x 134B)
Class com.ideadistribuidora.visus.services.ProveedoresService$$SpringCGLIB$$18        : loaded 5 times (x 134B)
Class com.ideadistribuidora.visus.services.ProveedoresService$$SpringCGLIB$$19        : loaded 5 times (x 134B)
Class com.ideadistribuidora.visus.services.ClientesService$$SpringCGLIB$$15           : loaded 5 times (x 140B)
Class com.ideadistribuidora.visus.services.ClientesService$$SpringCGLIB$$16           : loaded 5 times (x 140B)
Class com.ideadistribuidora.visus.services.ListasService$$SpringCGLIB$$6              : loaded 5 times (x 120B)
Class com.ideadistribuidora.visus.services.TransportistasService$$SpringCGLIB$$6      : loaded 5 times (x 138B)
Class com.ideadistribuidora.visus.services.ClientesService$$SpringCGLIB$$14           : loaded 5 times (x 140B)
Class com.ideadistribuidora.visus.services.DepartamentosService$$SpringCGLIB$$6       : loaded 5 times (x 124B)
Class com.ideadistribuidora.visus.services.ListasPorcentualesService$$SpringCGLIB$$6  : loaded 5 times (x 123B)
Class com.ideadistribuidora.visus.services.ListasPorcentualesService$$SpringCGLIB$$7  : loaded 5 times (x 123B)
Class org.hotswap.agent.plugin.mojarra.MojarraConstants                               : loaded 4 times (x 67B)
Class com.ideadistribuidora.visus.services.ProveedoresService$$SpringCGLIB$$23        : loaded 4 times (x 134B)
Class org.hotswap.agent.plugin.mybatis.util.ClassUtils                                : loaded 4 times (x 67B)
Class org.hotswap.agent.plugin.spring.reload.SpringBeanReload                         : loaded 4 times (x 76B)
Class org.hotswap.agent.plugin.spring.core.ResetBeanPostProcessorCaches               : loaded 4 times (x 67B)
Class org.hotswap.agent.plugin.hibernate_jakarta.proxy.EntityManagerFactoryProxy$1    : loaded 4 times (x 72B)
Class com.ideadistribuidora.visus.services.ProveedoresService$$SpringCGLIB$$24        : loaded 4 times (x 134B)
Class org.hotswap.agent.plugin.weld_jakarta.WeldJakartaPlugin                         : loaded 4 times (x 75B)
Class org.hotswap.agent.plugin.hibernate_jakarta.proxy.SessionFactoryProxy$1          : loaded 4 times (x 72B)
Class org.hotswap.agent.plugin.spring.boot.env.HotswapSpringReloadMap                 : loaded 4 times (x 128B)
Class com.ideadistribuidora.visus.services.DepartamentosService$$SpringCGLIB$$9       : loaded 4 times (x 124B)
Class com.ideadistribuidora.visus.services.DepartamentosService$$SpringCGLIB$$7       : loaded 4 times (x 124B)
Class org.hotswap.agent.plugin.undertow.UndertowTransformer                           : loaded 4 times (x 67B)
Class org.hotswap.agent.plugin.deltaspike.command.RepositoryRefreshAgent              : loaded 4 times (x 67B)
Class org.hotswap.agent.plugin.resteasy.RefreshRegistryCommand                        : loaded 4 times (x 76B)
Class org.hotswap.agent.plugin.cdi.HaCdiCommons                                       : loaded 4 times (x 67B)
Class org.hotswap.agent.plugin.spring.api.PropertySourceReloader                      : loaded 4 times (x 66B)
Class org.hotswap.agent.plugin.spring.transformers.api.ValueResolverSupport           : loaded 4 times (x 66B)
Class com.ideadistribuidora.visus.services.ProveedoresService$$SpringCGLIB$$25        : loaded 4 times (x 134B)
Class org.hotswap.agent.plugin.ibatis.IBatisConfigurationHandler                      : loaded 4 times (x 67B)
Class com.ideadistribuidora.visus.services.ClientesService$$SpringCGLIB$$20           : loaded 4 times (x 140B)
Class org.hotswap.agent.plugin.spring.utils.ResourceUtils                             : loaded 4 times (x 67B)
Class org.hotswap.agent.plugin.owb.OwbClassSignatureHelper$1                          : loaded 4 times (x 67B)
Class org.hotswap.agent.plugin.vaadin.VaadinPlugin$ResourceChangedCommand             : loaded 4 times (x 84B)
Class org.hotswap.agent.plugin.myfaces.command.ReloadManagedBeanCommand               : loaded 4 times (x 72B)
Class org.hotswap.agent.plugin.spring.reload.SpringReloadConfig                       : loaded 4 times (x 67B)
Class com.ideadistribuidora.visus.services.ProveedoresService$$SpringCGLIB$$26        : loaded 4 times (x 134B)
Class org.hotswap.agent.plugin.proxy.java.ProxyGenerator$FieldInfo                    : loaded 4 times (x 69B)
Class org.hotswap.agent.plugin.weld.ArchivePathHelper                                 : loaded 4 times (x 67B)
Class org.hotswap.agent.plugin.weld.transformer.BeanDeploymentArchiveTransformer      : loaded 4 times (x 67B)
Class org.hotswap.agent.plugin.watchResources.WatchResourcesPlugin                    : loaded 4 times (x 68B)
Class com.ideadistribuidora.visus.services.ListasPorcentualesService$$SpringCGLIB$$9  : loaded 4 times (x 123B)
Class org.hotswap.agent.plugin.cxf.jaxrs.ClassResourceInfoProxyHelper$1               : loaded 4 times (x 79B)
Class org.hotswap.agent.plugin.proxy.ProxyTransformationUtils                         : loaded 4 times (x 67B)
Class org.hotswap.agent.plugin.spring.boot.env.HotswapSpringPropertiesReloader        : loaded 4 times (x 66B)
Class org.hotswap.agent.plugin.hotswapper.HotSwapperJpda$1                            : loaded 4 times (x 101B)
Class org.hotswap.agent.plugin.tomcat.TomcatSetup                                     : loaded 4 times (x 67B)
Class org.hotswap.agent.plugin.tomcat.WatcherTomcatWebappClassLoader                  : loaded 4 times (x 113B)
Class org.hotswap.agent.plugin.logback.LogbackPlugin$1                                : loaded 4 times (x 72B)
Class org.hotswap.agent.plugin.owb.beans.ContextualReloadHelper                       : loaded 4 times (x 67B)
Class org.hotswap.agent.plugin.proxy.hscglib.CglibProxyTransformer                    : loaded 4 times (x 84B)
Class org.hotswap.agent.plugin.mybatis.proxy.SpringMybatisConfigurationProxy          : loaded 4 times (x 70B)
Class org.hotswap.agent.plugin.cxf.jaxrs.ClassResourceInfoProxyHelper$2               : loaded 4 times (x 71B)
Class org.hotswap.agent.plugin.spring.SpringBeanClassFileTransformer                  : loaded 4 times (x 78B)
Class org.hotswap.agent.plugin.spring.listener.SpringEventSource                      : loaded 4 times (x 70B)
Class org.hotswap.agent.plugin.mybatisplus.transformers.PlusSqlSessionFactoryBeanCaller: loaded 4 times (x 67B)
Class org.hotswap.agent.plugin.mybatis.proxy.ConfigurationProxy$1                     : loaded 4 times (x 72B)
Class org.hotswap.agent.plugin.deltaspike_jakarta.transformer.DeltaSpikeProxyTransformer$1: loaded 4 times (x 77B)
Class org.hotswap.agent.plugin.weld.command.ProxyClassLoadingDelegate                 : loaded 4 times (x 67B)
Class org.hotswap.agent.plugin.proxy.java.ProxyGenerator$ExceptionTableEntry          : loaded 4 times (x 67B)
Class org.hotswap.agent.plugin.myfaces.transformer.LifecycleImplTransformer           : loaded 4 times (x 67B)
Class org.hotswap.agent.plugin.hibernate3.jpa.Hibernate3JPAHelper                     : loaded 4 times (x 67B)
Class org.hotswap.agent.plugin.hibernate_jakarta.HibernatePersistenceHelper           : loaded 4 times (x 67B)
Class org.hotswap.agent.plugin.hibernate.HibernateTransformers                        : loaded 4 times (x 67B)
Class org.hotswap.agent.plugin.deltaspike.command.PartialBeanClassRefreshAgent        : loaded 4 times (x 67B)
Class org.hotswap.agent.plugin.webobjects.HotswapWebObjectsPlugin$ClearKVCCache       : loaded 4 times (x 72B)
Class org.hotswap.agent.plugin.mybatisplus.transformers.MybatisPlusConfigurationCaller: loaded 4 times (x 67B)
Class org.hotswap.agent.plugin.vaadin.VaadinPlugin                                    : loaded 4 times (x 76B)
Class org.hotswap.agent.plugin.deltaspike_jakarta.transformer.DeltaSpikeProxyTransformer$2: loaded 4 times (x 77B)
Class org.hotswap.agent.plugin.hotswapper.HotswapperPlugin                            : loaded 4 times (x 70B)
Class com.ideadistribuidora.visus.services.ClientesService$$SpringCGLIB$$19           : loaded 4 times (x 140B)
Class com.ideadistribuidora.visus.services.ProveedoresService$$SpringCGLIB$$20        : loaded 4 times (x 134B)
Class org.hotswap.agent.plugin.jvm.AnonymousClassInfos$AnonymousClassInfoMatcher      : loaded 4 times (x 66B)
Class org.hotswap.agent.plugin.mybatisplus.transformers.MyBatisPlusTransformers       : loaded 4 times (x 67B)
Class com.ideadistribuidora.visus.services.ListasPorcentualesService$$SpringCGLIB$$8  : loaded 4 times (x 123B)
Class org.hotswap.agent.plugin.mybatis.util.XMLConfigBuilderUtils                     : loaded 4 times (x 67B)
Class org.hotswap.agent.plugin.weld_jakarta.WeldClassSignatureHelper$1                : loaded 4 times (x 67B)
Class org.hotswap.agent.plugin.owb.transformer.CdiContextsTransformer                 : loaded 4 times (x 67B)
Class org.hotswap.agent.plugin.hibernate3.session.Hibernate3RefreshCommand            : loaded 4 times (x 67B)
Class org.hotswap.agent.plugin.spring.listener.SpringListener                         : loaded 4 times (x 66B)
Class org.hotswap.agent.plugin.spring.core.ResetAnnotationCache                       : loaded 4 times (x 67B)
Class org.hotswap.agent.plugin.spring.transformers.api.BeanFactoryLifecycle           : loaded 4 times (x 66B)
Class org.hotswap.agent.plugin.jersey1.Jersey1Plugin                                  : loaded 4 times (x 70B)
Class org.hotswap.agent.plugin.owb.transformer.BeansDeployerTransformer               : loaded 4 times (x 67B)
Class org.hotswap.agent.plugin.spring.core.ResetBeanFactoryPostProcessorCaches        : loaded 4 times (x 67B)
Class org.hotswap.agent.plugin.mybatis.proxy.ConfigurationProxy                       : loaded 4 times (x 70B)
Class org.hotswap.agent.plugin.elresolver.ELResolverPlugin                            : loaded 4 times (x 72B)
Class org.hotswap.agent.plugin.weld_jakarta.command.ProxyClassLoadingDelegate$1       : loaded 4 times (x 79B)
Class org.hotswap.agent.plugin.proxy.ProxyClassSignatureHelper                        : loaded 4 times (x 67B)
Class org.hotswap.agent.plugin.owb.command.ProxyClassLoadingDelegate                  : loaded 4 times (x 67B)
Class org.hotswap.agent.plugin.spring.utils.RegistryUtils                             : loaded 4 times (x 67B)
Class org.hotswap.agent.plugin.spring.transformers.api.ReloadablePropertySource       : loaded 4 times (x 66B)
Class org.hotswap.agent.plugin.spring.reload.YamlChangedCommand                       : loaded 4 times (x 75B)
Class org.hotswap.agent.plugin.myfaces.MyFacesPlugin                                  : loaded 4 times (x 72B)
Class org.hotswap.agent.plugin.myfaces.transformer.ManagedBeanResolverTransformer     : loaded 4 times (x 67B)
Class org.hotswap.agent.plugin.spring.core.ResetRequestMappingCaches                  : loaded 4 times (x 67B)
Class org.hotswap.agent.plugin.spring.getbean.EnhancerProxyCreater                    : loaded 4 times (x 68B)
Class org.hotswap.agent.plugin.mojarra.transformer.LifecycleImplTransformer           : loaded 4 times (x 67B)
Class org.hotswap.agent.plugin.wildfly.el.PurgeWildFlyBeanELResolverCacheCommand      : loaded 4 times (x 75B)
Class org.hotswap.agent.plugin.jbossmodules.PrependingMap                             : loaded 4 times (x 118B)
Class org.hotswap.agent.plugin.hibernate.proxy.SessionFactoryProxy                    : loaded 4 times (x 70B)
Class org.hotswap.agent.plugin.jvm.ClassInitPlugin                                    : loaded 4 times (x 67B)
Class org.hotswap.agent.plugin.deltaspike.transformer.DeltaSpikeProxyTransformer      : loaded 4 times (x 67B)
Class org.hotswap.agent.plugin.deltaspike.transformer.DeltaspikeContextsTransformer   : loaded 4 times (x 67B)
Class org.hotswap.agent.plugin.weld.WeldClassSignatureHelper$1                        : loaded 4 times (x 67B)
Class org.hotswap.agent.plugin.weld_jakarta.transformer.AbstractClassBeanTransformer  : loaded 4 times (x 67B)
Class org.hotswap.agent.plugin.omnifaces.OmnifacesPlugin                              : loaded 4 times (x 68B)
Class org.hotswap.agent.plugin.logback.LogbackPlugin                                  : loaded 4 times (x 70B)
Class org.hotswap.agent.plugin.spring.SpringChangesAnalyzer                           : loaded 4 times (x 70B)
Class org.hotswap.agent.plugin.spring.files.PropertiesChangeEvent                     : loaded 4 times (x 70B)
Class org.hotswap.agent.plugin.hibernate3.session.proxy.SessionFactoryProxy           : loaded 4 times (x 70B)
Class org.hotswap.agent.plugin.hibernate.HibernatePlugin                              : loaded 4 times (x 74B)
Class org.hotswap.agent.plugin.proxy.hscglib.ParentLastClassLoader                    : loaded 4 times (x 99B)
Class org.hotswap.agent.plugin.mybatis.transformers.ConfigurationCaller               : loaded 4 times (x 67B)
Class org.hotswap.agent.plugin.weld.BeanReloadStrategy                                : loaded 4 times (x 75B)
Class org.hotswap.agent.plugin.owb_jakarta.OwbJakartaPlugin                           : loaded 4 times (x 72B)
Class org.hotswap.agent.plugin.spring.boot.env.v1.YamlPropertySourceLoader            : loaded 4 times (x 74B)
Class org.hotswap.agent.plugin.owb_jakarta.OwbClassSignatureHelper                    : loaded 4 times (x 67B)
Class org.hotswap.agent.plugin.zk.ZkPlugin                                            : loaded 4 times (x 72B)
Class org.hotswap.agent.plugin.osgiequinox.OsgiEquinoxPlugin$AutoHotswapPathEventListener: loaded 4 times (x 72B)
Class org.hotswap.agent.plugin.deltaspike.DeltaSpikePlugin                            : loaded 4 times (x 75B)
Class org.hotswap.agent.plugin.weld_jakarta.beans.WeldHotswapContext                  : loaded 4 times (x 66B)
Class org.hotswap.agent.plugin.weld.command.ProxyClassLoadingDelegate$1               : loaded 4 times (x 79B)
Class org.hotswap.agent.plugin.owb.ArchivePathHelper                                  : loaded 4 times (x 67B)
Class org.hotswap.agent.plugin.mojarra.MojarraPlugin                                  : loaded 4 times (x 73B)
Class org.hotswap.agent.plugin.spring.core.BeanDefinitionProcessor                    : loaded 4 times (x 67B)
Class org.hotswap.agent.plugin.hibernate3.session.Hibernate3Plugin                    : loaded 4 times (x 76B)
Class org.hotswap.agent.plugin.hibernate3.session.proxy.ReInitializableHelper         : loaded 4 times (x 67B)
Class org.hotswap.agent.plugin.hibernate_jakarta.proxy.EntityManagerFactoryProxy      : loaded 4 times (x 71B)
Class org.hotswap.agent.plugin.spring.getbean.ProxyReplacer                           : loaded 4 times (x 67B)
Class org.hotswap.agent.plugin.owb_jakarta.transformer.ProxyFactoryTransformer$2      : loaded 4 times (x 77B)
Class org.hotswap.agent.plugin.owb_jakarta.OwbJakartaPlugin$1                         : loaded 4 times (x 72B)
Class org.hotswap.agent.plugin.deltaspike.transformer.ViewConfigTransformer           : loaded 4 times (x 67B)
Class com.ideadistribuidora.visus.services.DepartamentosService$$SpringCGLIB$$8       : loaded 4 times (x 124B)
Class org.hotswap.agent.plugin.deltaspike_jakarta.DeltaSpikeJakartaPlugin             : loaded 4 times (x 73B)
Class org.hotswap.agent.plugin.spring.reload.PropertiesChangedCommand                 : loaded 4 times (x 75B)
Class org.hotswap.agent.plugin.jvm.AnonymousClassInfos$1                              : loaded 4 times (x 72B)
Class org.hotswap.agent.plugin.spring.core.AutowiredAnnotationProcessor               : loaded 4 times (x 67B)
Class org.hotswap.agent.plugin.idea.IdeaPlugin                                        : loaded 4 times (x 68B)
Class org.hotswap.agent.plugin.mybatis.MyBatisRefreshCommands                         : loaded 4 times (x 67B)
Class org.hotswap.agent.plugin.proxy.hscglib.GeneratorParametersRecorder              : loaded 4 times (x 67B)
Class org.hotswap.agent.plugin.jvm.AnonymousClassInfos$2                              : loaded 4 times (x 72B)
Class com.ideadistribuidora.visus.services.ClientesService$$SpringCGLIB$$18           : loaded 4 times (x 140B)
Class org.hotswap.agent.plugin.hibernate3.jpa.proxy.EntityManagerFactoryProxy         : loaded 4 times (x 71B)
Class org.hotswap.agent.plugin.hibernate3.session.proxy.OverrideConfig$ConfiguredBy   : loaded 4 times (x 75B)
Class org.hotswap.agent.plugin.owb.OwbClassSignatureHelper                            : loaded 4 times (x 67B)
Class org.hotswap.agent.plugin.jvm.AnonymousClassInfos$3                              : loaded 4 times (x 72B)
Class org.hotswap.agent.plugin.spring.boot.transformers.PropertySourceLoaderTransformer$4: loaded 4 times (x 77B)
Class org.hotswap.agent.plugin.spring.reload.BeanFactoryAssistant                     : loaded 4 times (x 76B)
Class org.hotswap.agent.plugin.spring.scanner.ClassPathBeanRefreshCommand             : loaded 4 times (x 75B)
Class org.hotswap.agent.plugin.owb_jakarta.transformer.ProxyFactoryTransformer$1      : loaded 4 times (x 77B)
Class org.hotswap.agent.plugin.freemarker.FreeMarkerPlugin                            : loaded 4 times (x 70B)
Class org.hotswap.agent.plugin.cxf.jaxrs.ClassResourceInfoProxyHelper                 : loaded 4 times (x 67B)
Class org.hotswap.agent.plugin.deltaspike_jakarta.transformer.DeltaspikeContextsTransformer: loaded 4 times (x 67B)
Class org.hotswap.agent.plugin.owb.command.ProxyClassLoadingDelegate$1                : loaded 4 times (x 79B)
Class org.hotswap.agent.plugin.owb.transformer.AbstractProducerTransformer$1          : loaded 4 times (x 77B)
Class org.hotswap.agent.plugin.weld.WeldPlugin$1                                      : loaded 4 times (x 72B)
Class org.hotswap.agent.plugin.proxy.api.ProxyBytecodeTransformer                     : loaded 4 times (x 66B)
Class org.hotswap.agent.plugin.spring.reload.ClassChangeEvent                         : loaded 4 times (x 70B)
Class org.hotswap.agent.plugin.spring.reload.BeanChangeEvent                          : loaded 4 times (x 70B)
Class org.hotswap.agent.plugin.hibernate_jakarta.HibernateRefreshCommands             : loaded 4 times (x 67B)
Class org.hotswap.agent.plugin.hibernate.HibernatePlugin$1                            : loaded 4 times (x 72B)
Class org.hotswap.agent.plugin.hibernate.proxy.EntityManagerFactoryProxy              : loaded 4 times (x 71B)
Class org.hotswap.agent.plugin.hibernate3.session.proxy.SessionFactoryProxy$1         : loaded 4 times (x 72B)
Class org.hotswap.agent.plugin.log4j2.Log4j2Plugin$1                                  : loaded 4 times (x 72B)
Class org.hotswap.agent.plugin.jetty.JettyPlugin                                      : loaded 4 times (x 69B)
Class org.hotswap.agent.plugin.resteasy.ResteasyRegistryPlugin                        : loaded 4 times (x 73B)
Class org.hotswap.agent.plugin.weld_jakarta.command.BdaAgentRegistry                  : loaded 4 times (x 67B)
Class org.hotswap.agent.plugin.mojarra.transformer.BeanManagerTransformer             : loaded 4 times (x 67B)
Class org.hotswap.agent.plugin.hibernate3.session.proxy.ReInitializable               : loaded 4 times (x 66B)
Class org.hotswap.agent.plugin.hibernate3.jpa.proxy.EntityManagerFactoryProxy$1       : loaded 4 times (x 72B)
Class org.hotswap.agent.plugin.deltaspike.transformer.RepositoryTransformer           : loaded 4 times (x 67B)
Class org.hotswap.agent.plugin.owb.command.BeanClassRefreshAgent                      : loaded 4 times (x 67B)
Class org.hotswap.agent.plugin.owb_jakarta.transformer.CdiContextsTransformer         : loaded 4 times (x 67B)
Class org.hotswap.agent.plugin.mybatis.transformers.SqlSessionFactoryBeanCaller       : loaded 4 times (x 67B)
Class org.hotswap.agent.plugin.weld_jakarta.command.BeanClassRefreshCommand           : loaded 4 times (x 75B)
Class org.hotswap.agent.plugin.proxy.hscglib.GeneratorParametersTransformer           : loaded 4 times (x 67B)
Class org.hotswap.agent.plugin.spring.boot.env.v2.LowVersionPropertiesPropertySourceLoader: loaded 4 times (x 74B)
Class org.hotswap.agent.plugin.jvm.AnonymousClassPatchPlugin$1                        : loaded 4 times (x 78B)
Class org.hotswap.agent.plugin.sponge.ReloadListenersCommand$HandleData               : loaded 4 times (x 68B)
Class org.hotswap.agent.plugin.weld.command.BeanClassRefreshAgent                     : loaded 4 times (x 71B)
Class org.hotswap.agent.plugin.owb.command.ProxyRefreshAgent                          : loaded 4 times (x 67B)
Class org.hotswap.agent.plugin.owb_jakarta.beans.OwbHotswapContext                    : loaded 4 times (x 66B)
Class org.hotswap.agent.plugin.sponge.SpongePlugin                                    : loaded 4 times (x 68B)
Class org.hotswap.agent.plugin.weld_jakarta.WeldClassSignatureHelper                  : loaded 4 times (x 67B)
Class org.hotswap.agent.plugin.spring.boot.transformers.PropertySourceLoaderTransformer: loaded 4 times (x 67B)
Class org.hotswap.agent.plugin.spring.boot.SpringBootPlugin                           : loaded 4 times (x 70B)
Class org.hotswap.agent.plugin.spring.boot.env.v1.PropertiesPropertySourceLoader      : loaded 4 times (x 74B)
Class org.hotswap.agent.plugin.deltaspike.transformer.DeltaSpikeProxyTransformer$3    : loaded 4 times (x 77B)
Class org.hotswap.agent.plugin.owb.beans.OwbHotswapContext                            : loaded 4 times (x 66B)
Class org.hotswap.agent.plugin.spring.transformers.PlaceholderConfigurerSupportTransformer: loaded 4 times (x 67B)
Class org.hotswap.agent.plugin.jvm.AnonymousClassInfo                                 : loaded 4 times (x 76B)
Class com.ideadistribuidora.visus.services.ClientesService$$SpringCGLIB$$17           : loaded 4 times (x 140B)
Class org.hotswap.agent.plugin.spring.scanner.BeanDefinitionChangeEvent               : loaded 4 times (x 70B)
Class org.hotswap.agent.plugin.mybatisplus.proxy.SpringMybatisPlusConfigurationProxy  : loaded 4 times (x 70B)
Class org.hotswap.agent.plugin.deltaspike.jsf.ViewConfigResolverUtils                 : loaded 4 times (x 67B)
Class org.hotswap.agent.plugin.weld_jakarta.transformer.CdiContextsTransformer        : loaded 4 times (x 67B)
Class org.hotswap.agent.plugin.hibernate.proxy.EntityManagerFactoryProxy$1            : loaded 4 times (x 72B)
Class org.hotswap.agent.plugin.hotswapper.HotswapperCommand                           : loaded 4 times (x 67B)
Class org.hotswap.agent.plugin.spring.transformers.ConfigurationClassPostProcessorTransformer$1: loaded 4 times (x 77B)
Class org.hotswap.agent.plugin.deltaspike_jakarta.command.RepositoryRefreshAgent      : loaded 4 times (x 67B)
Class org.hotswap.agent.plugin.owb_jakarta.ArchivePathHelper                          : loaded 4 times (x 67B)
Class org.hotswap.agent.plugin.hibernate3.session.Hibernate3Transformers              : loaded 4 times (x 67B)
Class org.hotswap.agent.plugin.jersey2.Jersey2Plugin$1                                : loaded 4 times (x 72B)
Class org.hotswap.agent.plugin.spring.boot.transformers.PropertySourceLoaderTransformer$3: loaded 4 times (x 77B)
Class org.hotswap.agent.plugin.webobjects.HotswapWebObjectsPlugin                     : loaded 4 times (x 70B)
Class org.hotswap.agent.plugin.deltaspike_jakarta.command.PartialBeanClassRefreshAgent: loaded 4 times (x 67B)
Class org.hotswap.agent.plugin.deltaspike.command.RepositoryRefreshCommand            : loaded 4 times (x 75B)
Class org.hotswap.agent.plugin.proxy.java.ProxyGenerator$ConstantPool$Entry           : loaded 4 times (x 68B)
Class org.hotswap.agent.plugin.tomcat.TomcatPlugin                                    : loaded 4 times (x 67B)
Class org.hotswap.agent.plugin.hibernate_jakarta.HibernateJakartaPlugin$1             : loaded 4 times (x 72B)
Class org.hotswap.agent.plugin.deltaspike_jakarta.DeltaspikeClassSignatureHelper      : loaded 4 times (x 67B)
Class org.hotswap.agent.plugin.jvm.AnonymousClassInfos                                : loaded 4 times (x 74B)
Class org.hotswap.agent.plugin.weblogic.WeblogicPlugin                                : loaded 4 times (x 68B)
Class org.hotswap.agent.plugin.hibernate3.session.proxy.ReInitializableHelper$1       : loaded 4 times (x 67B)
Class org.hotswap.agent.plugin.hibernate.HibernateRefreshCommands                     : loaded 4 times (x 67B)
Class org.hotswap.agent.plugin.hibernate3.session.util.ProxyUtil                      : loaded 4 times (x 67B)
Class org.hotswap.agent.plugin.spring.transformers.PostProcessorRegistrationDelegateTransformer$1: loaded 4 times (x 77B)
Class org.hotswap.agent.plugin.jersey2.Jersey2Plugin                                  : loaded 4 times (x 70B)
Class org.hotswap.agent.plugin.deltaspike_jakarta.command.PartialBeanClassRefreshCommand: loaded 4 times (x 76B)
Class org.hotswap.agent.plugin.weld.command.BeanReloadExecutor                        : loaded 4 times (x 67B)
Class org.hotswap.agent.plugin.proxy.java.ProxyGenerator$ConstantPool$IndirectEntry   : loaded 4 times (x 68B)
Class org.hotswap.agent.plugin.owb_jakarta.command.ProxyClassLoadingDelegate          : loaded 4 times (x 67B)
Class org.hotswap.agent.plugin.spring.boot.listener.PropertySourceChangeListener      : loaded 4 times (x 78B)
Class org.hotswap.agent.plugin.vaadin.VaadinPlugin$UpdateRoutesCommand                : loaded 4 times (x 83B)
Class org.hotswap.agent.plugin.deltaspike.jsf.ViewConfigReloader                      : loaded 4 times (x 67B)
Class org.hotswap.agent.plugin.owb.OwbPlugin                                          : loaded 4 times (x 72B)
Class org.hotswap.agent.plugin.deltaspike.command.ProxyClassLoadingDelegate$1         : loaded 4 times (x 79B)
Class org.hotswap.agent.plugin.owb_jakarta.command.ProxyRefreshAgent                  : loaded 4 times (x 67B)
Class org.hotswap.agent.plugin.proxy.api.ProxyBytecodeGenerator                       : loaded 4 times (x 66B)
Class org.hotswap.agent.plugin.jvm.ClassInitPlugin$2                                  : loaded 4 times (x 72B)
Class org.hotswap.agent.plugin.ibatis.IBatisTransformers                              : loaded 4 times (x 67B)
Class org.hotswap.agent.plugin.mybatis.transformers.MyBatisTransformers               : loaded 4 times (x 67B)
Class org.hotswap.agent.plugin.proxy.java.ProxyGenerator$PrimitiveTypeInfo            : loaded 4 times (x 68B)
Class org.hotswap.agent.plugin.spring.transformers.api.ReloadableResourcePropertySource: loaded 4 times (x 66B)
Class org.hotswap.agent.plugin.deltaspike.transformer.DeltaSpikeProxyTransformer$2    : loaded 4 times (x 77B)
Class org.hotswap.agent.plugin.spring.SpringChangesAnalyzer$1                         : loaded 4 times (x 118B)
Class org.hotswap.agent.plugin.mybatis.transformers.MyBatisTransformers$1             : loaded 4 times (x 77B)
Class org.hotswap.agent.plugin.glassfish.GlassFishPlugin                              : loaded 4 times (x 67B)
Class org.hotswap.agent.plugin.deltaspike_jakarta.transformer.PartialBeanExtensionTransformer: loaded 4 times (x 67B)
Class org.hotswap.agent.plugin.deltaspike_jakarta.transformer.RepositoryTransformer   : loaded 4 times (x 67B)
Class org.hotswap.agent.plugin.owb.command.BeanClassRefreshCommand                    : loaded 4 times (x 76B)
Class org.hotswap.agent.plugin.deltaspike.command.ProxyClassLoadingDelegate           : loaded 4 times (x 67B)
Class org.hotswap.agent.plugin.spring.boot.env.v2.PropertiesPropertySourceLoader      : loaded 4 times (x 74B)
Class org.hotswap.agent.plugin.sponge.ReloadListenersCommand                          : loaded 4 times (x 71B)
Class org.hotswap.agent.plugin.proxy.hscglib.CglibEnhancerProxyBytecodeGenerator$FieldState: loaded 4 times (x 68B)
Class org.hotswap.agent.plugin.mojarra.MojarraPlugin$1                                : loaded 4 times (x 72B)
Class org.hotswap.agent.plugin.spring.transformers.XmlBeanDefinitionScannerTransformer: loaded 4 times (x 67B)
Class org.hotswap.agent.plugin.spring.boot.transformers.PropertySourceTransformer     : loaded 4 times (x 67B)
Class org.hotswap.agent.plugin.mojarra.transformer.MojarraTransformer                 : loaded 4 times (x 67B)
Class org.hotswap.agent.plugin.hotswapper.Trigger                                     : loaded 4 times (x 68B)
Class org.hotswap.agent.plugin.webobjects.HotswapWebObjectsPlugin$ClearValidationCache: loaded 4 times (x 72B)
Class org.hotswap.agent.plugin.thymeleaf.ThymeleafPlugin                              : loaded 4 times (x 67B)
Class org.hotswap.agent.plugin.mybatisplus.proxy.ConfigurationPlusProxy               : loaded 4 times (x 70B)
Class org.hotswap.agent.plugin.deltaspike_jakarta.transformer.HaAfteBeanDiscovery     : loaded 4 times (x 68B)
Class org.hotswap.agent.plugin.deltaspike_jakarta.transformer.DeltaSpikeProxyTransformer: loaded 4 times (x 67B)
Class org.hotswap.agent.plugin.hibernate_jakarta.HibernateTransformers                : loaded 4 times (x 67B)
Class com.ideadistribuidora.visus.services.ProveedoresService$$SpringCGLIB$$22        : loaded 4 times (x 134B)
Class org.hotswap.agent.plugin.jvm.ClassInitPlugin$1                                  : loaded 4 times (x 78B)
Class org.hotswap.agent.plugin.spring.getbean.SpringHotswapAgentProxy                 : loaded 4 times (x 66B)
Class org.hotswap.agent.plugin.spring.reload.SpringChangedReloadCommand               : loaded 4 times (x 76B)
Class org.hotswap.agent.plugin.jbossmodules.ModuleClassLoaderTransformer              : loaded 4 times (x 67B)
Class org.hotswap.agent.plugin.weld.WeldClassSignatureHelper                          : loaded 4 times (x 67B)
Class org.hotswap.agent.plugin.owb_jakarta.transformer.BeansDeployerTransformer       : loaded 4 times (x 67B)
Class org.hotswap.agent.plugin.spring.boot.env.ListPropertySourceReloader             : loaded 4 times (x 80B)
Class org.hotswap.agent.plugin.spring.reload.XmlsChangedCommand                       : loaded 4 times (x 75B)
Class org.hotswap.agent.plugin.tomcat.WebappLoaderTransformer                         : loaded 4 times (x 67B)
Class org.hotswap.agent.plugin.deltaspike.transformer.DeltaSpikeProxyContextualLifecycleTransformer: loaded 4 times (x 67B)
Class org.hotswap.agent.plugin.jackson.JacksonPlugin                                  : loaded 4 times (x 70B)
Class org.hotswap.agent.plugin.spring.transformers.PostProcessorRegistrationDelegateTransformer: loaded 4 times (x 67B)
Class org.hotswap.agent.plugin.spring.boot.transformers.PropertySourceLoaderTransformer$2: loaded 4 times (x 77B)
Class org.hotswap.agent.plugin.velocity.VelocityPlugin                                : loaded 4 times (x 67B)
Class org.hotswap.agent.plugin.cxf.jaxrs.CxfJAXRSCommand                              : loaded 4 times (x 76B)
Class org.hotswap.agent.plugin.weld.transformer.ProxyFactoryTransformer$1             : loaded 4 times (x 77B)
Class org.hotswap.agent.plugin.proxy.hscglib.GeneratorParams                          : loaded 4 times (x 72B)
Class org.hotswap.agent.plugin.owb.transformer.ProxyFactoryTransformer$1              : loaded 4 times (x 77B)
Class org.hotswap.agent.plugin.owb_jakarta.command.ProxyClassLoadingDelegate$1        : loaded 4 times (x 79B)
Class com.ideadistribuidora.visus.services.ListasService$$SpringCGLIB$$7              : loaded 4 times (x 120B)
Class org.hotswap.agent.plugin.myfaces.transformer.MyFacesTransformer                 : loaded 4 times (x 67B)
Class org.hotswap.agent.plugin.weld.transformer.ProxyFactoryTransformer$2             : loaded 4 times (x 77B)
Class org.hotswap.agent.plugin.owb.transformer.ProxyFactoryTransformer$2              : loaded 4 times (x 77B)
Class org.hotswap.agent.plugin.myfaces.MyFacesPlugin$1                                : loaded 4 times (x 72B)
Class org.hotswap.agent.plugin.spring.files.PropertyReload                            : loaded 4 times (x 67B)
Class org.hotswap.agent.plugin.proxy.api.AbstractProxyBytecodeTransformer             : loaded 4 times (x 76B)
Class org.hotswap.agent.plugin.proxy.api.SinglestepProxyTransformer                   : loaded 4 times (x 77B)
Class org.hotswap.agent.plugin.spring.getbean.DetachableBeanHolder                    : loaded 4 times (x 73B)
Class com.ideadistribuidora.visus.services.ListasService$$SpringCGLIB$$8              : loaded 4 times (x 120B)
Class org.hotswap.agent.plugin.weld_jakarta.ArchivePathHelper                         : loaded 4 times (x 67B)
Class org.hotswap.agent.plugin.cxf.jaxrs.CxfJAXRSTransformer                          : loaded 4 times (x 67B)
Class org.hotswap.agent.plugin.owb_jakarta.transformer.ProxyFactoryTransformer        : loaded 4 times (x 67B)
Class org.hotswap.agent.plugin.wildfly.el.WildFlyELResolverPlugin                     : loaded 4 times (x 70B)
Class org.hotswap.agent.plugin.deltaspike.transformer.DeltaSpikeProxyTransformer$1    : loaded 4 times (x 77B)
Class org.hotswap.agent.plugin.mojarra.command.ReloadManagedBeanCommand               : loaded 4 times (x 72B)
Class org.hotswap.agent.plugin.proxy.java.ProxyGenerator$ConstantPool                 : loaded 4 times (x 79B)
Class org.hotswap.agent.plugin.cxf.jaxrs.HaCdiExtraCxfContext                         : loaded 4 times (x 74B)
Class org.hotswap.agent.plugin.deltaspike.DeltaspikeClassSignatureHelper              : loaded 4 times (x 67B)
Class org.hotswap.agent.plugin.proxy.hscglib.CglibEnhancerProxyTransformer            : loaded 4 times (x 77B)
Class org.hotswap.agent.plugin.owb_jakarta.beans.ContextualReloadHelper               : loaded 4 times (x 67B)
Class org.hotswap.agent.plugin.cdi.HaCdiExtraContext                                  : loaded 4 times (x 66B)
Class org.hotswap.agent.plugin.spring.core.ResetTransactionAttributeCaches            : loaded 4 times (x 67B)
Class org.hotswap.agent.plugin.spring.core.ConfigurationClassPostProcessorEnhance     : loaded 4 times (x 73B)
Class org.hotswap.agent.plugin.hibernate_jakarta.HibernateJakartaPlugin               : loaded 4 times (x 74B)
Class org.hotswap.agent.plugin.osgiequinox.OsgiEquinoxPlugin                          : loaded 4 times (x 71B)
Class org.hotswap.agent.plugin.proxy.java.ProxyGenerator$ConstantPool$ValueEntry      : loaded 4 times (x 69B)
Class org.hotswap.agent.plugin.cxf.jaxrs.ClassResourceInfoProxyHelper$CriProxyMethodHandler: loaded 4 times (x 72B)
Class org.hotswap.agent.plugin.glassfish.WebappClassLoaderTransformer                 : loaded 4 times (x 67B)
Class org.hotswap.agent.plugin.proxy.hscglib.CglibProxyBytecodeGenerator              : loaded 4 times (x 72B)
Class org.hotswap.agent.plugin.spring.files.XmlBeanDefinitionScannerAgent             : loaded 4 times (x 70B)
Class org.hotswap.agent.plugin.weld.beans.ContextualReloadHelper                      : loaded 4 times (x 67B)
Class org.hotswap.agent.plugin.weld_jakarta.transformer.BeanDeploymentArchiveTransformer: loaded 4 times (x 67B)
Class org.hotswap.agent.plugin.spring.getbean.HotswapSpringInvocationHandler          : loaded 4 times (x 77B)
Class org.hotswap.agent.plugin.hibernate3.jpa.Hibernate3JPARefreshCommands            : loaded 4 times (x 67B)
Class org.hotswap.agent.plugin.spring.scanner.SpringBeanWatchEventListener            : loaded 4 times (x 72B)
Class org.hotswap.agent.plugin.mybatisplus.MyBatisPlusPlugin                          : loaded 4 times (x 72B)
Class org.hotswap.agent.plugin.proxy.hscglib.CglibProxyBytecodeTransformer            : loaded 4 times (x 76B)
Class org.hotswap.agent.plugin.owb_jakarta.transformer.AbstractProducerTransformer    : loaded 4 times (x 67B)
Class org.hotswap.agent.plugin.log4j2.Log4j2Plugin                                    : loaded 4 times (x 70B)
Class org.hotswap.agent.plugin.owb_jakarta.BeanReloadStrategy                         : loaded 4 times (x 75B)
Class org.hotswap.agent.plugin.weld.WeldPlugin                                        : loaded 4 times (x 75B)
Class org.hotswap.agent.plugin.hibernate3.session.proxy.OverrideConfig                : loaded 4 times (x 68B)
Class org.hotswap.agent.plugin.weld_jakarta.command.BeanReloadExecutor                : loaded 4 times (x 67B)
Class org.hotswap.agent.plugin.owb.BeanReloadStrategy                                 : loaded 4 times (x 75B)
Class org.hotswap.agent.plugin.weld_jakarta.BeanReloadStrategy                        : loaded 4 times (x 75B)
Class org.hotswap.agent.plugin.wicket.WicketPlugin                                    : loaded 4 times (x 70B)
Class org.hotswap.agent.plugin.spring.boot.transformers.PropertySourceLoaderTransformer$1: loaded 4 times (x 77B)
Class org.hotswap.agent.plugin.proxy.ProxyTransformationUtils$1                       : loaded 4 times (x 118B)
Class org.hotswap.agent.plugin.hibernate3.jpa.Hibernate3JPATransformers               : loaded 4 times (x 67B)
Class org.hotswap.agent.plugin.spring.listener.SpringEvent                            : loaded 4 times (x 70B)
Class org.hotswap.agent.plugin.spring.transformers.support.InitMethodEnhance          : loaded 4 times (x 67B)
Class org.hotswap.agent.plugin.deltaspike.transformer.PartialBeanTransformer          : loaded 4 times (x 67B)
Class org.hotswap.agent.plugin.proxy.api.AbstractProxyTransformer                     : loaded 4 times (x 77B)
Class org.hotswap.agent.plugin.deltaspike_jakarta.command.ProxyClassLoadingDelegate   : loaded 4 times (x 67B)
Class org.hotswap.agent.plugin.spring.transformers.ConfigurationClassPostProcessorTransformer: loaded 4 times (x 67B)
Class org.hotswap.agent.plugin.spring.transformers.ProxyReplacerTransformer           : loaded 4 times (x 67B)
Class org.hotswap.agent.plugin.osgiequinox.OsgiEquinoxPlugin$1                        : loaded 4 times (x 72B)
Class org.hotswap.agent.plugin.mybatis.transformers.XPathParserCaller                 : loaded 4 times (x 67B)
Class org.hotswap.agent.plugin.deltaspike_jakarta.command.RepositoryRefreshCommand    : loaded 4 times (x 75B)
Class org.hotswap.agent.plugin.spring.reload.SpringChangedAgent                       : loaded 4 times (x 89B)
Class org.hotswap.agent.plugin.spring.core.BeanFactoryProcessor                       : loaded 4 times (x 67B)
Class org.hotswap.agent.plugin.owb.transformer.AbstractProducerTransformer            : loaded 4 times (x 67B)
Class org.hotswap.agent.plugin.owb_jakarta.transformer.AbstractProducerTransformer$1  : loaded 4 times (x 77B)
Class org.hotswap.agent.plugin.owb_jakarta.command.BeanClassRefreshCommand            : loaded 4 times (x 76B)
Class org.hotswap.agent.plugin.proxy.api.TransformationState                          : loaded 4 times (x 75B)
Class org.hotswap.agent.plugin.mybatisplus.MyBatisPlusRefreshCommands                 : loaded 4 times (x 67B)
Class org.hotswap.agent.plugin.webobjects.HotswapWebObjectsPlugin$ClearComponentCache : loaded 4 times (x 72B)
Class org.hotswap.agent.plugin.hibernate.HibernatePersistenceHelper                   : loaded 4 times (x 67B)
Class org.hotswap.agent.plugin.jvm.AnonymousClassPatchPlugin                          : loaded 4 times (x 67B)
Class org.hotswap.agent.plugin.weld.transformer.AbstractClassBeanTransformer          : loaded 4 times (x 67B)
Class com.ideadistribuidora.visus.services.ProveedoresService$$SpringCGLIB$$21        : loaded 4 times (x 134B)
Class org.hotswap.agent.plugin.zk.ZkPlugin$1                                          : loaded 4 times (x 72B)
Class org.hotswap.agent.plugin.spring.reload.ClassChangedCommand                      : loaded 4 times (x 75B)
Class org.hotswap.agent.plugin.spring.boot.env.BasePropertiesPropertySourceLoader     : loaded 4 times (x 73B)
Class org.hotswap.agent.plugin.jdk.JdkPlugin                                          : loaded 4 times (x 67B)
Class org.hotswap.agent.plugin.deltaspike_jakarta.command.ProxyClassLoadingDelegate$1 : loaded 4 times (x 79B)
Class org.hotswap.agent.plugin.proxy.java.ProxyGenerator$ProxyMethod                  : loaded 4 times (x 68B)
Class org.hotswap.agent.plugin.jersey1.Jersey1Plugin$1                                : loaded 4 times (x 72B)
Class org.hotswap.agent.plugin.weld_jakarta.WeldJakartaPlugin$1                       : loaded 4 times (x 72B)
Class org.hotswap.agent.plugin.proxy.java.ProxyGenerator$1                            : loaded 4 times (x 73B)
Class org.hotswap.agent.plugin.spring.transformers.InitDestroyAnnotationBeanPostProcessorTransformer: loaded 4 times (x 67B)
Class com.ideadistribuidora.visus.services.TransportistasService$$SpringCGLIB$$7      : loaded 4 times (x 138B)
Class org.hotswap.agent.plugin.weld.transformer.CdiContextsTransformer                : loaded 4 times (x 67B)
Class org.hotswap.agent.plugin.elresolver.PurgeJbossReflectionUtil                    : loaded 4 times (x 75B)
Class org.hotswap.agent.plugin.owb.OwbPlugin$1                                        : loaded 4 times (x 72B)
Class org.hotswap.agent.plugin.mybatis.MyBatisPlugin                                  : loaded 4 times (x 72B)
Class org.hotswap.agent.plugin.weld_jakarta.command.ProxyClassLoadingDelegate         : loaded 4 times (x 67B)
Class org.hotswap.agent.plugin.proxy.api.ProxyTransformer                             : loaded 4 times (x 66B)
Class org.hotswap.agent.plugin.hibernate.proxy.SessionFactoryProxy$1                  : loaded 4 times (x 72B)
Class org.hotswap.agent.plugin.weld.command.BdaAgentRegistry                          : loaded 4 times (x 67B)
Class org.hotswap.agent.plugin.deltaspike.transformer.HaAfteBeanDiscovery             : loaded 4 times (x 68B)
Class org.hotswap.agent.plugin.sponge.ReloadListenersCommand$1                        : loaded 4 times (x 67B)
Class org.hotswap.agent.plugin.spring.utils.ClassSignatureComparer                    : loaded 4 times (x 67B)
Class org.hotswap.agent.plugin.mybatisplus.transformers.MyBatisPlusTransformers$1     : loaded 4 times (x 78B)
Class org.hotswap.agent.plugin.jbossmodules.JBossModulesPlugin                        : loaded 4 times (x 69B)
Class org.hotswap.agent.plugin.proxy.java.ProxyGenerator                              : loaded 4 times (x 68B)
Class org.hotswap.agent.plugin.spring.files.PropertiesChangeEvent$PropertyChangeItem  : loaded 4 times (x 74B)
Class org.hotswap.agent.plugin.hibernate3.jpa.Hibernate3JPAPlugin                     : loaded 4 times (x 77B)
Class org.hotswap.agent.plugin.hotswapper.HotSwapperJpda                              : loaded 4 times (x 73B)
Class org.hotswap.agent.plugin.deltaspike.jsf.ViewConfigReloadCommand                 : loaded 4 times (x 75B)
Class com.ideadistribuidora.visus.services.TransportistasService$$SpringCGLIB$$8      : loaded 4 times (x 138B)
Class org.hotswap.agent.plugin.mybatisplus.transformers.MyBatisPlusTransformers$2     : loaded 4 times (x 77B)
Class org.hotswap.agent.plugin.weld_jakarta.command.BeanClassRefreshAgent             : loaded 4 times (x 71B)
Class org.hotswap.agent.plugin.proxy.java.ProxyGenerator$MethodInfo                   : loaded 4 times (x 69B)
Class org.hotswap.agent.plugin.owb_jakarta.command.BeanClassRefreshAgent              : loaded 4 times (x 67B)
Class org.hotswap.agent.plugin.hotswapper.HotSwapper                                  : loaded 4 times (x 67B)
Class org.hotswap.agent.plugin.spring.transformers.BeanFactoryTransformer             : loaded 4 times (x 67B)
Class org.hotswap.agent.plugin.vaadin.VaadinIntegration                               : loaded 4 times (x 71B)
Class org.hotswap.agent.plugin.deltaspike.command.PartialBeanClassRefreshCommand      : loaded 4 times (x 76B)
Class org.hotswap.agent.plugin.deltaspike.transformer.ViewConfigTransformer$1         : loaded 4 times (x 77B)
Class org.hotswap.agent.plugin.proxy.RedefinitionScheduler                            : loaded 4 times (x 71B)
Class org.hotswap.agent.plugin.mybatisplus.transformers.MyBatisPlusTransformers$3     : loaded 4 times (x 77B)
Class org.hotswap.agent.plugin.weld_jakarta.transformer.ProxyFactoryTransformer       : loaded 4 times (x 67B)
Class org.hotswap.agent.plugin.proxy.ProxyPlugin                                      : loaded 4 times (x 67B)
Class org.hotswap.agent.plugin.proxy.api.MultistepProxyTransformer$1                  : loaded 4 times (x 67B)
Class org.hotswap.agent.plugin.weld.beans.WeldHotswapContext                          : loaded 4 times (x 66B)
Class org.hotswap.agent.plugin.proxy.api.MultistepProxyTransformer                    : loaded 4 times (x 84B)
Class org.hotswap.agent.plugin.elresolver.PurgeBeanELResolverCacheCommand             : loaded 4 times (x 75B)
Class org.hotswap.agent.plugin.spring.transformers.ResourcePropertySourceTransformer  : loaded 4 times (x 67B)
Class org.hotswap.agent.plugin.hibernate_jakarta.proxy.SessionFactoryProxy            : loaded 4 times (x 70B)
Class org.hotswap.agent.plugin.mybatis.proxy.SpringMapperFactoryBean                  : loaded 4 times (x 67B)
Class org.hotswap.agent.plugin.undertow.UndertowPlugin                                : loaded 4 times (x 68B)
Class org.hotswap.agent.plugin.cxf.jaxrs.CxfJAXRSPlugin                               : loaded 4 times (x 75B)
Class org.hotswap.agent.plugin.myfaces.MyFacesConstants                               : loaded 4 times (x 67B)
Class org.hotswap.agent.plugin.spring.SpringPlugin                                    : loaded 4 times (x 76B)
Class org.hotswap.agent.plugin.spring.core.ResetSpringStaticCaches                    : loaded 4 times (x 67B)
Class org.hotswap.agent.plugin.proxy.hscglib.CglibEnhancerProxyBytecodeGenerator      : loaded 4 times (x 72B)
Class org.hotswap.agent.plugin.weld.command.BeanClassRefreshCommand                   : loaded 4 times (x 75B)
Class org.hotswap.agent.plugin.mybatisplus.proxy.ConfigurationPlusProxy$1             : loaded 4 times (x 72B)
Class org.hotswap.agent.plugin.freemarker.FreeMarkerPlugin$1                          : loaded 4 times (x 72B)
Class org.hotswap.agent.plugin.webobjects.HotswapWebObjectsPlugin$ClearActionCache    : loaded 4 times (x 72B)
Class org.hotswap.agent.plugin.spring.scanner.ClassPathBeanDefinitionScannerAgent     : loaded 4 times (x 71B)
Class org.hotswap.agent.plugin.hibernate3.jpa.Hibernate3JPAPlugin$1                   : loaded 4 times (x 72B)
Class org.hotswap.agent.plugin.hotswapper.HotswapperPlugin$1                          : loaded 4 times (x 72B)
Class org.hotswap.agent.plugin.owb.transformer.ProxyFactoryTransformer                : loaded 4 times (x 67B)
Class org.hotswap.agent.plugin.owb_jakarta.OwbClassSignatureHelper$1                  : loaded 4 times (x 67B)
Class com.ideadistribuidora.visus.services.TransportistasService$$SpringCGLIB$$9      : loaded 4 times (x 138B)
Class org.hotswap.agent.plugin.spring.transformers.ClassPathBeanDefinitionScannerTransformer: loaded 4 times (x 67B)
Class org.hotswap.agent.plugin.spring.boot.env.HotswapSpringProperties                : loaded 4 times (x 152B)
Class org.hotswap.agent.plugin.spring.utils.AnnotatedBeanDefinitionUtils              : loaded 4 times (x 67B)
Class org.hotswap.agent.plugin.proxy.ReloadJavaProxyCommand                           : loaded 4 times (x 77B)
Class org.hotswap.agent.plugin.ibatis.IBatisPlugin                                    : loaded 4 times (x 71B)
Class org.hotswap.agent.plugin.spring.boot.env.v2.YamlPropertySourceLoader            : loaded 4 times (x 74B)
Class org.hotswap.agent.plugin.weld.transformer.ProxyFactoryTransformer               : loaded 4 times (x 67B)
Class org.hotswap.agent.plugin.jackson.JacksonPlugin$1                                : loaded 4 times (x 72B)
Class org.hotswap.agent.plugin.weld_jakarta.beans.ContextualReloadHelper              : loaded 4 times (x 67B)
Class com.ideadistribuidora.visus.services.ClientesService$$SpringCGLIB$$21           : loaded 3 times (x 140B)
Class com.ideadistribuidora.visus.services.ProveedoresService$$SpringCGLIB$$28        : loaded 3 times (x 134B)
Class com.ideadistribuidora.visus.services.ListasPorcentualesService$$SpringCGLIB$$10 : loaded 3 times (x 123B)
Class com.ideadistribuidora.visus.services.ListasService$$SpringCGLIB$$9              : loaded 3 times (x 120B)
Class com.ideadistribuidora.visus.services.TransportistasService$$SpringCGLIB$$10     : loaded 3 times (x 138B)
Class com.ideadistribuidora.visus.services.DepartamentosService$$SpringCGLIB$$10      : loaded 3 times (x 124B)
Class org.springframework.beans.factory.BeanClassLoaderAware                          : loaded 2 times (x 66B)
Class com.vaadin.flow.server.AppShellSettings                                         : loaded 2 times (x 93B)
Class jakarta.servlet.ServletContext                                                  : loaded 2 times (x 66B)
Class org.springframework.beans.factory.BeanFactory                                   : loaded 2 times (x 66B)
Class org.springframework.core.io.support.ResourcePatternResolver                     : loaded 2 times (x 66B)
Class [Lcom.vaadin.flow.shared.communication.PushMode;                                : loaded 2 times (x 65B)
Class org.springframework.boot.SpringApplication                                      : loaded 2 times (x 127B)
Class org.springframework.core.io.ResourceLoader                                      : loaded 2 times (x 66B)
Class org.springframework.data.repository.config.BootstrapMode                        : loaded 2 times (x 75B)
Class jakarta.servlet.ServletException                                                : loaded 2 times (x 79B)
Class org.hotswap.agent.watch.WatchEventListener                                      : loaded 2 times (x 66B)
Class org.hotswap.agent.javassist.util.proxy.MethodFilter                             : loaded 2 times (x 66B)
Class com.vaadin.flow.component.page.Push                                             : loaded 2 times (x 66B)
Class org.hotswap.agent.command.Command                                               : loaded 2 times (x 66B)
Class org.springframework.data.repository.query.QueryLookupStrategy$Key               : loaded 2 times (x 75B)
Class org.springframework.context.annotation.Import                                   : loaded 2 times (x 66B)
Class org.springframework.boot.autoconfigure.EnableAutoConfiguration                  : loaded 2 times (x 66B)
Class org.springframework.web.context.WebApplicationContext                           : loaded 2 times (x 66B)
Class org.springframework.beans.factory.Aware                                         : loaded 2 times (x 66B)
Class [Lorg.springframework.context.annotation.Bean$Bootstrap;                        : loaded 2 times (x 65B)
Class [Lorg.springframework.data.repository.query.QueryLookupStrategy$Key;            : loaded 2 times (x 65B)
Class com.vaadin.collaborationengine.CollaborationEngineConfiguration                 : loaded 2 times (x 85B)
Class org.springframework.data.jpa.repository.support.JpaRepositoryFactoryBean        : loaded 2 times (x 129B)
Class org.springframework.data.repository.core.support.TransactionalRepositoryFactoryBeanSupport: loaded 2 times (x 124B)
Class org.springframework.context.annotation.ComponentScan                            : loaded 2 times (x 66B)
Class org.springframework.beans.factory.BeanFactoryAware                              : loaded 2 times (x 66B)
Class org.springframework.data.repository.config.DefaultRepositoryBaseClass           : loaded 2 times (x 67B)
Class org.hotswap.agent.javassist.expr.ExprEditor                                     : loaded 2 times (x 77B)
Class org.hotswap.agent.util.HaClassFileTransformer                                   : loaded 2 times (x 66B)
Class org.springframework.beans.factory.FactoryBean                                   : loaded 2 times (x 66B)
Class org.springframework.boot.WebApplicationType                                     : loaded 2 times (x 75B)
Class [Lorg.hotswap.agent.logging.AgentLogger$Level;                                  : loaded 2 times (x 65B)
Class [Lorg.springframework.data.repository.config.BootstrapMode;                     : loaded 2 times (x 65B)
Class org.springframework.data.repository.core.support.RepositoryFactoryBeanSupport   : loaded 2 times (x 121B)
Class org.springframework.beans.factory.ListableBeanFactory                           : loaded 2 times (x 66B)
Class com.vaadin.flow.component.page.AppShellConfigurator                             : loaded 2 times (x 66B)
Class org.springframework.beans.factory.InitializingBean                              : loaded 2 times (x 66B)
Class org.springframework.core.env.EnvironmentCapable                                 : loaded 2 times (x 66B)
Class org.springframework.web.WebApplicationInitializer                               : loaded 2 times (x 66B)
Class [Lorg.springframework.context.annotation.ComponentScan$Filter;                  : loaded 2 times (x 65B)
Class org.springframework.context.Lifecycle                                           : loaded 2 times (x 66B)
Class org.springframework.boot.builder.SpringApplicationBuilder                       : loaded 2 times (x 104B)
Class com.vaadin.flow.theme.Theme                                                     : loaded 2 times (x 66B)
Class org.springframework.data.repository.core.support.RepositoryFactoryInformation   : loaded 2 times (x 66B)
Class org.springframework.context.annotation.Bean                                     : loaded 2 times (x 66B)
Class org.springframework.context.MessageSource                                       : loaded 2 times (x 66B)
Class com.vaadin.flow.shared.communication.PushMode                                   : loaded 2 times (x 75B)
Class org.springframework.context.ApplicationEventPublisherAware                      : loaded 2 times (x 66B)
Class org.hotswap.agent.javassist.ClassPool                                           : loaded 2 times (x 118B)
Class org.hotswap.agent.logging.AgentLoggerHandler                                    : loaded 2 times (x 72B)
Class org.springframework.beans.factory.support.BeanNameGenerator                     : loaded 2 times (x 66B)
Class org.springframework.core.annotation.AliasFor                                    : loaded 2 times (x 66B)
Class org.springframework.boot.web.servlet.support.SpringBootServletInitializer       : loaded 2 times (x 78B)
Class org.springframework.context.annotation.Bean$Bootstrap                           : loaded 2 times (x 75B)
Class org.springframework.context.ConfigurableApplicationContext                      : loaded 2 times (x 66B)
Class org.hotswap.agent.logging.AgentLogger$Level                                     : loaded 2 times (x 75B)
Class org.springframework.context.EnvironmentAware                                    : loaded 2 times (x 66B)
Class com.vaadin.flow.shared.ui.Transport                                             : loaded 2 times (x 75B)
Class org.hotswap.agent.logging.AgentLogger                                           : loaded 2 times (x 85B)
Class org.springframework.boot.autoconfigure.SpringBootApplication                    : loaded 2 times (x 66B)
Class com.vaadin.flow.theme.AbstractTheme                                             : loaded 2 times (x 66B)
Class org.springframework.context.ApplicationEventPublisher                           : loaded 2 times (x 66B)
Class [Lcom.vaadin.flow.shared.ui.Transport;                                          : loaded 2 times (x 65B)
Class org.springframework.context.annotation.ComponentScan$Filter                     : loaded 2 times (x 66B)
Class org.hotswap.agent.command.ReflectionCommand                                     : loaded 2 times (x 83B)
Class org.springframework.beans.factory.HierarchicalBeanFactory                       : loaded 2 times (x 66B)
Class org.hotswap.agent.util.classloader.WatchResourcesClassLoader                    : loaded 2 times (x 113B)
Class org.hotswap.agent.command.MergeableCommand                                      : loaded 2 times (x 75B)
Class org.hotswap.agent.javassist.util.proxy.MethodHandler                            : loaded 2 times (x 66B)
Class org.springframework.boot.SpringBootConfiguration                                : loaded 2 times (x 66B)
Class org.springframework.context.ApplicationContext                                  : loaded 2 times (x 66B)
Class org.springframework.data.jpa.repository.config.EnableJpaRepositories            : loaded 2 times (x 66B)

---------------  S Y S T E M  ---------------

OS:
 Windows 10 , 64 bit Build 19041 (10.0.19041.5915)
OS uptime: 0 days 16:06 hours
Hyper-V role detected

CPU: total 4 (initial active 4) (2 cores per cpu, 2 threads per core) family 6 model 142 stepping 9 microcode 0xf6, cx8, cmov, fxsr, ht, mmx, 3dnowpref, sse, sse2, sse3, ssse3, sse4.1, sse4.2, popcnt, lzcnt, tsc, tscinvbit, avx, avx2, aes, erms, clmul, bmi1, bmi2, rtm, adx, fma, vzeroupper, clflush, clflushopt, hv, rdtscp, f16c
Processor Information for the first 4 processors :
  Max Mhz: 2904, Current Mhz: 2803, Mhz Limit: 2787

Memory: 4k page, system-wide physical 16264M (4466M free)
TotalPageFile size 27528M (AvailPageFile size 7029M)
current process WorkingSet (physical memory assigned to process): 803M, peak: 936M
current process commit charge ("private bytes"): 871M, peak: 979M

vm_info: OpenJDK 64-Bit Server VM (21.0.6+9-b895.97) for windows-amd64 JRE (21.0.6+9-b895.97), built on 2025-03-03 by "builduser" with MS VC++ 16.10 / 16.11 (VS2019)

END.
