#
# A fatal error has been detected by the Java Runtime Environment:
#
#  EXCEPTION_ACCESS_VIOLATION (0xc0000005) at pc=0x00007ff86c154737, pid=16592, tid=1916
#
# JRE version: OpenJDK Runtime Environment JBR-21.0.6+9-895.97-nomod (21.0.6+9) (build 21.0.6+9-b895.97)
# Java VM: OpenJDK 64-Bit Server VM JBR-21.0.6+9-895.97-nomod (21.0.6+9-b895.97, mixed mode, sharing, tiered, compressed oops, compressed class ptrs, g1 gc, windows-amd64)
# Problematic frame:
# V  [jvm.dll+0x544737]  ChangePointersOopClosure<StoreNoBarrier>::do_oop+0x57
#
# No core dump will be written. Minidumps are not enabled by default on client versions of Windows
#
# If you would like to submit a bug report, please visit:
#   https://youtrack.jetbrains.com/issues/JBR
#

---------------  S U M M A R Y ------------

Command Line: -agentlib:jdwp=transport=dt_socket,server=n,suspend=y,address=localhost:58321 -XX:+AllowEnhancedClassRedefinition -XX:+ClassUnloading -XX:HotswapAgent=fatjar -XX:+ShowCodeDetailsInExceptionMessages -Dspring.jmx.enabled=true -Dmanagement.endpoints.jmx.exposure.include=* -Dspring.application.admin.enabled=true -Dspring.boot.project.name=undefined -Djava.rmi.server.hostname=localhost -Dcom.sun.management.jmxremote.port=45556 -Dcom.sun.management.jmxremote.authenticate=false -Dcom.sun.management.jmxremote.ssl=false com.ideadistribuidora.visus.Application

Host: Intel(R) Core(TM) i7-7600U CPU @ 2.80GHz, 4 cores, 15G,  Windows 10 , 64 bit Build 19041 (10.0.19041.5678)
Time: Sun Mar 30 15:48:37 2025 Hora estándar de Argentina elapsed time: 8802.906833 seconds (0d 2h 26m 42s)

---------------  T H R E A D  ---------------

Current thread (0x0000022fe1cddd00):  VMThread "VM Thread"          [id=1916, stack(0x000000f6f9b00000,0x000000f6f9c00000) (1024K)]

Stack: [0x000000f6f9b00000,0x000000f6f9c00000],  sp=0x000000f6f9bfdaf0,  free space=1014k
Native frames: (J=compiled Java code, j=interpreted, Vv=VM code, C=native code)
V  [jvm.dll+0x544737]  ChangePointersOopClosure<StoreNoBarrier>::do_oop+0x57  (jvmtiEnhancedRedefineClasses.cpp:430)
V  [jvm.dll+0x3208ab]  frame::oops_interpreted_do+0x31b  (frame.cpp:947)
V  [jvm.dll+0x320305]  frame::oops_do_internal+0x65  (frame.cpp:1160)
V  [jvm.dll+0x3fe355]  JavaThread::oops_do_frames+0x105  (javaThread.cpp:1378)
V  [jvm.dll+0x86bfa6]  Thread::oops_do+0x86  (thread.cpp:437)
V  [jvm.dll+0x875b6f]  Threads::oops_do+0x3f  (threads.cpp:1091)
V  [jvm.dll+0x5453fa]  VM_EnhancedRedefineClasses::doit+0x38a  (jvmtiEnhancedRedefineClasses.cpp:642)
V  [jvm.dll+0x8ccad8]  VM_Operation::evaluate+0x108  (vmOperations.cpp:77)
V  [jvm.dll+0x8cde54]  VMThread::inner_execute+0x294  (vmThread.cpp:435)
V  [jvm.dll+0x8ce390]  VMThread::loop+0x270  (vmThread.cpp:502)
V  [jvm.dll+0x8ce623]  VMThread::run+0x63  (vmThread.cpp:180)
V  [jvm.dll+0x86bc68]  Thread::call_run+0xc8  (thread.cpp:231)
V  [jvm.dll+0x6e44bd]  os::win32::thread_native_entry+0x7d  (os_windows.cpp:557)
C  [ucrtbase.dll+0x21bb2]
C  [KERNEL32.DLL+0x17374]
C  [ntdll.dll+0x4cc91]

JavaThread 0x0000022fe9f2d800 (nid = 18252) was being processed
Java frames: (J=compiled Java code, j=interpreted, Vv=VM code)
j  java.lang.invoke.DirectMethodHandle$Holder.newInvokeSpecial(Ljava/lang/Object;Ljava/lang/Object;)Ljava/lang/Object;+16 java.base@21.0.6
j  java.lang.invoke.LambdaForm$MH+0x0000022f810ca800.invoke(Ljava/lang/Object;Ljava/lang/Object;)Ljava/lang/Object;+31 java.base@21.0.6
J 89058 c1 jdk.internal.reflect.DirectConstructorHandleAccessor.newInstance([Ljava/lang/Object;)Ljava/lang/Object; java.base@21.0.6 (130 bytes) @ 0x0000022fcc9f81cc [0x0000022fcc9f7f60+0x000000000000026c]
J 89040 c1 java.lang.reflect.Constructor.newInstanceWithCaller([Ljava/lang/Object;ZLjava/lang/Class;)Ljava/lang/Object; java.base@21.0.6 (51 bytes) @ 0x0000022fcbf1145c [0x0000022fcbf11360+0x00000000000000fc]
J 87061 c1 java.lang.reflect.Constructor.newInstance([Ljava/lang/Object;)Ljava/lang/Object; java.base@21.0.6 (34 bytes) @ 0x0000022fcbf08054 [0x0000022fcbf07ee0+0x0000000000000174]
j  org.springframework.beans.BeanUtils.instantiateClass(Ljava/lang/reflect/Constructor;[Ljava/lang/Object;)Ljava/lang/Object;+149
j  org.springframework.beans.factory.support.SimpleInstantiationStrategy.instantiate(Lorg/springframework/beans/factory/support/RootBeanDefinition;Ljava/lang/String;Lorg/springframework/beans/factory/BeanFactory;Ljava/lang/reflect/Constructor;[Ljava/lang/Object;)Ljava/lang/Object;+11
j  org.springframework.beans.factory.support.ConstructorResolver.instantiate(Ljava/lang/String;Lorg/springframework/beans/factory/support/RootBeanDefinition;Ljava/lang/reflect/Constructor;[Ljava/lang/Object;)Ljava/lang/Object;+20
j  org.springframework.beans.factory.support.ConstructorResolver.autowireConstructor(Ljava/lang/String;Lorg/springframework/beans/factory/support/RootBeanDefinition;[Ljava/lang/reflect/Constructor;[Ljava/lang/Object;)Lorg/springframework/beans/BeanWrapper;+900
j  org.springframework.beans.factory.support.AbstractAutowireCapableBeanFactory.autowireConstructor(Ljava/lang/String;Lorg/springframework/beans/factory/support/RootBeanDefinition;[Ljava/lang/reflect/Constructor;[Ljava/lang/Object;)Lorg/springframework/beans/BeanWrapper;+13
j  org.springframework.beans.factory.support.AbstractAutowireCapableBeanFactory.createBeanInstance(Ljava/lang/String;Lorg/springframework/beans/factory/support/RootBeanDefinition;[Ljava/lang/Object;)Lorg/springframework/beans/BeanWrapper;+213
j  org.springframework.beans.factory.support.AbstractAutowireCapableBeanFactory.doCreateBean(Ljava/lang/String;Lorg/springframework/beans/factory/support/RootBeanDefinition;[Ljava/lang/Object;)Ljava/lang/Object;+34
j  org.springframework.beans.factory.support.AbstractAutowireCapableBeanFactory.createBean(Ljava/lang/String;Lorg/springframework/beans/factory/support/RootBeanDefinition;[Ljava/lang/Object;)Ljava/lang/Object;+155
j  org.springframework.beans.factory.support.AbstractAutowireCapableBeanFactory.createBean(Ljava/lang/Class;)Ljava/lang/Object;+34
j  com.vaadin.flow.spring.SpringInstantiator.getOrCreate(Ljava/lang/Class;)Ljava/lang/Object;+83
j  com.vaadin.flow.di.Instantiator.createRouteTarget(Ljava/lang/Class;Lcom/vaadin/flow/router/NavigationEvent;)Lcom/vaadin/flow/component/HasElement;+2
j  com.vaadin.flow.router.internal.AbstractNavigationStateRenderer.lambda$getRouteTarget$1(Lcom/vaadin/flow/di/Instantiator;Ljava/lang/Class;Lcom/vaadin/flow/router/NavigationEvent;)Lcom/vaadin/flow/component/HasElement;+3
j  com.vaadin.flow.router.internal.AbstractNavigationStateRenderer$$Lambda+0x0000022f821c3488.get()Ljava/lang/Object;+12
j  java.util.Optional.orElseGet(Ljava/util/function/Supplier;)Ljava/lang/Object;+15 java.base@21.0.6
j  com.vaadin.flow.router.internal.AbstractNavigationStateRenderer.getRouteTarget(Ljava/lang/Class;Lcom/vaadin/flow/router/NavigationEvent;Z)Lcom/vaadin/flow/component/HasElement;+97
j  com.vaadin.flow.router.internal.AbstractNavigationStateRenderer.sendBeforeEnterEventAndPopulateChain(Lcom/vaadin/flow/router/BeforeEnterEvent;Lcom/vaadin/flow/router/NavigationEvent;Ljava/util/List;)Ljava/util/Optional;+65
j  com.vaadin.flow.router.internal.AbstractNavigationStateRenderer.createChainIfEmptyAndExecuteBeforeEnterNavigation(Lcom/vaadin/flow/router/BeforeEnterEvent;Lcom/vaadin/flow/router/NavigationEvent;Ljava/util/List;)Ljava/util/Optional;+54
j  com.vaadin.flow.router.internal.AbstractNavigationStateRenderer.handle(Lcom/vaadin/flow/router/NavigationEvent;)I+293
j  com.vaadin.flow.component.internal.JavaScriptNavigationStateRenderer.handle(Lcom/vaadin/flow/router/NavigationEvent;)I+16
j  com.vaadin.flow.component.UI.handleNavigation(Lcom/vaadin/flow/router/Location;Lcom/vaadin/flow/router/NavigationState;Lcom/vaadin/flow/router/NavigationTrigger;)V+33
j  com.vaadin.flow.component.UI.renderViewForRoute(Lcom/vaadin/flow/router/Location;Lcom/vaadin/flow/router/NavigationTrigger;)V+46
j  com.vaadin.flow.component.UI.browserNavigate(Lcom/vaadin/flow/component/UI$BrowserNavigateEvent;)V+164
j  com.vaadin.flow.component.UI$$Lambda+0x0000022f82171278.onComponentEvent(Lcom/vaadin/flow/component/ComponentEvent;)V+8
j  com.vaadin.flow.component.ComponentEventBus.fireEventForListener(Lcom/vaadin/flow/component/ComponentEvent;Lcom/vaadin/flow/component/ComponentEventBus$ListenerWrapper;)V+22
j  com.vaadin.flow.component.ComponentEventBus.handleDomEvent(Ljava/lang/Class;Lcom/vaadin/flow/dom/DomEvent;Lcom/vaadin/flow/component/ComponentEventBus$ListenerWrapper;)V+16
j  com.vaadin.flow.component.ComponentEventBus.lambda$addDomTrigger$dd1b7957$1(Ljava/lang/Class;Lcom/vaadin/flow/component/ComponentEventBus$ListenerWrapper;Lcom/vaadin/flow/dom/DomEvent;)V+4
j  com.vaadin.flow.component.ComponentEventBus$$Lambda+0x0000022f8216dfe0.handleEvent(Lcom/vaadin/flow/dom/DomEvent;)V+13
j  com.vaadin.flow.internal.nodefeature.ElementListenerMap.lambda$fireEvent$2(Lcom/vaadin/flow/dom/DomEvent;Lcom/vaadin/flow/dom/DomEventListener;)V+2
j  com.vaadin.flow.internal.nodefeature.ElementListenerMap$$Lambda+0x0000022f821bda60.accept(Ljava/lang/Object;)V+8
J 89869 c1 java.util.ArrayList.forEach(Ljava/util/function/Consumer;)V java.base@21.0.6 (74 bytes) @ 0x0000022fcc93c354 [0x0000022fcc93c280+0x00000000000000d4]
j  com.vaadin.flow.internal.nodefeature.ElementListenerMap.fireEvent(Lcom/vaadin/flow/dom/DomEvent;)V+234
j  com.vaadin.flow.server.communication.rpc.EventRpcHandler.handleNode(Lcom/vaadin/flow/internal/StateNode;Lelemental/json/JsonObject;)Ljava/util/Optional;+81
j  com.vaadin.flow.server.communication.rpc.AbstractRpcInvocationHandler.handle(Lcom/vaadin/flow/component/UI;Lelemental/json/JsonObject;)Ljava/util/Optional;+175
j  com.vaadin.flow.server.communication.ServerRpcHandler.handleInvocationData(Lcom/vaadin/flow/component/UI;Lelemental/json/JsonObject;)V+47
j  com.vaadin.flow.server.communication.ServerRpcHandler.lambda$handleInvocations$5(Lcom/vaadin/flow/component/UI;Lelemental/json/JsonObject;)V+3
j  com.vaadin.flow.server.communication.ServerRpcHandler$$Lambda+0x0000022f821bd5c0.accept(Ljava/lang/Object;)V+12
J 89869 c1 java.util.ArrayList.forEach(Ljava/util/function/Consumer;)V java.base@21.0.6 (74 bytes) @ 0x0000022fcc93c354 [0x0000022fcc93c280+0x00000000000000d4]
j  com.vaadin.flow.server.communication.ServerRpcHandler.handleInvocations(Lcom/vaadin/flow/component/UI;Lelemental/json/JsonArray;)V+168
j  com.vaadin.flow.server.communication.ServerRpcHandler.handleRpc(Lcom/vaadin/flow/component/UI;Ljava/io/Reader;Lcom/vaadin/flow/server/VaadinRequest;)V+233
j  com.vaadin.flow.server.communication.UidlRequestHandler.synchronizedHandleRequest(Lcom/vaadin/flow/server/VaadinSession;Lcom/vaadin/flow/server/VaadinRequest;Lcom/vaadin/flow/server/VaadinResponse;)Z+48
j  com.vaadin.flow.server.SynchronizedRequestHandler.handleRequest(Lcom/vaadin/flow/server/VaadinSession;Lcom/vaadin/flow/server/VaadinRequest;Lcom/vaadin/flow/server/VaadinResponse;)Z+18
j  com.vaadin.flow.server.VaadinService.handleRequest(Lcom/vaadin/flow/server/VaadinRequest;Lcom/vaadin/flow/server/VaadinResponse;)V+64
j  com.vaadin.flow.server.VaadinServlet.service(Ljakarta/servlet/http/HttpServletRequest;Ljakarta/servlet/http/HttpServletResponse;)V+54
J 87647 c1 com.vaadin.flow.spring.SpringServlet.service(Ljakarta/servlet/http/HttpServletRequest;Ljakarta/servlet/http/HttpServletResponse;)V (11 bytes) @ 0x0000022fce4288cc [0x0000022fce4286e0+0x00000000000001ec]
J 88308 c1 jakarta.servlet.http.HttpServlet.service(Ljakarta/servlet/ServletRequest;Ljakarta/servlet/ServletResponse;)V (41 bytes) @ 0x0000022fce10d1ec [0x0000022fce10cea0+0x000000000000034c]
J 88052 c1 org.apache.catalina.core.ApplicationFilterChain.internalDoFilter(Ljakarta/servlet/ServletRequest;Ljakarta/servlet/ServletResponse;)V (386 bytes) @ 0x0000022fce5d7364 [0x0000022fce5d6fa0+0x00000000000003c4]
J 88076 c1 org.apache.catalina.core.ApplicationFilterChain.doFilter(Ljakarta/servlet/ServletRequest;Ljakarta/servlet/ServletResponse;)V (103 bytes) @ 0x0000022fcde1f044 [0x0000022fcde1efc0+0x0000000000000084]
j  org.apache.catalina.core.ApplicationDispatcher.invoke(Ljakarta/servlet/ServletRequest;Ljakarta/servlet/ServletResponse;Lorg/apache/catalina/core/ApplicationDispatcher$State;)V+347
j  org.apache.catalina.core.ApplicationDispatcher.processRequest(Ljakarta/servlet/ServletRequest;Ljakarta/servlet/ServletResponse;Lorg/apache/catalina/core/ApplicationDispatcher$State;)V+101
j  org.apache.catalina.core.ApplicationDispatcher.doForward(Ljakarta/servlet/ServletRequest;Ljakarta/servlet/ServletResponse;)V+166
j  org.apache.catalina.core.ApplicationDispatcher.forward(Ljakarta/servlet/ServletRequest;Ljakarta/servlet/ServletResponse;)V+55
j  org.springframework.web.servlet.mvc.ServletForwardingController.handleRequestInternal(Ljakarta/servlet/http/HttpServletRequest;Ljakarta/servlet/http/HttpServletResponse;)Lorg/springframework/web/servlet/ModelAndView;+112
j  org.springframework.web.servlet.mvc.AbstractController.handleRequest(Ljakarta/servlet/http/HttpServletRequest;Ljakarta/servlet/http/HttpServletResponse;)Lorg/springframework/web/servlet/ModelAndView;+91
J 89707 c1 org.springframework.web.servlet.mvc.SimpleControllerHandlerAdapter.handle(Ljakarta/servlet/http/HttpServletRequest;Ljakarta/servlet/http/HttpServletResponse;Ljava/lang/Object;)Lorg/springframework/web/servlet/ModelAndView; (12 bytes) @ 0x0000022fcc1b9b9c [0x0000022fcc1b9940+0x000000000000025c]
j  org.springframework.web.servlet.DispatcherServlet.doDispatch(Ljakarta/servlet/http/HttpServletRequest;Ljakarta/servlet/http/HttpServletResponse;)V+304
j  org.springframework.web.servlet.DispatcherServlet.doService(Ljakarta/servlet/http/HttpServletRequest;Ljakarta/servlet/http/HttpServletResponse;)V+242
j  org.springframework.web.servlet.FrameworkServlet.processRequest(Ljakarta/servlet/http/HttpServletRequest;Ljakarta/servlet/http/HttpServletResponse;)V+70
j  org.springframework.web.servlet.FrameworkServlet.doPost(Ljakarta/servlet/http/HttpServletRequest;Ljakarta/servlet/http/HttpServletResponse;)V+3
j  jakarta.servlet.http.HttpServlet.service(Ljakarta/servlet/http/HttpServletRequest;Ljakarta/servlet/http/HttpServletResponse;)V+150
J 89263 c1 org.springframework.web.servlet.FrameworkServlet.service(Ljakarta/servlet/http/HttpServletRequest;Ljakarta/servlet/http/HttpServletResponse;)V (33 bytes) @ 0x0000022fce419714 [0x0000022fce419440+0x00000000000002d4]
J 88308 c1 jakarta.servlet.http.HttpServlet.service(Ljakarta/servlet/ServletRequest;Ljakarta/servlet/ServletResponse;)V (41 bytes) @ 0x0000022fce10d1ec [0x0000022fce10cea0+0x000000000000034c]
J 88052 c1 org.apache.catalina.core.ApplicationFilterChain.internalDoFilter(Ljakarta/servlet/ServletRequest;Ljakarta/servlet/ServletResponse;)V (386 bytes) @ 0x0000022fce5d7364 [0x0000022fce5d6fa0+0x00000000000003c4]
J 88076 c1 org.apache.catalina.core.ApplicationFilterChain.doFilter(Ljakarta/servlet/ServletRequest;Ljakarta/servlet/ServletResponse;)V (103 bytes) @ 0x0000022fcde1f044 [0x0000022fcde1efc0+0x0000000000000084]
j  org.apache.tomcat.websocket.server.WsFilter.doFilter(Ljakarta/servlet/ServletRequest;Ljakarta/servlet/ServletResponse;Ljakarta/servlet/FilterChain;)V+21
J 88052 c1 org.apache.catalina.core.ApplicationFilterChain.internalDoFilter(Ljakarta/servlet/ServletRequest;Ljakarta/servlet/ServletResponse;)V (386 bytes) @ 0x0000022fce5d76cc [0x0000022fce5d6fa0+0x000000000000072c]
J 88076 c1 org.apache.catalina.core.ApplicationFilterChain.doFilter(Ljakarta/servlet/ServletRequest;Ljakarta/servlet/ServletResponse;)V (103 bytes) @ 0x0000022fcde1f044 [0x0000022fcde1efc0+0x0000000000000084]
J 89463 c1 org.springframework.web.filter.RequestContextFilter.doFilterInternal(Ljakarta/servlet/http/HttpServletRequest;Ljakarta/servlet/http/HttpServletResponse;Ljakarta/servlet/FilterChain;)V (107 bytes) @ 0x0000022fcdd13a6c [0x0000022fcdd13700+0x000000000000036c]
J 88324 c1 org.springframework.web.filter.OncePerRequestFilter.doFilter(Ljakarta/servlet/ServletRequest;Ljakarta/servlet/ServletResponse;Ljakarta/servlet/FilterChain;)V (178 bytes) @ 0x0000022fcc1a656c [0x0000022fcc1a4d20+0x000000000000184c]
J 88052 c1 org.apache.catalina.core.ApplicationFilterChain.internalDoFilter(Ljakarta/servlet/ServletRequest;Ljakarta/servlet/ServletResponse;)V (386 bytes) @ 0x0000022fce5d76cc [0x0000022fce5d6fa0+0x000000000000072c]
J 88076 c1 org.apache.catalina.core.ApplicationFilterChain.doFilter(Ljakarta/servlet/ServletRequest;Ljakarta/servlet/ServletResponse;)V (103 bytes) @ 0x0000022fcde1f044 [0x0000022fcde1efc0+0x0000000000000084]
J 89462 c1 org.springframework.web.filter.FormContentFilter.doFilterInternal(Ljakarta/servlet/http/HttpServletRequest;Ljakarta/servlet/http/HttpServletResponse;Ljakarta/servlet/FilterChain;)V (44 bytes) @ 0x0000022fcdd1505c [0x0000022fcdd14e80+0x00000000000001dc]
J 88324 c1 org.springframework.web.filter.OncePerRequestFilter.doFilter(Ljakarta/servlet/ServletRequest;Ljakarta/servlet/ServletResponse;Ljakarta/servlet/FilterChain;)V (178 bytes) @ 0x0000022fcc1a656c [0x0000022fcc1a4d20+0x000000000000184c]
J 88052 c1 org.apache.catalina.core.ApplicationFilterChain.internalDoFilter(Ljakarta/servlet/ServletRequest;Ljakarta/servlet/ServletResponse;)V (386 bytes) @ 0x0000022fce5d76cc [0x0000022fce5d6fa0+0x000000000000072c]
J 88076 c1 org.apache.catalina.core.ApplicationFilterChain.doFilter(Ljakarta/servlet/ServletRequest;Ljakarta/servlet/ServletResponse;)V (103 bytes) @ 0x0000022fcde1f044 [0x0000022fcde1efc0+0x0000000000000084]
j  org.springframework.web.filter.ServerHttpObservationFilter.doFilterInternal(Ljakarta/servlet/http/HttpServletRequest;Ljakarta/servlet/http/HttpServletResponse;Ljakarta/servlet/FilterChain;)V+20
J 88324 c1 org.springframework.web.filter.OncePerRequestFilter.doFilter(Ljakarta/servlet/ServletRequest;Ljakarta/servlet/ServletResponse;Ljakarta/servlet/FilterChain;)V (178 bytes) @ 0x0000022fcc1a656c [0x0000022fcc1a4d20+0x000000000000184c]
J 88052 c1 org.apache.catalina.core.ApplicationFilterChain.internalDoFilter(Ljakarta/servlet/ServletRequest;Ljakarta/servlet/ServletResponse;)V (386 bytes) @ 0x0000022fce5d76cc [0x0000022fce5d6fa0+0x000000000000072c]
J 88076 c1 org.apache.catalina.core.ApplicationFilterChain.doFilter(Ljakarta/servlet/ServletRequest;Ljakarta/servlet/ServletResponse;)V (103 bytes) @ 0x0000022fcde1f044 [0x0000022fcde1efc0+0x0000000000000084]
j  org.springframework.web.filter.CharacterEncodingFilter.doFilterInternal(Ljakarta/servlet/http/HttpServletRequest;Ljakarta/servlet/http/HttpServletResponse;Ljakarta/servlet/FilterChain;)V+53
J 88324 c1 org.springframework.web.filter.OncePerRequestFilter.doFilter(Ljakarta/servlet/ServletRequest;Ljakarta/servlet/ServletResponse;Ljakarta/servlet/FilterChain;)V (178 bytes) @ 0x0000022fcc1a656c [0x0000022fcc1a4d20+0x000000000000184c]
J 88052 c1 org.apache.catalina.core.ApplicationFilterChain.internalDoFilter(Ljakarta/servlet/ServletRequest;Ljakarta/servlet/ServletResponse;)V (386 bytes) @ 0x0000022fce5d76cc [0x0000022fce5d6fa0+0x000000000000072c]
J 88076 c1 org.apache.catalina.core.ApplicationFilterChain.doFilter(Ljakarta/servlet/ServletRequest;Ljakarta/servlet/ServletResponse;)V (103 bytes) @ 0x0000022fcde1f044 [0x0000022fcde1efc0+0x0000000000000084]
j  org.apache.catalina.core.StandardWrapperValve.invoke(Lorg/apache/catalina/connector/Request;Lorg/apache/catalina/connector/Response;)V+514
j  org.apache.catalina.core.StandardContextValve.invoke(Lorg/apache/catalina/connector/Request;Lorg/apache/catalina/connector/Response;)V+169
j  org.apache.catalina.authenticator.AuthenticatorBase.invoke(Lorg/apache/catalina/connector/Request;Lorg/apache/catalina/connector/Response;)V+221
j  org.apache.catalina.core.StandardHostValve.invoke(Lorg/apache/catalina/connector/Request;Lorg/apache/catalina/connector/Response;)V+131
J 89472 c1 org.apache.catalina.valves.ErrorReportValve.invoke(Lorg/apache/catalina/connector/Request;Lorg/apache/catalina/connector/Response;)V (153 bytes) @ 0x0000022fcdd15774 [0x0000022fcdd156e0+0x0000000000000094]
j  org.apache.catalina.core.StandardEngineValve.invoke(Lorg/apache/catalina/connector/Request;Lorg/apache/catalina/connector/Response;)V+59
j  org.apache.catalina.connector.CoyoteAdapter.service(Lorg/apache/coyote/Request;Lorg/apache/coyote/Response;)V+188
j  org.apache.coyote.http11.Http11Processor.service(Lorg/apache/tomcat/util/net/SocketWrapperBase;)Lorg/apache/tomcat/util/net/AbstractEndpoint$Handler$SocketState;+796
j  org.apache.coyote.AbstractProcessorLight.process(Lorg/apache/tomcat/util/net/SocketWrapperBase;Lorg/apache/tomcat/util/net/SocketEvent;)Lorg/apache/tomcat/util/net/AbstractEndpoint$Handler$SocketState;+155
j  org.apache.coyote.AbstractProtocol$ConnectionHandler.process(Lorg/apache/tomcat/util/net/SocketWrapperBase;Lorg/apache/tomcat/util/net/SocketEvent;)Lorg/apache/tomcat/util/net/AbstractEndpoint$Handler$SocketState;+482
j  org.apache.tomcat.util.net.NioEndpoint$SocketProcessor.doRun()V+249
j  org.apache.tomcat.util.net.SocketProcessorBase.run()V+32
j  org.apache.tomcat.util.threads.ThreadPoolExecutor.runWorker(Lorg/apache/tomcat/util/threads/ThreadPoolExecutor$Worker;)V+92
j  org.apache.tomcat.util.threads.ThreadPoolExecutor$Worker.run()V+5
j  org.apache.tomcat.util.threads.TaskThread$WrappingRunnable.run()V+4
j  java.lang.Thread.runWith(Ljava/lang/Object;Ljava/lang/Runnable;)V+5 java.base@21.0.6
j  java.lang.Thread.run()V+19 java.base@21.0.6
v  ~StubRoutines::call_stub 0x0000022fd2d8100d

siginfo: EXCEPTION_ACCESS_VIOLATION (0xc0000005), reading address 0x00000230007ad0a4


Registers:
RAX=0x00000230007ad098, RBX=0x000000f6fd0fad28, RCX=0x0000000000000000, RDX=0x0000000000000001
RSP=0x000000f6f9bfdaf0, RBP=0x000000f6f9bff160, RSI=0x000000f6f9bfdd00, RDI=0x000000f6fd0fad28
R8 =0x00000000807ad098, R9 =0x0000022f80000000, R10=0x0000022f80000000, R11=0x000000f6f9bfdca8
R12=0x0000000000000000, R13=0x0000022fe1cd5980, R14=0x0000000000000004, R15=0x0000000000000004
RIP=0x00007ff86c154737, EFLAGS=0x0000000000010202

XMM[0]=0x3b3b3b3b3b3b3b3b 0x3b3b3b3b3b3b3b3b
XMM[1]=0x0000000000000000 0x000000000000ff00
XMM[2]=0x0000000000000000 0x0000000000000000
XMM[3]=0x0000000000000000 0x0000000000000000
XMM[4]=0x0000000000000000 0x0000000000000000
XMM[5]=0x00000000cfffffff 0x4700000447000003
XMM[6]=0x0000000000000000 0x0000000000000000
XMM[7]=0x0000000000000000 0x404e000000000000
XMM[8]=0x0000000000000000 0x0000000000000000
XMM[9]=0x0000000000000000 0x0000000000000000
XMM[10]=0x0000000000000000 0x0000000000000000
XMM[11]=0x0000000000000000 0x0000000000000000
XMM[12]=0x0000000000000000 0x0000000000000000
XMM[13]=0x0000000000000000 0x0000000000000000
XMM[14]=0x0000000000000000 0x0000000000000000
XMM[15]=0x0000000000000000 0x0000000000000000
  MXCSR=0x00001fa3


Register to memory mapping:

RAX=0x00000230007ad098 is an unknown value
RBX=0x000000f6fd0fad28 is pointing into the stack for thread: 0x0000022fe9f2d800
RCX=0x0 is null
RDX=0x0000000000000001 is an unknown value
RSP=0x000000f6f9bfdaf0 points into unknown readable memory: 0x000000f6f9bfdbb8 | b8 db bf f9 f6 00 00 00
RBP=0x000000f6f9bff160 points into unknown readable memory: 0x00007ff86c68aeb0 | b0 ae 68 6c f8 7f 00 00
RSI=0x000000f6f9bfdd00 points into unknown readable memory: 0x000000f6f9bfddb0 | b0 dd bf f9 f6 00 00 00
RDI=0x000000f6fd0fad28 is pointing into the stack for thread: 0x0000022fe9f2d800
R8 =0x00000000807ad098 is an unknown value
R9 =0x0000022f80000000 is pointing into metadata
R10=0x0000022f80000000 is pointing into metadata
R11=0x000000f6f9bfdca8 points into unknown readable memory: 0x00007ff86bf30305 | 05 03 f3 6b f8 7f 00 00
R12=0x0 is null
R13=0x0000022fe1cd5980 points into unknown readable memory: 0x0000000000000002 | 02 00 00 00 00 00 00 00
R14=0x0000000000000004 is an unknown value
R15=0x0000000000000004 is an unknown value

Top of Stack: (sp=0x000000f6f9bfdaf0)
0x000000f6f9bfdaf0:   000000f6f9bfdbb8 000000f6f9bfddf0
0x000000f6f9bfdb00:   0000022f80500090 0000000000000000
0x000000f6f9bfdb10:   000000f6f9bff160 00007ff86bf308ab
0x000000f6f9bfdb20:   000000f6f9bfddf0 0000000000000002
0x000000f6f9bfdb30:   000000f6f9bfdc20 000000f6f9bfddf0
0x000000f6f9bfdb40:   00000010e1cd6c01 0000022f800d0568
0x000000f6f9bfdb50:   0000022fe1cddd00 0000022fecc53e90
0x000000f6f9bfdb60:   0000022f805c3a70 00000000000083b0
0x000000f6f9bfdb70:   0000022fecc55c40 0000022fecc5be78
0x000000f6f9bfdb80:   0000022f807ad098 00000000000000b8
0x000000f6f9bfdb90:   0000022f800d0568 00007ff86c6507d0
0x000000f6f9bfdba0:   000000f6f9bfddf0 000000f6f9bff160
0x000000f6f9bfdbb0:   0000000400000003 0000022f805c3a70
0x000000f6f9bfdbc0:   0000001300000001 0000000000000044
0x000000f6f9bfdbd0:   000000010000000c 0000022f80500090
0x000000f6f9bfdbe0:   0000000000000000 0000000000000001
0x000000f6f9bfdbf0:   000000f6f9bfdc20 0000000000000000
0x000000f6f9bfdc00:   0000022ff7f22a6c 0000000000000003
0x000000f6f9bfdc10:   0000000400000002 00007ff86bdff860
0x000000f6f9bfdc20:   0000022f8001a2b8 00000006f9bf0013
0x000000f6f9bfdc30:   000000f600000000 0000000000000015
0x000000f6f9bfdc40:   00000007045030f8 00007ff86c1547bd
0x000000f6f9bfdc50:   0000000000000000 0000000000000003
0x000000f6f9bfdc60:   0000d7d5ac4e4ce5 000000f6f9bfddf0
0x000000f6f9bfdc70:   0000022fe1cd6cc8 000000f6f9bff160
0x000000f6f9bfdc80:   000000f6fa5ff220 000000f6f9bfddf0
0x000000f6f9bfdc90:   0000000000000000 0000000000000000
0x000000f6f9bfdca0:   000000f6f9bff160 00007ff86bf30305
0x000000f6f9bfdcb0:   000000f6f9bfddf0 00007ff86c010326
0x000000f6f9bfdcc0:   0000000000000000 000000f6f9bff160
0x000000f6f9bfdcd0:   000000f600000002 00007ff86c3cf1b5
0x000000f6f9bfdce0:   0000022fe9f2d800 00007ff86c3ca1c1 

Instructions: (pc=0x00007ff86c154737)
0x00007ff86c154637:   78 0c 02 75 4a 8b 15 fe 26 77 00 48 8b cb e8 c6
0x00007ff86c154647:   b2 18 00 48 85 c0 74 37 83 78 0c 04 7f 31 48 8b
0x00007ff86c154657:   88 b8 00 00 00 48 85 c9 74 25 48 8b 49 70 48 85
0x00007ff86c154667:   c9 75 04 33 db eb 09 ff 15 ac b9 6f 00 48 8b d8
0x00007ff86c154677:   48 8b d3 48 8b cf ff 15 85 01 71 00 40 b6 01 48
0x00007ff86c154687:   8b cb e8 22 f8 cb ff 84 c0 74 12 40 84 f6 74 33
0x00007ff86c154697:   48 8b d3 48 8b cd e8 be 3b 00 00 eb 26 48 8b cb
0x00007ff86c1546a7:   e8 24 b1 ca ff 84 c0 74 1a 48 8b d3 48 8b cd e8
0x00007ff86c1546b7:   b5 3a 00 00 84 c0 75 0b 33 d2 48 8b cf ff 15 46
0x00007ff86c1546c7:   01 71 00 48 8b 74 24 38 48 8b 5c 24 30 48 8b 6c
0x00007ff86c1546d7:   24 40 48 83 c4 20 5f c3 cc 48 89 5c 24 10 48 89
0x00007ff86c1546e7:   6c 24 18 57 48 83 ec 20 48 8b 1a 48 8b fa 48 8b
0x00007ff86c1546f7:   e9 48 85 db 0f 84 db 00 00 00 0f b6 15 1b 5c 70
0x00007ff86c154707:   00 8b 0d aa 48 70 00 4c 8b 0d 9b 48 70 00 48 89
0x00007ff86c154717:   74 24 30 40 32 f6 84 d2 74 0f 44 8b 43 08 41 8b
0x00007ff86c154727:   c0 48 d3 e0 49 03 c1 eb 07 48 8b 43 08 44 8b c0
0x00007ff86c154737:   83 78 0c 04 7f 5a 84 d2 74 0b 41 8b c0 48 d3 e0
0x00007ff86c154747:   49 03 c1 eb 04 48 8b 43 08 83 78 0c 02 75 41 8b
0x00007ff86c154757:   15 e4 25 77 00 48 8b cb e8 ac b1 18 00 48 85 c0
0x00007ff86c154767:   74 2e 83 78 0c 04 7f 28 48 8b 88 b8 00 00 00 48
0x00007ff86c154777:   85 c9 74 1c 48 8b 49 70 48 85 c9 75 04 33 db eb
0x00007ff86c154787:   09 ff 15 92 b8 6f 00 48 8b d8 48 89 1f 40 b6 01
0x00007ff86c154797:   48 8b cb e8 11 f7 cb ff 84 c0 74 12 40 84 f6 74
0x00007ff86c1547a7:   2f 48 8b d3 48 8b cd e8 ad 3a 00 00 eb 22 48 8b
0x00007ff86c1547b7:   cb e8 13 b0 ca ff 84 c0 74 16 48 8b d3 48 8b cd
0x00007ff86c1547c7:   e8 a4 39 00 00 84 c0 75 07 48 c7 07 00 00 00 00
0x00007ff86c1547d7:   48 8b 74 24 30 48 8b 5c 24 38 48 8b 6c 24 40 48
0x00007ff86c1547e7:   83 c4 20 5f c3 cc cc cc cc 48 89 6c 24 18 57 48
0x00007ff86c1547f7:   83 ec 20 8b 02 48 8b fa 48 8b e9 85 c0 0f 84 0e
0x00007ff86c154807:   01 00 00 8b 0d 98 47 70 00 48 89 5c 24 30 8b d8
0x00007ff86c154817:   48 d3 e3 48 03 1d 7f 47 70 00 0f 84 ec 00 00 00
0x00007ff86c154827:   0f b6 15 f5 5a 70 00 8b 0d 84 47 70 00 4c 8b 0d 


Stack slot to memory mapping:

stack at sp + 0 slots: 0x000000f6f9bfdbb8 points into unknown readable memory: 0x0000022f805c3a70 | 70 3a 5c 80 2f 02 00 00
stack at sp + 1 slots: 0x000000f6f9bfddf0 points into unknown readable memory: 0x000000f6fd0fad18 | 18 ad 0f fd f6 00 00 00
stack at sp + 2 slots: 0x0000022f80500090 is pointing into metadata
stack at sp + 3 slots: 0x0 is null
stack at sp + 4 slots: 0x000000f6f9bff160 points into unknown readable memory: 0x00007ff86c68aeb0 | b0 ae 68 6c f8 7f 00 00
stack at sp + 5 slots: 0x00007ff86bf308ab jvm.dll::frame::oops_interpreted_do + 0x31b
stack at sp + 6 slots: 0x000000f6f9bfddf0 points into unknown readable memory: 0x000000f6fd0fad18 | 18 ad 0f fd f6 00 00 00
stack at sp + 7 slots: 0x0000000000000002 is an unknown value

VM_Operation (0x000000f6fa5ff220): RedefineClasses, mode: safepoint, requested by thread 0x0000022fe630f210


---------------  P R O C E S S  ---------------

Threads class SMR info:
_java_thread_list=0x0000022fe60fa920, length=63, elements={
0x0000022fe1cfb040, 0x0000022fe1cfbea0, 0x0000022fe1cffd20, 0x0000022fe1d012e0,
0x0000022fe1d020f0, 0x0000022fe1d02cf0, 0x0000022fe6008090, 0x0000022fe1d09e20,
0x0000022fe6231890, 0x0000022fe630f210, 0x0000022fe630f890, 0x0000022fe6309db0,
0x0000022fe71c7340, 0x0000022fe717b1c0, 0x0000022fe717b820, 0x0000022fe717be80,
0x0000022fe780cbb0, 0x0000022fe7649290, 0x0000022fe8146df0, 0x0000022fe80c9920,
0x0000022fe76fb020, 0x0000022fe76fc3d0, 0x0000022fe9f2ebb0, 0x0000022fe9f2f8d0,
0x0000022fed7fac80, 0x0000022fed7fa5f0, 0x0000022fed7fb310, 0x0000022fed7fc030,
0x0000022fed98da50, 0x0000022fed988500, 0x0000022fed989f40, 0x0000022fed98a5d0,
0x0000022fed98ac60, 0x0000022fed98b2f0, 0x0000022fe9f326c0, 0x0000022fe9f34100,
0x0000022fe9f2d800, 0x0000022fe9f2d170, 0x0000022fe76fbd40, 0x0000022fed7fc6c0,
0x0000022feb942f00, 0x0000022feb93ed60, 0x0000022feb943c20, 0x0000022fe9f2cae0,
0x0000022fed989220, 0x0000022fee303100, 0x0000022fea378700, 0x0000022fea374bf0,
0x0000022fea375910, 0x0000022fea376630, 0x0000022feb945660, 0x0000022feb61f5d0,
0x0000022feb621010, 0x0000022feb61db90, 0x0000022fee306580, 0x0000022fee306c10,
0x0000022fee305860, 0x0000022fee303e20, 0x0000022fee307fc0, 0x0000022fee3044b0,
0x0000022fee301030, 0x0000022fee3072a0, 0x0000022fed98c6a0
}

Java Threads: ( => current thread )
  0x0000022fe1cfb040 JavaThread "Reference Handler"          daemon [_thread_blocked, id=1872, stack(0x000000f6f9c00000,0x000000f6f9d00000) (1024K)]
  0x0000022fe1cfbea0 JavaThread "Finalizer"                  daemon [_thread_blocked, id=5972, stack(0x000000f6f9d00000,0x000000f6f9e00000) (1024K)]
  0x0000022fe1cffd20 JavaThread "Signal Dispatcher"          daemon [_thread_blocked, id=12456, stack(0x000000f6f9e00000,0x000000f6f9f00000) (1024K)]
  0x0000022fe1d012e0 JavaThread "Attach Listener"            daemon [_thread_blocked, id=19808, stack(0x000000f6f9f00000,0x000000f6fa000000) (1024K)]
  0x0000022fe1d020f0 JavaThread "Service Thread"             daemon [_thread_blocked, id=13700, stack(0x000000f6fa000000,0x000000f6fa100000) (1024K)]
  0x0000022fe1d02cf0 JavaThread "Monitor Deflation Thread"   daemon [_thread_blocked, id=4976, stack(0x000000f6fa100000,0x000000f6fa200000) (1024K)]
  0x0000022fe6008090 JavaThread "C2 CompilerThread0"         daemon [_thread_in_native, id=12528, stack(0x000000f6fa200000,0x000000f6fa300000) (1024K)]
  0x0000022fe1d09e20 JavaThread "C1 CompilerThread0"         daemon [_thread_in_native, id=15668, stack(0x000000f6fa300000,0x000000f6fa400000) (1024K)]
  0x0000022fe6231890 JavaThread "Common-Cleaner"             daemon [_thread_blocked, id=14188, stack(0x000000f6fa400000,0x000000f6fa500000) (1024K)]
  0x0000022fe630f210 JavaThread "JDWP Transport Listener: dt_socket" daemon [_thread_blocked, id=12664, stack(0x000000f6fa500000,0x000000f6fa600000) (1024K)]
  0x0000022fe630f890 JavaThread "JDWP Event Helper Thread"   daemon [_thread_blocked, id=16980, stack(0x000000f6fa600000,0x000000f6fa700000) (1024K)]
  0x0000022fe6309db0 JavaThread "JDWP Command Reader"        daemon [_thread_in_native, id=15828, stack(0x000000f6fa700000,0x000000f6fa800000) (1024K)]
  0x0000022fe71c7340 JavaThread "FileSystemWatchService"     daemon [_thread_in_native, id=20476, stack(0x000000f6fac00000,0x000000f6fad00000) (1024K)]
  0x0000022fe717b1c0 JavaThread "HotSwap Watcher"            daemon [_thread_blocked, id=14928, stack(0x000000f6fad00000,0x000000f6fae00000) (1024K)]
  0x0000022fe717b820 JavaThread "HotSwap Dispatcher"         daemon [_thread_blocked, id=19516, stack(0x000000f6fae00000,0x000000f6faf00000) (1024K)]
  0x0000022fe717be80 JavaThread "Thread-2"                   daemon [_thread_blocked, id=9208, stack(0x000000f6faf00000,0x000000f6fb000000) (1024K)]
  0x0000022fe780cbb0 JavaThread "Notification Thread"        daemon [_thread_blocked, id=17632, stack(0x000000f6fb000000,0x000000f6fb100000) (1024K)]
  0x0000022fe7649290 JavaThread "RMI TCP Accept-0"           daemon [_thread_in_native, id=17676, stack(0x000000f6fb100000,0x000000f6fb200000) (1024K)]
  0x0000022fe8146df0 JavaThread "RMI TCP Accept-45556"       daemon [_thread_in_native, id=13100, stack(0x000000f6fb200000,0x000000f6fb300000) (1024K)]
  0x0000022fe80c9920 JavaThread "RMI TCP Accept-0"           daemon [_thread_in_native, id=9796, stack(0x000000f6fb300000,0x000000f6fb400000) (1024K)]
  0x0000022fe76fb020 JavaThread "RMI Scheduler(0)"           daemon [_thread_blocked, id=17804, stack(0x000000f6fb600000,0x000000f6fb700000) (1024K)]
  0x0000022fe76fc3d0 JavaThread "JMX server connection timeout 37" daemon [_thread_blocked, id=11568, stack(0x000000f6fb700000,0x000000f6fb800000) (1024K)]
  0x0000022fe9f2ebb0 JavaThread "JNA Cleaner"                daemon [_thread_blocked, id=13120, stack(0x000000f6fba00000,0x000000f6fbb00000) (1024K)]
  0x0000022fe9f2f8d0 JavaThread "Catalina-utility-1"                [_thread_blocked, id=11364, stack(0x000000f6fbf00000,0x000000f6fc000000) (1024K)]
  0x0000022fed7fac80 JavaThread "Catalina-utility-2"                [_thread_blocked, id=848, stack(0x000000f6fc000000,0x000000f6fc100000) (1024K)]
  0x0000022fed7fa5f0 JavaThread "container-0"                       [_thread_blocked, id=9540, stack(0x000000f6fc100000,0x000000f6fc200000) (1024K)]
  0x0000022fed7fb310 JavaThread "PostgreSQL-JDBC-Cleaner"    daemon [_thread_blocked, id=8880, stack(0x000000f6fc300000,0x000000f6fc400000) (1024K)]
  0x0000022fed7fc030 JavaThread "HikariPool-1 housekeeper"   daemon [_thread_blocked, id=15808, stack(0x000000f6fc500000,0x000000f6fc600000) (1024K)]
  0x0000022fed98da50 JavaThread "File Watcher"               daemon [_thread_blocked, id=6604, stack(0x000000f6f9200000,0x000000f6f9300000) (1024K)]
  0x0000022fed988500 JavaThread "Live Reload Server"         daemon [_thread_in_native, id=16684, stack(0x000000f6fc700000,0x000000f6fc800000) (1024K)]
  0x0000022fed989f40 JavaThread "http-nio-8084-exec-1"       daemon [_thread_blocked, id=17452, stack(0x000000f6fca00000,0x000000f6fcb00000) (1024K)]
  0x0000022fed98a5d0 JavaThread "http-nio-8084-exec-2"       daemon [_thread_blocked, id=10904, stack(0x000000f6fcb00000,0x000000f6fcc00000) (1024K)]
  0x0000022fed98ac60 JavaThread "http-nio-8084-exec-3"       daemon [_thread_blocked, id=4716, stack(0x000000f6fcc00000,0x000000f6fcd00000) (1024K)]
  0x0000022fed98b2f0 JavaThread "http-nio-8084-exec-4"       daemon [_thread_blocked, id=14588, stack(0x000000f6fcd00000,0x000000f6fce00000) (1024K)]
  0x0000022fe9f326c0 JavaThread "http-nio-8084-exec-5"       daemon [_thread_blocked, id=19552, stack(0x000000f6fce00000,0x000000f6fcf00000) (1024K)]
  0x0000022fe9f34100 JavaThread "http-nio-8084-exec-6"       daemon [_thread_blocked, id=13392, stack(0x000000f6fcf00000,0x000000f6fd000000) (1024K)]
  0x0000022fe9f2d800 JavaThread "http-nio-8084-exec-7"       daemon [_thread_blocked, id=18252, stack(0x000000f6fd000000,0x000000f6fd100000) (1024K)]
  0x0000022fe9f2d170 JavaThread "http-nio-8084-exec-8"       daemon [_thread_blocked, id=912, stack(0x000000f6fd100000,0x000000f6fd200000) (1024K)]
  0x0000022fe76fbd40 JavaThread "http-nio-8084-exec-9"       daemon [_thread_blocked, id=4860, stack(0x000000f6fd200000,0x000000f6fd300000) (1024K)]
  0x0000022fed7fc6c0 JavaThread "http-nio-8084-exec-10"      daemon [_thread_blocked, id=3508, stack(0x000000f6fd300000,0x000000f6fd400000) (1024K)]
  0x0000022feb942f00 JavaThread "http-nio-8084-Poller"       daemon [_thread_in_native, id=10676, stack(0x000000f6fd400000,0x000000f6fd500000) (1024K)]
  0x0000022feb93ed60 JavaThread "http-nio-8084-Acceptor"     daemon [_thread_in_native, id=18944, stack(0x000000f6fd500000,0x000000f6fd600000) (1024K)]
  0x0000022feb943c20 JavaThread "DestroyJavaVM"                     [_thread_blocked, id=20452, stack(0x000000f6f9400000,0x000000f6f9500000) (1024K)]
  0x0000022fe9f2cae0 JavaThread "Thread-11"                  daemon [_thread_in_native, id=13320, stack(0x000000f6f9100000,0x000000f6f9200000) (1024K)]
  0x0000022fed989220 JavaThread "dev-server-output"          daemon [_thread_in_native, id=13532, stack(0x000000f6fc200000,0x000000f6fc300000) (1024K)]
  0x0000022fee303100 JavaThread "HttpClient-79-SelectorManager" daemon [_thread_in_native, id=7148, stack(0x000000f6fc800000,0x000000f6fc900000) (1024K)]
  0x0000022fea378700 JavaThread "HttpClient-81-SelectorManager" daemon [_thread_in_native, id=19792, stack(0x000000f6fde00000,0x000000f6fdf00000) (1024K)]
  0x0000022fea374bf0 JavaThread "HttpClient-82-SelectorManager" daemon [_thread_in_native, id=13040, stack(0x000000f6fdf00000,0x000000f6fe000000) (1024K)]
  0x0000022fea375910 JavaThread "HttpClient-83-SelectorManager" daemon [_thread_in_native, id=16628, stack(0x000000f6fe000000,0x000000f6fe100000) (1024K)]
  0x0000022fea376630 JavaThread "HttpClient-84-SelectorManager" daemon [_thread_in_native, id=4528, stack(0x000000f6fe100000,0x000000f6fe200000) (1024K)]
  0x0000022feb945660 JavaThread "RMI TCP Connection(4)-127.0.0.1" daemon [_thread_blocked, id=8300, stack(0x000000f6fb800000,0x000000f6fb900000) (1024K)]
  0x0000022feb61f5d0 JavaThread "Atmosphere-Scheduler-433"   daemon [_thread_blocked, id=18804, stack(0x000000f6f9300000,0x000000f6f9400000) (1024K)]
  0x0000022feb621010 JavaThread "HttpClient-85-SelectorManager" daemon [_thread_in_native, id=1816, stack(0x000000f6fbc00000,0x000000f6fbd00000) (1024K)]
  0x0000022feb61db90 JavaThread "WebSocket background processing" daemon [_thread_blocked, id=6416, stack(0x000000f6fc900000,0x000000f6fca00000) (1024K)]
  0x0000022fee306580 JavaThread "HttpClient-86-SelectorManager" daemon [_thread_in_native, id=18664, stack(0x000000f6fda00000,0x000000f6fdb00000) (1024K)]
  0x0000022fee306c10 JavaThread "HttpClient-87-SelectorManager" daemon [_thread_blocked, id=13132, stack(0x000000f6fdb00000,0x000000f6fdc00000) (1024K)]
  0x0000022fee305860 JavaThread "HttpClient-88-SelectorManager" daemon [_thread_in_native, id=19740, stack(0x000000f6fb400000,0x000000f6fb500000) (1024K)]
  0x0000022fee303e20 JavaThread "HttpClient-89-SelectorManager" daemon [_thread_in_native, id=18784, stack(0x000000f6fb500000,0x000000f6fb600000) (1024K)]
  0x0000022fee307fc0 JavaThread "HttpClient-90-SelectorManager" daemon [_thread_in_native, id=18492, stack(0x000000f6fdd00000,0x000000f6fde00000) (1024K)]
  0x0000022fee3044b0 JavaThread "HttpClient-91-SelectorManager" daemon [_thread_in_native, id=15000, stack(0x000000f6fe200000,0x000000f6fe300000) (1024K)]
  0x0000022fee301030 JavaThread "Atmosphere-Scheduler-436"   daemon [_thread_blocked, id=14016, stack(0x000000f6fe500000,0x000000f6fe600000) (1024K)]
  0x0000022fee3072a0 JavaThread "Atmosphere-Scheduler-437"   daemon [_thread_blocked, id=8156, stack(0x000000f6fe600000,0x000000f6fe700000) (1024K)]
  0x0000022fed98c6a0 JavaThread "Atmosphere-Scheduler-439"   daemon [_thread_blocked, id=12004, stack(0x000000f6fbd00000,0x000000f6fbe00000) (1024K)]
Total: 63

Other Threads:
=>0x0000022fe1cddd00 VMThread "VM Thread"                           [id=1916, stack(0x000000f6f9b00000,0x000000f6f9c00000) (1024K)]
  0x0000022fe1cce990 WatcherThread "VM Periodic Task Thread"        [id=19064, stack(0x000000f6f9a00000,0x000000f6f9b00000) (1024K)]
  0x0000022fc7cd07a0 WorkerThread "GC Thread#0"                     [id=14540, stack(0x000000f6f9500000,0x000000f6f9600000) (1024K)]
  0x0000022fe6e637a0 WorkerThread "GC Thread#1"                     [id=19256, stack(0x000000f6fa800000,0x000000f6fa900000) (1024K)]
  0x0000022fe6e63b40 WorkerThread "GC Thread#2"                     [id=4208, stack(0x000000f6fa900000,0x000000f6faa00000) (1024K)]
  0x0000022fe70af3f0 WorkerThread "GC Thread#3"                     [id=14216, stack(0x000000f6faa00000,0x000000f6fab00000) (1024K)]
  0x0000022fc7ce1770 ConcurrentGCThread "G1 Main Marker"            [id=10356, stack(0x000000f6f9600000,0x000000f6f9700000) (1024K)]
  0x0000022fc7ce4a20 WorkerThread "G1 Conc#0"                       [id=8536, stack(0x000000f6f9700000,0x000000f6f9800000) (1024K)]
  0x0000022fc7d0e8d0 ConcurrentGCThread "G1 Refine#0"               [id=3828, stack(0x000000f6f9800000,0x000000f6f9900000) (1024K)]
  0x0000022fc5a485b0 ConcurrentGCThread "G1 Service"                [id=18700, stack(0x000000f6f9900000,0x000000f6f9a00000) (1024K)]
Total: 10

Threads with active compile tasks:
C2 CompilerThread0  8803040 91166       4       org.hotswap.agent.annotation.handler.PluginClassFileTransformer::isPluginDisabled (43 bytes)
C1 CompilerThread0  8803040 91171       1       org.hotswap.agent.javassist.bytecode.InterfaceMethodrefInfo::getTag (3 bytes)
Total: 2

VM state: at safepoint (normal execution)

VM Mutex/Monitor currently owned by a thread:  ([mutex/lock_event])
[0x00007ff86c8dea30] Threads_lock - owner thread: 0x0000022fe1cddd00
[0x00007ff86c8deb30] Heap_lock - owner thread: 0x0000022fe630f210

Heap address: 0x0000000701c00000, size: 4068 MB, Compressed Oops mode: Zero based, Oop shift amount: 3

CDS archive(s) mapped at: [0x0000022f80000000-0x0000022f80d00000-0x0000022f80d00000), size 13631488, SharedBaseAddress: 0x0000022f80000000, ArchiveRelocationMode: 1.
Compressed class space mapped at: 0x0000022f81000000-0x0000022fc1000000, reserved size: 1073741824
Narrow klass base: 0x0000022f80000000, Narrow klass shift: 0, Narrow klass range: 0x100000000

GC Precious Log:
 CardTable entry size: 512
 Card Set container configuration: InlinePtr #cards 4 size 8 Array Of Cards #cards 16 size 48 Howl #buckets 8 coarsen threshold 3686 Howl Bitmap #cards 512 size 80 coarsen threshold 460 Card regions per heap region 1 cards per card region 4096
 CPUs: 4 total, 4 available
 Memory: 16264M
 Large Page Support: Disabled
 NUMA Support: Disabled
 Compressed Oops: Enabled (Zero based)
 Heap Region Size: 2M
 Heap Min Capacity: 8M
 Heap Initial Capacity: 256M
 Heap Max Capacity: 4068M
 Pre-touch: Disabled
 Parallel Workers: 4
 Concurrent Workers: 1
 Concurrent Refinement Workers: 4
 Periodic GC: Disabled

Heap:
 garbage-first heap   total 198656K, used 90243K [0x0000000701c00000, 0x0000000800000000)
  region size 2048K, 19 young (38912K), 0 survivors (0K)
 Metaspace       used 144874K, committed 146752K, reserved 1179648K
  class space    used 18300K, committed 19072K, reserved 1048576K

Heap Regions: E=young(eden), S=young(survivor), O=old, HS=humongous(starts), HC=humongous(continues), CS=collection set, F=free, TAMS=top-at-mark-start, PB=parsable bottom
|   0|0x0000000701c00000, 0x0000000701dfffe0, 0x0000000701e00000| 99%| O|  |TAMS 0x0000000701c00000| PB 0x0000000701c00000| Untracked 
|   1|0x0000000701e00000, 0x0000000701ffffe8, 0x0000000702000000| 99%| O|  |TAMS 0x0000000701e00000| PB 0x0000000701e00000| Untracked 
|   2|0x0000000702000000, 0x00000007021fffc8, 0x0000000702200000| 99%| O|  |TAMS 0x0000000702000000| PB 0x0000000702000000| Untracked 
|   3|0x0000000702200000, 0x00000007023fff08, 0x0000000702400000| 99%| O|  |TAMS 0x0000000702200000| PB 0x0000000702200000| Untracked 
|   4|0x0000000702400000, 0x00000007025ffff8, 0x0000000702600000| 99%| O|  |TAMS 0x0000000702400000| PB 0x0000000702400000| Untracked 
|   5|0x0000000702600000, 0x00000007027ffff8, 0x0000000702800000| 99%| O|  |TAMS 0x0000000702600000| PB 0x0000000702600000| Untracked 
|   6|0x0000000702800000, 0x00000007029ffff0, 0x0000000702a00000| 99%| O|  |TAMS 0x0000000702800000| PB 0x0000000702800000| Untracked 
|   7|0x0000000702a00000, 0x0000000702bfffe0, 0x0000000702c00000| 99%| O|  |TAMS 0x0000000702a00000| PB 0x0000000702a00000| Untracked 
|   8|0x0000000702c00000, 0x0000000702e00000, 0x0000000702e00000|100%| O|  |TAMS 0x0000000702c00000| PB 0x0000000702c00000| Untracked 
|   9|0x0000000702e00000, 0x0000000702fffff8, 0x0000000703000000| 99%| O|  |TAMS 0x0000000702e00000| PB 0x0000000702e00000| Untracked 
|  10|0x0000000703000000, 0x00000007031fffe8, 0x0000000703200000| 99%| O|  |TAMS 0x0000000703000000| PB 0x0000000703000000| Untracked 
|  11|0x0000000703200000, 0x0000000703400000, 0x0000000703400000|100%| O|  |TAMS 0x0000000703200000| PB 0x0000000703200000| Untracked 
|  12|0x0000000703400000, 0x00000007035ffff0, 0x0000000703600000| 99%| O|  |TAMS 0x0000000703400000| PB 0x0000000703400000| Untracked 
|  13|0x0000000703600000, 0x00000007037fffd0, 0x0000000703800000| 99%| O|  |TAMS 0x0000000703600000| PB 0x0000000703600000| Untracked 
|  14|0x0000000703800000, 0x00000007039fffc8, 0x0000000703a00000| 99%| O|  |TAMS 0x0000000703800000| PB 0x0000000703800000| Untracked 
|  15|0x0000000703a00000, 0x0000000703bffff0, 0x0000000703c00000| 99%| O|  |TAMS 0x0000000703a00000| PB 0x0000000703a00000| Untracked 
|  16|0x0000000703c00000, 0x0000000703dfffe8, 0x0000000703e00000| 99%| O|  |TAMS 0x0000000703c00000| PB 0x0000000703c00000| Untracked 
|  17|0x0000000703e00000, 0x0000000703fffff8, 0x0000000704000000| 99%| O|  |TAMS 0x0000000703e00000| PB 0x0000000703e00000| Untracked 
|  18|0x0000000704000000, 0x00000007041fffd0, 0x0000000704200000| 99%| O|  |TAMS 0x0000000704000000| PB 0x0000000704000000| Untracked 
|  19|0x0000000704200000, 0x00000007043f1948, 0x0000000704400000| 97%| O|  |TAMS 0x0000000704200000| PB 0x0000000704200000| Untracked 
|  20|0x0000000704400000, 0x00000007045ffff0, 0x0000000704600000| 99%| O|  |TAMS 0x0000000704400000| PB 0x0000000704400000| Untracked 
|  21|0x0000000704600000, 0x00000007047fffc0, 0x0000000704800000| 99%| O|  |TAMS 0x0000000704600000| PB 0x0000000704600000| Untracked 
|  22|0x0000000704800000, 0x00000007049fffe8, 0x0000000704a00000| 99%| O|  |TAMS 0x0000000704800000| PB 0x0000000704800000| Untracked 
|  23|0x0000000704a00000, 0x0000000704bfffd0, 0x0000000704c00000| 99%| O|  |TAMS 0x0000000704a00000| PB 0x0000000704a00000| Untracked 
|  24|0x0000000704c00000, 0x0000000704d88c28, 0x0000000704e00000| 76%| O|  |TAMS 0x0000000704c00000| PB 0x0000000704c00000| Untracked 
|  25|0x0000000704e00000, 0x0000000704ffe0c0, 0x0000000705000000| 99%| O|  |TAMS 0x0000000704e00000| PB 0x0000000704e00000| Untracked 
|  26|0x0000000705000000, 0x00000007050f4db8, 0x0000000705200000| 47%| O|  |TAMS 0x0000000705000000| PB 0x0000000705000000| Untracked 
|  27|0x0000000705200000, 0x00000007053912f0, 0x0000000705400000| 78%| O|  |TAMS 0x0000000705200000| PB 0x0000000705200000| Untracked 
|  28|0x0000000705400000, 0x0000000705400000, 0x0000000705600000|  0%| F|  |TAMS 0x0000000705400000| PB 0x0000000705400000| Untracked 
|  29|0x0000000705600000, 0x0000000705622b80, 0x0000000705800000|  6%| O|  |TAMS 0x0000000705600000| PB 0x0000000705600000| Untracked 
|  30|0x0000000705800000, 0x0000000705800000, 0x0000000705a00000|  0%| F|  |TAMS 0x0000000705800000| PB 0x0000000705800000| Untracked 
|  31|0x0000000705a00000, 0x0000000705a00000, 0x0000000705c00000|  0%| F|  |TAMS 0x0000000705a00000| PB 0x0000000705a00000| Untracked 
|  32|0x0000000705c00000, 0x0000000705c00000, 0x0000000705e00000|  0%| F|  |TAMS 0x0000000705c00000| PB 0x0000000705c00000| Untracked 
|  33|0x0000000705e00000, 0x0000000705e00000, 0x0000000706000000|  0%| F|  |TAMS 0x0000000705e00000| PB 0x0000000705e00000| Untracked 
|  34|0x0000000706000000, 0x0000000706000000, 0x0000000706200000|  0%| F|  |TAMS 0x0000000706000000| PB 0x0000000706000000| Untracked 
|  35|0x0000000706200000, 0x0000000706200000, 0x0000000706400000|  0%| F|  |TAMS 0x0000000706200000| PB 0x0000000706200000| Untracked 
|  36|0x0000000706400000, 0x0000000706400000, 0x0000000706600000|  0%| F|  |TAMS 0x0000000706400000| PB 0x0000000706400000| Untracked 
|  37|0x0000000706600000, 0x0000000706600000, 0x0000000706800000|  0%| F|  |TAMS 0x0000000706600000| PB 0x0000000706600000| Untracked 
|  38|0x0000000706800000, 0x0000000706800000, 0x0000000706a00000|  0%| F|  |TAMS 0x0000000706800000| PB 0x0000000706800000| Untracked 
|  39|0x0000000706a00000, 0x0000000706a00000, 0x0000000706c00000|  0%| F|  |TAMS 0x0000000706a00000| PB 0x0000000706a00000| Untracked 
|  40|0x0000000706c00000, 0x0000000706c00000, 0x0000000706e00000|  0%| F|  |TAMS 0x0000000706c00000| PB 0x0000000706c00000| Untracked 
|  41|0x0000000706e00000, 0x0000000706e00000, 0x0000000707000000|  0%| F|  |TAMS 0x0000000706e00000| PB 0x0000000706e00000| Untracked 
|  42|0x0000000707000000, 0x0000000707000000, 0x0000000707200000|  0%| F|  |TAMS 0x0000000707000000| PB 0x0000000707000000| Untracked 
|  43|0x0000000707200000, 0x0000000707200000, 0x0000000707400000|  0%| F|  |TAMS 0x0000000707200000| PB 0x0000000707200000| Untracked 
|  44|0x0000000707400000, 0x0000000707400000, 0x0000000707600000|  0%| F|  |TAMS 0x0000000707400000| PB 0x0000000707400000| Untracked 
|  45|0x0000000707600000, 0x0000000707600000, 0x0000000707800000|  0%| F|  |TAMS 0x0000000707600000| PB 0x0000000707600000| Untracked 
|  46|0x0000000707800000, 0x0000000707800000, 0x0000000707a00000|  0%| F|  |TAMS 0x0000000707800000| PB 0x0000000707800000| Untracked 
|  47|0x0000000707a00000, 0x0000000707a00000, 0x0000000707c00000|  0%| F|  |TAMS 0x0000000707a00000| PB 0x0000000707a00000| Untracked 
|  48|0x0000000707c00000, 0x0000000707c00000, 0x0000000707e00000|  0%| F|  |TAMS 0x0000000707c00000| PB 0x0000000707c00000| Untracked 
|  49|0x0000000707e00000, 0x0000000707e00000, 0x0000000708000000|  0%| F|  |TAMS 0x0000000707e00000| PB 0x0000000707e00000| Untracked 
|  50|0x0000000708000000, 0x0000000708000000, 0x0000000708200000|  0%| F|  |TAMS 0x0000000708000000| PB 0x0000000708000000| Untracked 
|  51|0x0000000708200000, 0x0000000708200000, 0x0000000708400000|  0%| F|  |TAMS 0x0000000708200000| PB 0x0000000708200000| Untracked 
|  52|0x0000000708400000, 0x0000000708400000, 0x0000000708600000|  0%| F|  |TAMS 0x0000000708400000| PB 0x0000000708400000| Untracked 
|  53|0x0000000708600000, 0x0000000708600000, 0x0000000708800000|  0%| F|  |TAMS 0x0000000708600000| PB 0x0000000708600000| Untracked 
|  54|0x0000000708800000, 0x0000000708800000, 0x0000000708a00000|  0%| F|  |TAMS 0x0000000708800000| PB 0x0000000708800000| Untracked 
|  55|0x0000000708a00000, 0x0000000708a00000, 0x0000000708c00000|  0%| F|  |TAMS 0x0000000708a00000| PB 0x0000000708a00000| Untracked 
|  56|0x0000000708c00000, 0x0000000708c00000, 0x0000000708e00000|  0%| F|  |TAMS 0x0000000708c00000| PB 0x0000000708c00000| Untracked 
|  57|0x0000000708e00000, 0x0000000708e00000, 0x0000000709000000|  0%| F|  |TAMS 0x0000000708e00000| PB 0x0000000708e00000| Untracked 
|  58|0x0000000709000000, 0x0000000709000000, 0x0000000709200000|  0%| F|  |TAMS 0x0000000709000000| PB 0x0000000709000000| Untracked 
|  59|0x0000000709200000, 0x0000000709200000, 0x0000000709400000|  0%| F|  |TAMS 0x0000000709200000| PB 0x0000000709200000| Untracked 
|  60|0x0000000709400000, 0x0000000709400000, 0x0000000709600000|  0%| F|  |TAMS 0x0000000709400000| PB 0x0000000709400000| Untracked 
|  61|0x0000000709600000, 0x0000000709600000, 0x0000000709800000|  0%| F|  |TAMS 0x0000000709600000| PB 0x0000000709600000| Untracked 
|  62|0x0000000709800000, 0x0000000709800000, 0x0000000709a00000|  0%| F|  |TAMS 0x0000000709800000| PB 0x0000000709800000| Untracked 
|  63|0x0000000709a00000, 0x0000000709a00000, 0x0000000709c00000|  0%| F|  |TAMS 0x0000000709a00000| PB 0x0000000709a00000| Untracked 
|  64|0x0000000709c00000, 0x0000000709c00000, 0x0000000709e00000|  0%| F|  |TAMS 0x0000000709c00000| PB 0x0000000709c00000| Untracked 
|  65|0x0000000709e00000, 0x0000000709e00000, 0x000000070a000000|  0%| F|  |TAMS 0x0000000709e00000| PB 0x0000000709e00000| Untracked 
|  66|0x000000070a000000, 0x000000070a000000, 0x000000070a200000|  0%| F|  |TAMS 0x000000070a000000| PB 0x000000070a000000| Untracked 
|  67|0x000000070a200000, 0x000000070a200000, 0x000000070a400000|  0%| F|  |TAMS 0x000000070a200000| PB 0x000000070a200000| Untracked 
|  68|0x000000070a400000, 0x000000070a400000, 0x000000070a600000|  0%| F|  |TAMS 0x000000070a400000| PB 0x000000070a400000| Untracked 
|  69|0x000000070a600000, 0x000000070a600000, 0x000000070a800000|  0%| F|  |TAMS 0x000000070a600000| PB 0x000000070a600000| Untracked 
|  70|0x000000070a800000, 0x000000070a800000, 0x000000070aa00000|  0%| F|  |TAMS 0x000000070a800000| PB 0x000000070a800000| Untracked 
|  71|0x000000070aa00000, 0x000000070aa00000, 0x000000070ac00000|  0%| F|  |TAMS 0x000000070aa00000| PB 0x000000070aa00000| Untracked 
|  72|0x000000070ac00000, 0x000000070ac00000, 0x000000070ae00000|  0%| F|  |TAMS 0x000000070ac00000| PB 0x000000070ac00000| Untracked 
|  73|0x000000070ae00000, 0x000000070ae00000, 0x000000070b000000|  0%| F|  |TAMS 0x000000070ae00000| PB 0x000000070ae00000| Untracked 
|  74|0x000000070b000000, 0x000000070b000000, 0x000000070b200000|  0%| F|  |TAMS 0x000000070b000000| PB 0x000000070b000000| Untracked 
|  75|0x000000070b200000, 0x000000070b200000, 0x000000070b400000|  0%| F|  |TAMS 0x000000070b200000| PB 0x000000070b200000| Untracked 
|  76|0x000000070b400000, 0x000000070b400000, 0x000000070b600000|  0%| F|  |TAMS 0x000000070b400000| PB 0x000000070b400000| Untracked 
|  77|0x000000070b600000, 0x000000070b600000, 0x000000070b800000|  0%| F|  |TAMS 0x000000070b600000| PB 0x000000070b600000| Untracked 
|  78|0x000000070b800000, 0x000000070b97c0e0, 0x000000070ba00000| 74%| E|  |TAMS 0x000000070b800000| PB 0x000000070b800000| Complete 
|  79|0x000000070ba00000, 0x000000070bc00000, 0x000000070bc00000|100%| E|CS|TAMS 0x000000070ba00000| PB 0x000000070ba00000| Complete 
|  80|0x000000070bc00000, 0x000000070be00000, 0x000000070be00000|100%| E|CS|TAMS 0x000000070bc00000| PB 0x000000070bc00000| Complete 
|  81|0x000000070be00000, 0x000000070c000000, 0x000000070c000000|100%| E|CS|TAMS 0x000000070be00000| PB 0x000000070be00000| Complete 
|  82|0x000000070c000000, 0x000000070c200000, 0x000000070c200000|100%| E|CS|TAMS 0x000000070c000000| PB 0x000000070c000000| Complete 
|  83|0x000000070c200000, 0x000000070c400000, 0x000000070c400000|100%| E|CS|TAMS 0x000000070c200000| PB 0x000000070c200000| Complete 
|  84|0x000000070c400000, 0x000000070c600000, 0x000000070c600000|100%| E|CS|TAMS 0x000000070c400000| PB 0x000000070c400000| Complete 
|  85|0x000000070c600000, 0x000000070c800000, 0x000000070c800000|100%| E|CS|TAMS 0x000000070c600000| PB 0x000000070c600000| Complete 
|  86|0x000000070c800000, 0x000000070ca00000, 0x000000070ca00000|100%| E|CS|TAMS 0x000000070c800000| PB 0x000000070c800000| Complete 
|  87|0x000000070ca00000, 0x000000070cc00000, 0x000000070cc00000|100%| E|CS|TAMS 0x000000070ca00000| PB 0x000000070ca00000| Complete 
|  88|0x000000070cc00000, 0x000000070ce00000, 0x000000070ce00000|100%| E|CS|TAMS 0x000000070cc00000| PB 0x000000070cc00000| Complete 
|  89|0x000000070ce00000, 0x000000070d000000, 0x000000070d000000|100%| E|CS|TAMS 0x000000070ce00000| PB 0x000000070ce00000| Complete 
|  90|0x000000070d000000, 0x000000070d200000, 0x000000070d200000|100%| E|CS|TAMS 0x000000070d000000| PB 0x000000070d000000| Complete 
|  91|0x000000070d200000, 0x000000070d400000, 0x000000070d400000|100%| E|CS|TAMS 0x000000070d200000| PB 0x000000070d200000| Complete 
|  92|0x000000070d400000, 0x000000070d600000, 0x000000070d600000|100%| E|CS|TAMS 0x000000070d400000| PB 0x000000070d400000| Complete 
|  93|0x000000070d600000, 0x000000070d800000, 0x000000070d800000|100%| E|  |TAMS 0x000000070d600000| PB 0x000000070d600000| Complete 
|  94|0x000000070d800000, 0x000000070da00000, 0x000000070da00000|100%| E|CS|TAMS 0x000000070d800000| PB 0x000000070d800000| Complete 
|  95|0x000000070da00000, 0x000000070dc00000, 0x000000070dc00000|100%| E|CS|TAMS 0x000000070da00000| PB 0x000000070da00000| Complete 
|  96|0x000000070dc00000, 0x000000070de00000, 0x000000070de00000|100%| E|CS|TAMS 0x000000070dc00000| PB 0x000000070dc00000| Complete 

Card table byte_map: [0x0000022fdb050000,0x0000022fdb850000] _byte_map_base: 0x0000022fd7842000

Marking Bits: (CMBitMap*) 0x0000022fc7cd0ea0
 Bits: [0x0000022fdb850000, 0x0000022fdf7e0000)

Polling page: 0x0000022fc59a0000

Metaspace:

Usage:
  Non-class:    123.61 MB used.
      Class:     17.87 MB used.
       Both:    141.48 MB used.

Virtual space:
  Non-class space:      128.00 MB reserved,     124.69 MB ( 97%) committed,  2 nodes.
      Class space:        1.00 GB reserved,      18.62 MB (  2%) committed,  1 nodes.
             Both:        1.12 GB reserved,     143.31 MB ( 12%) committed. 

Chunk freelists:
   Non-Class:  3.90 MB
       Class:  13.80 MB
        Both:  17.70 MB

MaxMetaspaceSize: unlimited
CompressedClassSpaceSize: 1.00 GB
Initial GC threshold: 21.00 MB
Current GC threshold: 238.75 MB
CDS: on
 - commit_granule_bytes: 65536.
 - commit_granule_words: 8192.
 - virtual_space_node_default_size: 8388608.
 - enlarge_chunks_in_place: 1.
 - use_allocation_guard: 0.


Internal statistics:

num_allocs_failed_limit: 12.
num_arena_births: 2142.
num_arena_deaths: 984.
num_vsnodes_births: 3.
num_vsnodes_deaths: 0.
num_space_committed: 2292.
num_space_uncommitted: 0.
num_chunks_returned_to_freelist: 1163.
num_chunks_taken_from_freelist: 7460.
num_chunk_merges: 337.
num_chunk_splits: 5153.
num_chunks_enlarged: 3919.
num_inconsistent_stats: 0.

CodeHeap 'non-profiled nmethods': size=120000Kb used=10133Kb max_used=21006Kb free=109866Kb
 bounds [0x0000022fd3320000, 0x0000022fd47b0000, 0x0000022fda850000]
CodeHeap 'profiled nmethods': size=120000Kb used=18772Kb max_used=49037Kb free=101227Kb
 bounds [0x0000022fcb850000, 0x0000022fce840000, 0x0000022fd2d80000]
CodeHeap 'non-nmethods': size=5760Kb used=1967Kb max_used=2113Kb free=3792Kb
 bounds [0x0000022fd2d80000, 0x0000022fd2ff0000, 0x0000022fd3320000]
 total_blobs=10640 nmethods=9756 adapters=785
 compilation: enabled
              stopped_count=0, restarted_count=0
 full_count=0

Compilation events (20 events):
Event: 8802.070 Thread 0x0000022fe1d09e20 91156       3       java.io.FilterInputStream::read (9 bytes)
Event: 8802.070 Thread 0x0000022fe1d09e20 nmethod 91156 0x0000022fce029c10 code [0x0000022fce029dc0, 0x0000022fce029fb8]
Event: 8802.070 Thread 0x0000022fe6008090 91157       4       java.io.DataInputStream::readUTF (501 bytes)
Event: 8802.072 Thread 0x0000022ff8fe5010 91158 %     4       org.hotswap.agent.javassist.bytecode.ConstPool::read @ 28 (64 bytes)
Event: 8802.075 Thread 0x0000022ff8fe5010 nmethod 91158% 0x0000022fd3ba1290 code [0x0000022fd3ba1440, 0x0000022fd3ba16c0]
Event: 8802.075 Thread 0x0000022ff8fe5010 91159       4       org.hotswap.agent.javassist.bytecode.ConstPool::read (64 bytes)
Event: 8802.094 Thread 0x0000022fe1d09e20 91161       3       java.io.DataInputStream::readInt (19 bytes)
Event: 8802.094 Thread 0x0000022fe1d09e20 nmethod 91161 0x0000022fce029110 code [0x0000022fce029320, 0x0000022fce029958]
Event: 8802.101 Thread 0x0000022ff8fe5010 nmethod 91159 0x0000022fd332d990 code [0x0000022fd332dbc0, 0x0000022fd332ec40]
Event: 8802.101 Thread 0x0000022ff8fe5010 91160       4       org.hotswap.agent.javassist.bytecode.LongVector::elementAt (29 bytes)
Event: 8802.102 Thread 0x0000022ff8fe5010 nmethod 91160 0x0000022fd3ba0e90 code [0x0000022fd3ba1020, 0x0000022fd3ba11a0]
Event: 8802.102 Thread 0x0000022ff8fe5010 91162       4       java.io.DataInputStream::readFully (9 bytes)
Event: 8802.104 Thread 0x0000022ff8fe5010 nmethod 91162 0x0000022fd3ba0a10 code [0x0000022fd3ba0ba0, 0x0000022fd3ba0cf0]
Event: 8802.130 Thread 0x0000022fe6008090 nmethod 91157 0x0000022fd3969f10 code [0x0000022fd396a1e0, 0x0000022fd396bf20]
Event: 8802.136 Thread 0x0000022ff8fe5010 91163       4       org.hotswap.agent.javassist.bytecode.AttributeInfo::<init> (42 bytes)
Event: 8802.141 Thread 0x0000022fe6008090 91164       4       java.net.URI::quote (214 bytes)
Event: 8802.142 Thread 0x0000022fe1d09e20 91165       3       sun.reflect.annotation.AnnotationInvocationHandler::memberValueHashCode (137 bytes)
Event: 8802.142 Thread 0x0000022fe1d09e20 nmethod 91165 0x0000022fcbeb9210 code [0x0000022fcbeb9540, 0x0000022fcbeba568]
Event: 8802.149 Thread 0x0000022ff8fe5010 nmethod 91163 0x0000022fd332ca90 code [0x0000022fd332cc60, 0x0000022fd332d3b0]
Event: 8802.196 Thread 0x0000022fe6008090 nmethod 91164 0x0000022fd403eb10 code [0x0000022fd403ede0, 0x0000022fd40405e0]

GC Heap History (20 events):
Event: 3789.015 GC heap before
{Heap before GC invocations=84 (full 1):
 garbage-first heap   total 225280K, used 193513K [0x0000000701c00000, 0x0000000800000000)
  region size 2048K, 66 young (135168K), 2 survivors (4096K)
 Metaspace       used 144643K, committed 145856K, reserved 1179648K
  class space    used 18505K, committed 19072K, reserved 1048576K
}
Event: 3789.031 GC heap after
{Heap after GC invocations=85 (full 1):
 garbage-first heap   total 225280K, used 65057K [0x0000000701c00000, 0x0000000800000000)
  region size 2048K, 2 young (4096K), 2 survivors (4096K)
 Metaspace       used 144643K, committed 145856K, reserved 1179648K
  class space    used 18505K, committed 19072K, reserved 1048576K
}
Event: 3916.714 GC heap before
{Heap before GC invocations=85 (full 1):
 garbage-first heap   total 225280K, used 110113K [0x0000000701c00000, 0x0000000800000000)
  region size 2048K, 25 young (51200K), 2 survivors (4096K)
 Metaspace       used 144715K, committed 145920K, reserved 1179648K
  class space    used 18508K, committed 19072K, reserved 1048576K
}
Event: 3916.719 GC heap after
{Heap after GC invocations=86 (full 1):
 garbage-first heap   total 225280K, used 65171K [0x0000000701c00000, 0x0000000800000000)
  region size 2048K, 2 young (4096K), 2 survivors (4096K)
 Metaspace       used 144715K, committed 145920K, reserved 1179648K
  class space    used 18508K, committed 19072K, reserved 1048576K
}
Event: 4381.451 GC heap before
{Heap before GC invocations=87 (full 1):
 garbage-first heap   total 225280K, used 194195K [0x0000000701c00000, 0x0000000800000000)
  region size 2048K, 66 young (135168K), 2 survivors (4096K)
 Metaspace       used 145035K, committed 146240K, reserved 1179648K
  class space    used 18522K, committed 19072K, reserved 1048576K
}
Event: 4381.472 GC heap after
{Heap after GC invocations=88 (full 1):
 garbage-first heap   total 225280K, used 65304K [0x0000000701c00000, 0x0000000800000000)
  region size 2048K, 2 young (4096K), 2 survivors (4096K)
 Metaspace       used 145035K, committed 146240K, reserved 1179648K
  class space    used 18522K, committed 19072K, reserved 1048576K
}
Event: 5022.173 GC heap before
{Heap before GC invocations=88 (full 1):
 garbage-first heap   total 225280K, used 196376K [0x0000000701c00000, 0x0000000800000000)
  region size 2048K, 66 young (135168K), 2 survivors (4096K)
 Metaspace       used 145195K, committed 146368K, reserved 1179648K
  class space    used 18527K, committed 19072K, reserved 1048576K
}
Event: 5022.181 GC heap after
{Heap after GC invocations=89 (full 1):
 garbage-first heap   total 225280K, used 64899K [0x0000000701c00000, 0x0000000800000000)
  region size 2048K, 2 young (4096K), 2 survivors (4096K)
 Metaspace       used 145195K, committed 146368K, reserved 1179648K
  class space    used 18527K, committed 19072K, reserved 1048576K
}
Event: 5696.410 GC heap before
{Heap before GC invocations=89 (full 1):
 garbage-first heap   total 225280K, used 195971K [0x0000000701c00000, 0x0000000800000000)
  region size 2048K, 66 young (135168K), 2 survivors (4096K)
 Metaspace       used 145265K, committed 146496K, reserved 1179648K
  class space    used 18527K, committed 19072K, reserved 1048576K
}
Event: 5696.414 GC heap after
{Heap after GC invocations=90 (full 1):
 garbage-first heap   total 225280K, used 65039K [0x0000000701c00000, 0x0000000800000000)
  region size 2048K, 2 young (4096K), 2 survivors (4096K)
 Metaspace       used 145265K, committed 146496K, reserved 1179648K
  class space    used 18527K, committed 19072K, reserved 1048576K
}
Event: 6392.509 GC heap before
{Heap before GC invocations=91 (full 1):
 garbage-first heap   total 225280K, used 196111K [0x0000000701c00000, 0x0000000800000000)
  region size 2048K, 66 young (135168K), 2 survivors (4096K)
 Metaspace       used 144361K, committed 146496K, reserved 1179648K
  class space    used 18292K, committed 19072K, reserved 1048576K
}
Event: 6392.518 GC heap after
{Heap after GC invocations=92 (full 1):
 garbage-first heap   total 225280K, used 65047K [0x0000000701c00000, 0x0000000800000000)
  region size 2048K, 2 young (4096K), 2 survivors (4096K)
 Metaspace       used 144361K, committed 146496K, reserved 1179648K
  class space    used 18292K, committed 19072K, reserved 1048576K
}
Event: 7088.807 GC heap before
{Heap before GC invocations=92 (full 1):
 garbage-first heap   total 225280K, used 196119K [0x0000000701c00000, 0x0000000800000000)
  region size 2048K, 66 young (135168K), 2 survivors (4096K)
 Metaspace       used 144492K, committed 146624K, reserved 1179648K
  class space    used 18292K, committed 19072K, reserved 1048576K
}
Event: 7088.816 GC heap after
{Heap after GC invocations=93 (full 1):
 garbage-first heap   total 225280K, used 64655K [0x0000000701c00000, 0x0000000800000000)
  region size 2048K, 2 young (4096K), 2 survivors (4096K)
 Metaspace       used 144492K, committed 146624K, reserved 1179648K
  class space    used 18292K, committed 19072K, reserved 1048576K
}
Event: 7773.463 GC heap before
{Heap before GC invocations=93 (full 1):
 garbage-first heap   total 225280K, used 193679K [0x0000000701c00000, 0x0000000800000000)
  region size 2048K, 66 young (135168K), 2 survivors (4096K)
 Metaspace       used 144670K, committed 146688K, reserved 1179648K
  class space    used 18292K, committed 19072K, reserved 1048576K
}
Event: 7773.469 GC heap after
{Heap after GC invocations=94 (full 1):
 garbage-first heap   total 225280K, used 64434K [0x0000000701c00000, 0x0000000800000000)
  region size 2048K, 2 young (4096K), 2 survivors (4096K)
 Metaspace       used 144670K, committed 146688K, reserved 1179648K
  class space    used 18292K, committed 19072K, reserved 1048576K
}
Event: 8478.671 GC heap before
{Heap before GC invocations=95 (full 1):
 garbage-first heap   total 225280K, used 195506K [0x0000000701c00000, 0x0000000800000000)
  region size 2048K, 66 young (135168K), 2 survivors (4096K)
 Metaspace       used 144688K, committed 146752K, reserved 1179648K
  class space    used 18282K, committed 19072K, reserved 1048576K
}
Event: 8478.679 GC heap after
{Heap after GC invocations=96 (full 1):
 garbage-first heap   total 225280K, used 64307K [0x0000000701c00000, 0x0000000800000000)
  region size 2048K, 2 young (4096K), 2 survivors (4096K)
 Metaspace       used 144688K, committed 146752K, reserved 1179648K
  class space    used 18282K, committed 19072K, reserved 1048576K
}
Event: 8728.976 GC heap before
{Heap before GC invocations=96 (full 1):
 garbage-first heap   total 225280K, used 111411K [0x0000000701c00000, 0x0000000800000000)
  region size 2048K, 27 young (55296K), 2 survivors (4096K)
 Metaspace       used 144727K, committed 146752K, reserved 1179648K
  class space    used 18284K, committed 19072K, reserved 1048576K
}
Event: 8729.100 GC heap after
{Heap after GC invocations=97 (full 2):
 garbage-first heap   total 198656K, used 55427K [0x0000000701c00000, 0x0000000800000000)
  region size 2048K, 0 young (0K), 0 survivors (0K)
 Metaspace       used 144686K, committed 146752K, reserved 1179648K
  class space    used 18275K, committed 19072K, reserved 1048576K
}

Dll operation events (4 events):
Event: 0.038 Loaded shared library C:\Users\Argenis Parra\.vaadin\jdk\jbrsdk-21.0.6-windows-x64-b895.97\bin\java.dll
Event: 0.090 Loaded shared library C:\Users\Argenis Parra\.vaadin\jdk\jbrsdk-21.0.6-windows-x64-b895.97\bin\zip.dll
Event: 0.095 Loaded shared library C:\Users\Argenis Parra\.vaadin\jdk\jbrsdk-21.0.6-windows-x64-b895.97\bin\jsvml.dll
Event: 28.699 Loaded shared library C:\Users\Argenis Parra\.vaadin\jdk\jbrsdk-21.0.6-windows-x64-b895.97\bin\verify.dll

Deoptimization events (20 events):
Event: 8802.306 Thread 0x0000022fe630f210 DEOPT PACKING pc=0x0000022fcc05605c sp=0x000000f6fa5fd730
Event: 8802.306 Thread 0x0000022fe630f210 DEOPT UNPACKING pc=0x0000022fd2dd4e42 sp=0x000000f6fa5fcdd8 mode 1
Event: 8802.306 Thread 0x0000022fe630f210 DEOPT PACKING pc=0x0000022fcbc8ccfc sp=0x000000f6fa5fd620
Event: 8802.306 Thread 0x0000022fe630f210 DEOPT UNPACKING pc=0x0000022fd2dd4e42 sp=0x000000f6fa5fcb70 mode 1
Event: 8802.306 Thread 0x0000022fe630f210 DEOPT PACKING pc=0x0000022fcc05605c sp=0x000000f6fa5fd730
Event: 8802.306 Thread 0x0000022fe630f210 DEOPT UNPACKING pc=0x0000022fd2dd4e42 sp=0x000000f6fa5fcdd8 mode 1
Event: 8802.318 Thread 0x0000022fe630f210 DEOPT PACKING pc=0x0000022fccb5137c sp=0x000000f6fa5fd8f0
Event: 8802.318 Thread 0x0000022fe630f210 DEOPT UNPACKING pc=0x0000022fd2dd4e42 sp=0x000000f6fa5fce58 mode 1
Event: 8802.319 Thread 0x0000022fe630f210 DEOPT PACKING pc=0x0000022fccb5137c sp=0x000000f6fa5fd8f0
Event: 8802.319 Thread 0x0000022fe630f210 DEOPT UNPACKING pc=0x0000022fd2dd4e42 sp=0x000000f6fa5fce58 mode 1
Event: 8802.320 Thread 0x0000022fe630f210 DEOPT PACKING pc=0x0000022fccb5137c sp=0x000000f6fa5fd8f0
Event: 8802.320 Thread 0x0000022fe630f210 DEOPT UNPACKING pc=0x0000022fd2dd4e42 sp=0x000000f6fa5fce58 mode 1
Event: 8802.321 Thread 0x0000022fe630f210 DEOPT PACKING pc=0x0000022fccb5137c sp=0x000000f6fa5fd8f0
Event: 8802.321 Thread 0x0000022fe630f210 DEOPT UNPACKING pc=0x0000022fd2dd4e42 sp=0x000000f6fa5fce58 mode 1
Event: 8802.321 Thread 0x0000022fe630f210 DEOPT PACKING pc=0x0000022fccb5137c sp=0x000000f6fa5fd8f0
Event: 8802.321 Thread 0x0000022fe630f210 DEOPT UNPACKING pc=0x0000022fd2dd4e42 sp=0x000000f6fa5fce58 mode 1
Event: 8802.321 Thread 0x0000022fe630f210 DEOPT PACKING pc=0x0000022fccb5137c sp=0x000000f6fa5fd8f0
Event: 8802.321 Thread 0x0000022fe630f210 DEOPT UNPACKING pc=0x0000022fd2dd4e42 sp=0x000000f6fa5fce58 mode 1
Event: 8802.321 Thread 0x0000022fe630f210 DEOPT PACKING pc=0x0000022fccb5137c sp=0x000000f6fa5fd8f0
Event: 8802.321 Thread 0x0000022fe630f210 DEOPT UNPACKING pc=0x0000022fd2dd4e42 sp=0x000000f6fa5fce58 mode 1

Classes loaded (20 events):
Event: 181.645 Loading class sun/security/ssl/Alert$Level
Event: 181.646 Loading class sun/security/ssl/Alert$Level done
Event: 340.608 Loading class sun/net/ConnectionResetException
Event: 340.608 Loading class sun/net/ConnectionResetException done
Event: 442.249 Loading class com/sun/beans/finder/PropertyEditorFinder
Event: 442.250 Loading class com/sun/beans/finder/PropertyEditorFinder done
Event: 3015.197 Loading class java/nio/channels/InterruptedByTimeoutException
Event: 3015.202 Loading class java/nio/channels/InterruptedByTimeoutException done
Event: 3021.410 Loading class jdk/internal/reflect/AccessorUtils
Event: 3021.412 Loading class jdk/internal/reflect/AccessorUtils done
Event: 3021.460 Loading class java/lang/Throwable$WrappedPrintWriter
Event: 3021.461 Loading class java/lang/Throwable$WrappedPrintWriter done
Event: 3084.735 Loading class jdk/internal/access/JavaAWTAccess
Event: 3084.751 Loading class jdk/internal/access/JavaAWTAccess done
Event: 3087.726 Loading class jdk/internal/math/FormattedFPDecimal
Event: 3087.728 Loading class jdk/internal/math/FormattedFPDecimal done
Event: 3308.368 Loading class java/beans/NameGenerator
Event: 3308.371 Loading class java/beans/NameGenerator done
Event: 3308.940 Loading class java/math/BigDecimal$StringBuilderHelper
Event: 3308.941 Loading class java/math/BigDecimal$StringBuilderHelper done

Classes unloaded (20 events):
Event: 7773.547 Thread 0x0000022fe1cddd00 Unloading class 0x0000022f810c1000 'java/lang/invoke/LambdaForm$MH+0x0000022f810c1000'
Event: 7773.547 Thread 0x0000022fe1cddd00 Unloading class 0x0000022f810c0800 'java/lang/invoke/LambdaForm$MH+0x0000022f810c0800'
Event: 7773.547 Thread 0x0000022fe1cddd00 Unloading class 0x0000022f810c0000 'java/lang/invoke/LambdaForm$MH+0x0000022f810c0000'
Event: 8729.009 Thread 0x0000022fe1cddd00 Unloading class 0x0000022f82283400 'java/lang/invoke/LambdaForm$MH+0x0000022f82283400'
Event: 8729.009 Thread 0x0000022fe1cddd00 Unloading class 0x0000022f82283000 'java/lang/invoke/LambdaForm$MH+0x0000022f82283000'
Event: 8729.009 Thread 0x0000022fe1cddd00 Unloading class 0x0000022f82282c00 'java/lang/invoke/LambdaForm$MH+0x0000022f82282c00'
Event: 8729.009 Thread 0x0000022fe1cddd00 Unloading class 0x0000022f82274400 'java/lang/invoke/LambdaForm$MH+0x0000022f82274400'
Event: 8729.009 Thread 0x0000022fe1cddd00 Unloading class 0x0000022f82274000 'java/lang/invoke/LambdaForm$DMH+0x0000022f82274000'
Event: 8729.009 Thread 0x0000022fe1cddd00 Unloading class 0x0000022f8224b800 'java/lang/invoke/LambdaForm$MH+0x0000022f8224b800'
Event: 8729.009 Thread 0x0000022fe1cddd00 Unloading class 0x0000022f8224ac00 'java/lang/invoke/LambdaForm$MH+0x0000022f8224ac00'
Event: 8729.009 Thread 0x0000022fe1cddd00 Unloading class 0x0000022f82240400 'java/lang/invoke/LambdaForm$MH+0x0000022f82240400'
Event: 8729.009 Thread 0x0000022fe1cddd00 Unloading class 0x0000022f82233800 'java/lang/invoke/LambdaForm$MH+0x0000022f82233800'
Event: 8729.009 Thread 0x0000022fe1cddd00 Unloading class 0x0000022f82233000 'java/lang/invoke/LambdaForm$MH+0x0000022f82233000'
Event: 8729.009 Thread 0x0000022fe1cddd00 Unloading class 0x0000022f82231c00 'java/lang/invoke/LambdaForm$MH+0x0000022f82231c00'
Event: 8729.009 Thread 0x0000022fe1cddd00 Unloading class 0x0000022f81fcc000 'java/lang/invoke/LambdaForm$MH+0x0000022f81fcc000'
Event: 8729.009 Thread 0x0000022fe1cddd00 Unloading class 0x0000022f816fc000 'java/lang/invoke/LambdaForm$MH+0x0000022f816fc000'
Event: 8729.009 Thread 0x0000022fe1cddd00 Unloading class 0x0000022f815e4400 'java/lang/invoke/LambdaForm$MH+0x0000022f815e4400'
Event: 8729.009 Thread 0x0000022fe1cddd00 Unloading class 0x0000022f815e4000 'java/lang/invoke/LambdaForm$DMH+0x0000022f815e4000'
Event: 8729.009 Thread 0x0000022fe1cddd00 Unloading class 0x0000022f8141bc00 'java/lang/invoke/LambdaForm$MH+0x0000022f8141bc00'
Event: 8729.009 Thread 0x0000022fe1cddd00 Unloading class 0x0000022f8101d400 'java/lang/invoke/LambdaForm$MH+0x0000022f8101d400'

Classes redefined (12 events):
Event: 442.280 Thread 0x0000022fe1cddd00 redefined class name=com.ideadistribuidora.visus.views.precios.PreciosView, count=1
Event: 1750.552 Thread 0x0000022fe1cddd00 redefined class name=com.ideadistribuidora.visus.views.precios.PreciosView, count=2
Event: 1824.387 Thread 0x0000022fe1cddd00 redefined class name=com.ideadistribuidora.visus.views.precios.PreciosView, count=3
Event: 1965.973 Thread 0x0000022fe1cddd00 redefined class name=com.ideadistribuidora.visus.views.precios.PreciosView, count=4
Event: 3012.614 Thread 0x0000022fe1cddd00 redefined class name=com.ideadistribuidora.visus.views.precios.PreciosView, count=5
Event: 3049.623 Thread 0x0000022fe1cddd00 redefined class name=com.ideadistribuidora.visus.views.precios.PreciosView, count=6
Event: 3080.725 Thread 0x0000022fe1cddd00 redefined class name=com.ideadistribuidora.visus.views.precios.PreciosView, count=7
Event: 3133.473 Thread 0x0000022fe1cddd00 redefined class name=com.ideadistribuidora.visus.views.precios.PreciosView, count=8
Event: 3295.783 Thread 0x0000022fe1cddd00 redefined class name=com.ideadistribuidora.visus.views.precios.PreciosView, count=9
Event: 3910.776 Thread 0x0000022fe1cddd00 redefined class name=com.ideadistribuidora.visus.views.precios.PreciosView, count=10
Event: 8728.775 Thread 0x0000022fe1cddd00 redefined class name=com.ideadistribuidora.visus.views.precios.PreciosView, count=11
Event: 8802.327 Thread 0x0000022fe1cddd00 redefined class name=com.ideadistribuidora.visus.views.precios.PreciosView, count=12

Internal exceptions (20 events):
Event: 5685.163 Thread 0x0000022fee302a70 Exception <a 'sun/net/ConnectionResetException'{0x0000000707e0a628}: Connection reset> (0x0000000707e0a628) 
thrown [s\src\hotspot\share\prims\jni.cpp, line 567]
Event: 6264.135 Thread 0x0000022feb944fd0 Exception <a 'sun/net/ConnectionResetException'{0x0000000709006d30}: Connection reset> (0x0000000709006d30) 
thrown [s\src\hotspot\share\prims\jni.cpp, line 567]
Event: 6271.605 Thread 0x0000022feb944fd0 Exception <a 'sun/net/ConnectionResetException'{0x000000070900a3f8}: Connection reset> (0x000000070900a3f8) 
thrown [s\src\hotspot\share\prims\jni.cpp, line 567]
Event: 6561.730 Thread 0x0000022feb942870 Exception <a 'sun/net/ConnectionResetException'{0x000000070d90a7a8}: Connection reset> (0x000000070d90a7a8) 
thrown [s\src\hotspot\share\prims\jni.cpp, line 567]
Event: 6861.117 Thread 0x0000022feb9421e0 Exception <a 'sun/net/ConnectionResetException'{0x000000070a307a20}: Connection reset> (0x000000070a307a20) 
thrown [s\src\hotspot\share\prims\jni.cpp, line 567]
Event: 6868.968 Thread 0x0000022feb943590 Exception <a 'sun/net/ConnectionResetException'{0x0000000709f12070}: Connection reset> (0x0000000709f12070) 
thrown [s\src\hotspot\share\prims\jni.cpp, line 567]
Event: 7154.195 Thread 0x0000022feb9414c0 Exception <a 'sun/net/ConnectionResetException'{0x000000070ed5d2d0}: Connection reset> (0x000000070ed5d2d0) 
thrown [s\src\hotspot\share\prims\jni.cpp, line 567]
Event: 7167.364 Thread 0x0000022feb9414c0 Exception <a 'sun/net/ConnectionResetException'{0x000000070ed64b30}: Connection reset> (0x000000070ed64b30) 
thrown [s\src\hotspot\share\prims\jni.cpp, line 567]
Event: 7454.768 Thread 0x0000022feb943590 Exception <a 'sun/net/ConnectionResetException'{0x000000070b5f7260}: Connection reset> (0x000000070b5f7260) 
thrown [s\src\hotspot\share\prims\jni.cpp, line 567]
Event: 7749.294 Thread 0x0000022feb93fa80 Exception <a 'sun/net/ConnectionResetException'{0x0000000707e04e90}: Connection reset> (0x0000000707e04e90) 
thrown [s\src\hotspot\share\prims\jni.cpp, line 567]
Event: 7751.847 Thread 0x0000022feb93fa80 Exception <a 'sun/net/ConnectionResetException'{0x0000000707e06460}: Connection reset> (0x0000000707e06460) 
thrown [s\src\hotspot\share\prims\jni.cpp, line 567]
Event: 7754.249 Thread 0x0000022feb93fa80 Exception <a 'sun/net/ConnectionResetException'{0x0000000707e07a30}: Connection reset> (0x0000000707e07a30) 
thrown [s\src\hotspot\share\prims\jni.cpp, line 567]
Event: 8054.796 Thread 0x0000022feb61fc60 Exception <a 'sun/net/ConnectionResetException'{0x000000070c73a3a8}: Connection reset> (0x000000070c73a3a8) 
thrown [s\src\hotspot\share\prims\jni.cpp, line 567]
Event: 8355.007 Thread 0x0000022feb61ce70 Exception <a 'sun/net/ConnectionResetException'{0x000000070913a290}: Connection reset> (0x000000070913a290) 
thrown [s\src\hotspot\share\prims\jni.cpp, line 567]
Event: 8625.158 Thread 0x0000022feb61ada0 Exception <a 'sun/net/ConnectionResetException'{0x000000070dc03100}: Connection reset> (0x000000070dc03100) 
thrown [s\src\hotspot\share\prims\jni.cpp, line 567]
Event: 8728.751 Thread 0x0000022fe630f210 Exception <a 'java/lang/ClassCastException'{0x000000070c90c030}: class java.io.ObjectStreamClass$Caches$1 cannot be cast to class java.util.Map (java.io.ObjectStreamClass$Caches$1 and java.util.Map are in module java.base of loader 'bootstrap')> (0x000000070c90c030) 
thrown [s\src\hotspot\share\interpreter\interpreterRuntime.cpp, line 455]
Event: 8729.589 Thread 0x0000022feb61ce70 Exception <a 'java/lang/NoSuchMethodError'{0x000000070dd3c550}: 'int java.lang.invoke.DelegatingMethodHandle$Holder.reinvoke_L(java.lang.Object, java.lang.Object, java.lang.Object, java.lang.Object, java.lang.Object)'> (0x000000070dd3c550) 
thrown [s\src\hotspot\share\interpreter\linkResolver.cpp, line 784]
Event: 8730.703 Thread 0x0000022feb6216a0 Exception <a 'java/lang/NoSuchMethodError'{0x000000070da5fde8}: 'void java.lang.invoke.DelegatingMethodHandle$Holder.reinvoke_L(java.lang.Object, long)'> (0x000000070da5fde8) 
thrown [s\src\hotspot\share\interpreter\linkResolver.cpp, line 784]
Event: 8738.967 Thread 0x0000022fe9f2d800 Exception <a 'java/lang/NoSuchMethodError'{0x000000070c924040}: 'java.lang.Object java.lang.invoke.DelegatingMethodHandle$Holder.reinvoke_L(java.lang.Object, java.lang.Object, int, java.lang.Object, java.lang.Object, java.lang.Object, java.lang.Object, java.lang.Object)'> (0x000000070c924040) 
thrown [s\src\hotspot\share\interpreter\linkResolver.cpp, line 784]
Event: 8802.303 Thread 0x0000022fe630f210 Exception <a 'java/lang/ClassCastException'{0x000000070b8092a8}: class java.io.ObjectStreamClass$Caches$1 cannot be cast to class java.util.Map (java.io.ObjectStreamClass$Caches$1 and java.util.Map are in module java.base of loader 'bootstrap')> (0x000000070b8092a8) 
thrown [s\src\hotspot\share\interpreter\interpreterRuntime.cpp, line 455]

ZGC Phase Switch (0 events):
No events

VM Operations (20 events):
Event: 8785.415 Executing VM operation: get/set locals done
Event: 8787.422 Executing VM operation: get/set locals
Event: 8787.422 Executing VM operation: get/set locals done
Event: 8790.453 Executing VM operation: Cleanup
Event: 8790.454 Executing VM operation: Cleanup done
Event: 8797.289 Executing VM operation: get/set locals
Event: 8797.289 Executing VM operation: get/set locals done
Event: 8797.373 Executing VM operation: get/set locals
Event: 8797.373 Executing VM operation: get/set locals done
Event: 8798.136 Executing VM operation: get/set locals
Event: 8798.136 Executing VM operation: get/set locals done
Event: 8799.334 Executing VM operation: get/set locals
Event: 8799.334 Executing VM operation: get/set locals done
Event: 8800.304 Executing VM operation: get/set locals
Event: 8800.304 Executing VM operation: get/set locals done
Event: 8802.260 Executing VM operation: ChangeSingleStep
Event: 8802.260 Executing VM operation: ChangeSingleStep done
Event: 8802.260 Executing VM operation: ChangeSingleStep
Event: 8802.260 Executing VM operation: ChangeSingleStep done
Event: 8802.327 Executing VM operation: RedefineClasses (Heap Inspection Initiated GC)

Memory protections (0 events):
No events

Nmethod flushes (20 events):
Event: 8729.035 Thread 0x0000022fe1cddd00 flushing  nmethod 0x0000022fce746190
Event: 8729.035 Thread 0x0000022fe1cddd00 flushing  nmethod 0x0000022fce799710
Event: 8729.035 Thread 0x0000022fe1cddd00 flushing  nmethod 0x0000022fce7a2010
Event: 8729.035 Thread 0x0000022fe1cddd00 flushing  nmethod 0x0000022fce7a3110
Event: 8729.035 Thread 0x0000022fe1cddd00 flushing  nmethod 0x0000022fce7a5010
Event: 8729.035 Thread 0x0000022fe1cddd00 flushing  nmethod 0x0000022fce7a8e90
Event: 8729.035 Thread 0x0000022fe1cddd00 flushing  nmethod 0x0000022fce7a9590
Event: 8729.035 Thread 0x0000022fe1cddd00 flushing  nmethod 0x0000022fce7a9e90
Event: 8729.035 Thread 0x0000022fe1cddd00 flushing  nmethod 0x0000022fce7ab810
Event: 8729.035 Thread 0x0000022fe1cddd00 flushing  nmethod 0x0000022fce7ec990
Event: 8729.035 Thread 0x0000022fe1cddd00 flushing  nmethod 0x0000022fce7ed090
Event: 8729.035 Thread 0x0000022fe1cddd00 flushing  nmethod 0x0000022fce7f0290
Event: 8729.035 Thread 0x0000022fe1cddd00 flushing  nmethod 0x0000022fce7f0d10
Event: 8729.035 Thread 0x0000022fe1cddd00 flushing  nmethod 0x0000022fce7f1590
Event: 8729.035 Thread 0x0000022fe1cddd00 flushing  nmethod 0x0000022fce7f1d10
Event: 8729.035 Thread 0x0000022fe1cddd00 flushing  nmethod 0x0000022fce7f2310
Event: 8729.035 Thread 0x0000022fe1cddd00 flushing  nmethod 0x0000022fce7f2790
Event: 8729.035 Thread 0x0000022fe1cddd00 flushing  nmethod 0x0000022fce7f2d90
Event: 8729.035 Thread 0x0000022fe1cddd00 flushing  nmethod 0x0000022fce7f3610
Event: 8729.035 Thread 0x0000022fe1cddd00 flushing  nmethod 0x0000022fce7faf10

Events (20 events):
Event: 8792.938 Thread 0x0000022feb61f5d0 Thread added: 0x0000022fed98c6a0
Event: 8793.079 Thread 0x0000022feb61ce70 Thread exited: 0x0000022feb61ce70
Event: 8793.109 Thread 0x0000022feb61e220 Thread exited: 0x0000022feb61e220
Event: 8793.124 Thread 0x0000022feb61c7e0 Thread exited: 0x0000022feb61c7e0
Event: 8796.028 Thread 0x0000022fee3023e0 Thread exited: 0x0000022fee3023e0
Event: 8796.570 Thread 0x0000022fee307930 Thread exited: 0x0000022fee307930
Event: 8797.944 Thread 0x0000022fee308650 Thread exited: 0x0000022fee308650
Event: 8798.520 Thread 0x0000022fed98e770 Thread exited: 0x0000022fed98e770
Event: 8801.921 Thread 0x0000022fe1d09e20 Thread added: 0x0000022ff8fe5010
Event: 8801.990 Thread 0x0000022fe717be80 Thread added: 0x0000022fed988b90
Event: 8801.990 Thread 0x0000022fe717be80 Thread added: 0x0000022fed9898b0
Event: 8802.030 Thread 0x0000022fed9898b0 Thread exited: 0x0000022fed9898b0
Event: 8802.095 Thread 0x0000022fed988b90 Thread exited: 0x0000022fed988b90
Event: 8802.102 Thread 0x0000022fe717be80 Thread added: 0x0000022fed98cd30
Event: 8802.102 Thread 0x0000022fe717be80 Thread added: 0x0000022fed98e770
Event: 8802.141 Thread 0x0000022fed98cd30 Thread exited: 0x0000022fed98cd30
Event: 8802.142 Thread 0x0000022fed98e770 Thread exited: 0x0000022fed98e770
Event: 8802.296 Thread 0x0000022ff8fe5010 Thread exited: 0x0000022ff8fe5010
Event: 8802.309 Thread 0x0000022fe717be80 Thread added: 0x0000022fed98e770
Event: 8802.314 Thread 0x0000022fed98e770 Thread exited: 0x0000022fed98e770


Dynamic libraries:
0x00007ff6a2d00000 - 0x00007ff6a2d0a000 	C:\Users\Argenis Parra\.vaadin\jdk\jbrsdk-21.0.6-windows-x64-b895.97\bin\java.exe
0x00007ff8e0050000 - 0x00007ff8e0248000 	C:\Windows\SYSTEM32\ntdll.dll
0x00007ff8dff40000 - 0x00007ff8e0002000 	C:\Windows\System32\KERNEL32.DLL
0x00007ff8dd990000 - 0x00007ff8ddc86000 	C:\Windows\System32\KERNELBASE.dll
0x00007ff8dd6d0000 - 0x00007ff8dd7d0000 	C:\Windows\System32\ucrtbase.dll
0x00007ff8c9e00000 - 0x00007ff8c9e1b000 	C:\Users\Argenis Parra\.vaadin\jdk\jbrsdk-21.0.6-windows-x64-b895.97\bin\VCRUNTIME140.dll
0x00007ff8c9500000 - 0x00007ff8c9518000 	C:\Users\Argenis Parra\.vaadin\jdk\jbrsdk-21.0.6-windows-x64-b895.97\bin\jli.dll
0x00007ff8de0f0000 - 0x00007ff8de28d000 	C:\Windows\System32\USER32.dll
0x00007ff8c2110000 - 0x00007ff8c23aa000 	C:\Windows\WinSxS\amd64_microsoft.windows.common-controls_6595b64144ccf1df_6.0.19041.4355_none_60b8b9eb71f62e16\COMCTL32.dll
0x00007ff8dd8d0000 - 0x00007ff8dd8f2000 	C:\Windows\System32\win32u.dll
0x00007ff8df190000 - 0x00007ff8df22e000 	C:\Windows\System32\msvcrt.dll
0x00007ff8de0c0000 - 0x00007ff8de0eb000 	C:\Windows\System32\GDI32.dll
0x00007ff8ddf40000 - 0x00007ff8de05a000 	C:\Windows\System32\gdi32full.dll
0x00007ff8dddf0000 - 0x00007ff8dde8d000 	C:\Windows\System32\msvcp_win.dll
0x00007ff8dfb90000 - 0x00007ff8dfbbf000 	C:\Windows\System32\IMM32.DLL
0x00007ff8d8150000 - 0x00007ff8d815c000 	C:\Users\Argenis Parra\.vaadin\jdk\jbrsdk-21.0.6-windows-x64-b895.97\bin\vcruntime140_1.dll
0x00007ff8b58d0000 - 0x00007ff8b595d000 	C:\Users\Argenis Parra\.vaadin\jdk\jbrsdk-21.0.6-windows-x64-b895.97\bin\msvcp140.dll
0x00007ff86bc10000 - 0x00007ff86c9d1000 	C:\Users\Argenis Parra\.vaadin\jdk\jbrsdk-21.0.6-windows-x64-b895.97\bin\server\jvm.dll
0x00007ff8df920000 - 0x00007ff8df9d1000 	C:\Windows\System32\ADVAPI32.dll
0x00007ff8dea00000 - 0x00007ff8dea9f000 	C:\Windows\System32\sechost.dll
0x00007ff8debe0000 - 0x00007ff8ded03000 	C:\Windows\System32\RPCRT4.dll
0x00007ff8dd8a0000 - 0x00007ff8dd8c7000 	C:\Windows\System32\bcrypt.dll
0x00007ff8df7f0000 - 0x00007ff8df85b000 	C:\Windows\System32\WS2_32.dll
0x00007ff8dcc20000 - 0x00007ff8dcc6b000 	C:\Windows\SYSTEM32\POWRPROF.dll
0x00007ff8c8b90000 - 0x00007ff8c8bb7000 	C:\Windows\SYSTEM32\WINMM.dll
0x00007ff8d3e20000 - 0x00007ff8d3e2a000 	C:\Windows\SYSTEM32\VERSION.dll
0x00007ff8dca90000 - 0x00007ff8dcaa2000 	C:\Windows\SYSTEM32\UMPDC.dll
0x00007ff8dbeb0000 - 0x00007ff8dbec2000 	C:\Windows\SYSTEM32\kernel.appcore.dll
0x00007ff8d74e0000 - 0x00007ff8d74ea000 	C:\Users\Argenis Parra\.vaadin\jdk\jbrsdk-21.0.6-windows-x64-b895.97\bin\jimage.dll
0x00007ff8dbc70000 - 0x00007ff8dbe54000 	C:\Windows\SYSTEM32\DBGHELP.DLL
0x00007ff8d4770000 - 0x00007ff8d47a4000 	C:\Windows\SYSTEM32\dbgcore.DLL
0x00007ff8dd900000 - 0x00007ff8dd982000 	C:\Windows\System32\bcryptPrimitives.dll
0x00007ff8c6c20000 - 0x00007ff8c6c5c000 	C:\Users\Argenis Parra\.vaadin\jdk\jbrsdk-21.0.6-windows-x64-b895.97\bin\jdwp.dll
0x00007ff8cd7d0000 - 0x00007ff8cd7de000 	C:\Users\Argenis Parra\.vaadin\jdk\jbrsdk-21.0.6-windows-x64-b895.97\bin\instrument.dll
0x00007ff8c8dc0000 - 0x00007ff8c8de0000 	C:\Users\Argenis Parra\.vaadin\jdk\jbrsdk-21.0.6-windows-x64-b895.97\bin\java.dll
0x00007ff8de290000 - 0x00007ff8de9ff000 	C:\Windows\System32\SHELL32.dll
0x00007ff8db4c0000 - 0x00007ff8dbc63000 	C:\Windows\SYSTEM32\windows.storage.dll
0x00007ff8df2e0000 - 0x00007ff8df635000 	C:\Windows\System32\combase.dll
0x00007ff8dd020000 - 0x00007ff8dd04b000 	C:\Windows\SYSTEM32\Wldp.dll
0x00007ff8deb10000 - 0x00007ff8debdd000 	C:\Windows\System32\OLEAUT32.dll
0x00007ff8df230000 - 0x00007ff8df2dd000 	C:\Windows\System32\SHCORE.dll
0x00007ff8de060000 - 0x00007ff8de0b5000 	C:\Windows\System32\shlwapi.dll
0x00007ff8dd600000 - 0x00007ff8dd625000 	C:\Windows\SYSTEM32\profapi.dll
0x00007ff8c4120000 - 0x00007ff8c4138000 	C:\Users\Argenis Parra\.vaadin\jdk\jbrsdk-21.0.6-windows-x64-b895.97\bin\zip.dll
0x00007ff8a74b0000 - 0x00007ff8a7587000 	C:\Users\Argenis Parra\.vaadin\jdk\jbrsdk-21.0.6-windows-x64-b895.97\bin\jsvml.dll
0x00007ff8c9df0000 - 0x00007ff8c9dfb000 	C:\Users\Argenis Parra\.vaadin\jdk\jbrsdk-21.0.6-windows-x64-b895.97\bin\dt_socket.dll
0x00007ff8dcab0000 - 0x00007ff8dcaeb000 	C:\Windows\SYSTEM32\IPHLPAPI.DLL
0x00007ff8dce00000 - 0x00007ff8dce6c000 	C:\Windows\system32\mswsock.dll
0x00007ff8dcaf0000 - 0x00007ff8dcbba000 	C:\Windows\SYSTEM32\DNSAPI.dll
0x00007ff8df9e0000 - 0x00007ff8df9e8000 	C:\Windows\System32\NSI.dll
0x00007ff8d1f80000 - 0x00007ff8d1f8a000 	C:\Windows\System32\rasadhlp.dll
0x00007ff8d23e0000 - 0x00007ff8d2460000 	C:\Windows\System32\fwpuclnt.dll
0x00007ff8c9c00000 - 0x00007ff8c9c10000 	C:\Users\Argenis Parra\.vaadin\jdk\jbrsdk-21.0.6-windows-x64-b895.97\bin\net.dll
0x00007ff8d4280000 - 0x00007ff8d438a000 	C:\Windows\SYSTEM32\WINHTTP.dll
0x00007ff8c4100000 - 0x00007ff8c4116000 	C:\Users\Argenis Parra\.vaadin\jdk\jbrsdk-21.0.6-windows-x64-b895.97\bin\nio.dll
0x00007ff8c8aa0000 - 0x00007ff8c8aa9000 	C:\Users\Argenis Parra\.vaadin\jdk\jbrsdk-21.0.6-windows-x64-b895.97\bin\management.dll
0x00007ff8c7290000 - 0x00007ff8c729b000 	C:\Users\Argenis Parra\.vaadin\jdk\jbrsdk-21.0.6-windows-x64-b895.97\bin\management_ext.dll
0x00007ff8deaa0000 - 0x00007ff8deaa8000 	C:\Windows\System32\PSAPI.DLL
0x00007ff8c1ab0000 - 0x00007ff8c1ac7000 	C:\Windows\system32\napinsp.dll
0x00007ff8c1a90000 - 0x00007ff8c1aab000 	C:\Windows\system32\pnrpnsp.dll
0x00007ff8d62b0000 - 0x00007ff8d62cd000 	C:\Windows\system32\NLAapi.dll
0x00007ff8d83c0000 - 0x00007ff8d83d5000 	C:\Windows\system32\wshbth.dll
0x00007ff8c1a50000 - 0x00007ff8c1a62000 	C:\Windows\System32\winrnr.dll
0x00007ff8dd060000 - 0x00007ff8dd078000 	C:\Windows\SYSTEM32\CRYPTSP.dll
0x00007ff8dc6d0000 - 0x00007ff8dc708000 	C:\Windows\system32\rsaenh.dll
0x00007ff8dd580000 - 0x00007ff8dd5ae000 	C:\Windows\SYSTEM32\USERENV.dll
0x00007ff8dcf90000 - 0x00007ff8dcf9c000 	C:\Windows\SYSTEM32\CRYPTBASE.dll
0x00007ff8c5560000 - 0x00007ff8c5569000 	C:\Users\Argenis Parra\.vaadin\jdk\jbrsdk-21.0.6-windows-x64-b895.97\bin\extnet.dll
0x00007ff8c5150000 - 0x00007ff8c515e000 	C:\Users\Argenis Parra\.vaadin\jdk\jbrsdk-21.0.6-windows-x64-b895.97\bin\sunmscapi.dll
0x00007ff8ddc90000 - 0x00007ff8dddec000 	C:\Windows\System32\CRYPT32.dll
0x00007ff8dd170000 - 0x00007ff8dd197000 	C:\Windows\SYSTEM32\ncrypt.dll
0x00007ff8dd130000 - 0x00007ff8dd16b000 	C:\Windows\SYSTEM32\NTASN1.dll
0x00007ff8c50d0000 - 0x00007ff8c50e0000 	C:\Users\Argenis Parra\.vaadin\jdk\jbrsdk-21.0.6-windows-x64-b895.97\bin\verify.dll
0x00007ff8b8660000 - 0x00007ff8b86a5000 	C:\Users\Argenis Parra\AppData\Local\Temp\jna--1799500199\jna8935752357806715754.dll
0x00007ff8dfc40000 - 0x00007ff8dfd6b000 	C:\Windows\System32\Ole32.dll
0x00007ff8df870000 - 0x00007ff8df919000 	C:\Windows\System32\clbcatq.dll
0x00007ff8c27c0000 - 0x00007ff8c27df000 	C:\Windows\SYSTEM32\amsi.dll
0x00007ff8c2730000 - 0x00007ff8c27b1000 	C:\ProgramData\Microsoft\Windows Defender\Platform\4.18.25010.11-0\MpOav.dll
0x00007ff8c5930000 - 0x00007ff8c5937000 	C:\Windows\system32\wshunix.dll
0x00007ff8d6940000 - 0x00007ff8d6949000 	C:\Users\Argenis Parra\.vaadin\jdk\jbrsdk-21.0.6-windows-x64-b895.97\bin\prefs.dll

dbghelp: loaded successfully - version: 4.0.5 - missing functions: none
symbol engine: initialized successfully - sym options: 0x614 - pdb path: .;C:\Users\Argenis Parra\.vaadin\jdk\jbrsdk-21.0.6-windows-x64-b895.97\bin;C:\Windows\SYSTEM32;C:\Windows\WinSxS\amd64_microsoft.windows.common-controls_6595b64144ccf1df_6.0.19041.4355_none_60b8b9eb71f62e16;C:\Users\Argenis Parra\.vaadin\jdk\jbrsdk-21.0.6-windows-x64-b895.97\bin\server;C:\Users\Argenis Parra\AppData\Local\Temp\jna--1799500199;C:\ProgramData\Microsoft\Windows Defender\Platform\4.18.25010.11-0

VM Arguments:
jvm_args: -agentlib:jdwp=transport=dt_socket,server=n,suspend=y,address=localhost:58321 -XX:+AllowEnhancedClassRedefinition -XX:+ClassUnloading -XX:HotswapAgent=fatjar -XX:+ShowCodeDetailsInExceptionMessages -Dspring.jmx.enabled=true -Dmanagement.endpoints.jmx.exposure.include=* -Dspring.application.admin.enabled=true -Dspring.boot.project.name=undefined -Djava.rmi.server.hostname=localhost -Dcom.sun.management.jmxremote.port=45556 -Dcom.sun.management.jmxremote.authenticate=false -Dcom.sun.management.jmxremote.ssl=false 
java_command: com.ideadistribuidora.visus.Application
java_class_path (initial): C:\proyectos\Visus-project-v2\target\classes;C:\Users\Argenis Parra\.m2\repository\org\springframework\boot\spring-boot-starter-actuator\3.3.3\spring-boot-starter-actuator-3.3.3.jar;C:\Users\Argenis Parra\.m2\repository\org\springframework\boot\spring-boot-starter\3.3.3\spring-boot-starter-3.3.3.jar;C:\Users\Argenis Parra\.m2\repository\org\springframework\boot\spring-boot-starter-logging\3.3.3\spring-boot-starter-logging-3.3.3.jar;C:\Users\Argenis Parra\.m2\repository\ch\qos\logback\logback-classic\1.5.7\logback-classic-1.5.7.jar;C:\Users\Argenis Parra\.m2\repository\ch\qos\logback\logback-core\1.5.7\logback-core-1.5.7.jar;C:\Users\Argenis Parra\.m2\repository\org\apache\logging\log4j\log4j-to-slf4j\2.23.1\log4j-to-slf4j-2.23.1.jar;C:\Users\Argenis Parra\.m2\repository\org\apache\logging\log4j\log4j-api\2.23.1\log4j-api-2.23.1.jar;C:\Users\Argenis Parra\.m2\repository\org\slf4j\jul-to-slf4j\2.0.16\jul-to-slf4j-2.0.16.jar;C:\Users\Argenis Parra\.m2\repository\jakarta\annotation\jakarta.annotation-api\2.1.1\jakarta.annotation-api-2.1.1.jar;C:\Users\Argenis Parra\.m2\repository\org\yaml\snakeyaml\2.2\snakeyaml-2.2.jar;C:\Users\Argenis Parra\.m2\repository\org\springframework\boot\spring-boot-actuator-autoconfigure\3.3.3\spring-boot-actuator-autoconfigure-3.3.3.jar;C:\Users\Argenis Parra\.m2\repository\org\springframework\boot\spring-boot-actuator\3.3.3\spring-boot-actuator-3.3.3.jar;C:\Users\Argenis Parra\.m2\repository\com\fasterxml\jackson\core\jackson-databind\2.17.2\jackson-databind-2.17.2.jar;C:\Users\Argenis Parra\.m2\repository\com\fasterxml\jackson\core\jackson-annotations\2.17.2\jackson-annotations-2.17.2.jar;C:\Users\Argenis Parra\.m2\repository\com\fasterxml\jackson\core\jackson-core\2.17.2\jackson-core-2.17.2.jar;C:\Users\Argenis Parra\.m2\repository\com\fasterxml\jackson\datatype\jackson-datatype-jsr310\2.17.2\jackson-datatype-jsr310-2.17.2.jar;C:\Users\Argenis Parra\.m2\repository\io\micrometer\micrometer-observation\1.13.3\micrometer-observation-1.13.3.jar;C:\Users\Argenis Parra\.m2\repository\io\micrometer\micrometer-commons\1.13.3\micrometer-commons-1.13.3.jar;C:\Users\Argenis Parra\.m2\repository\io\micrometer\micrometer-jakarta9\1.13.3\micrometer-jakarta9-1.13.3.jar;C:\Users\Argenis Parra\.m2\repository\io\micrometer\micrometer-core\1.13.3\micrometer-core-1.13.3.jar;C:\Users\Argenis Parra\.m2\repository\org\hdrhistogram\HdrHistogram\2.2.2\HdrHistogram-2.2.2.jar;C:\Users\Argenis Parra\.m2\repository\org\latencyutils\LatencyUtils\2.0.3\LatencyUtils-2.0.3.jar;C:\Users\Argenis Parra\.m2\repository\com\vaadin\vaadin\24.4.8\vaadin-24.4.8.jar;C:\Users\Argenis Parra\.m2\repository\com\vaadin\vaadin-internal\24.4.8\vaadin-internal-24.4.8.jar;C:\Users\Argenis Parra\.m2\repository\com\vaadin\vaadin-core-internal\24.4.8\vaadin-core-internal-24.4.8.jar;C:\Users\Argenis Parra\.m2\repository\com\vaadin\flow-lit-template\24.4.5\flow-lit-template-24.4.5.jar;C:\Users\Argenis Parra\.m2\repository\com\vaadin\flow-react\24.4.5\flow-react-24.4.5.jar;C:\Users\Argenis Parra\.m2\repository\com\vaadin\flow-html-components\24.4.5\flow-html-components-24.4.5.jar;C:\Users\Argenis Parra\.m2\repository\com\vaadin\flow-data\24.4.5\flow-data-24.4.5.jar;C:\Users\Argenis Parra\.m2\repository\com\vaadin\flow-dnd\24.4.5\flow-dnd-24.4.5.jar;C:\Users\Argenis Parra\.m2\repository\com\vaadin\vaadin-lumo-theme\24.4.8\vaadin-lumo-theme-24.4.8.jar;C:\Users\Argenis Parra\.m2\repository\com\vaadin\vaadin-material-theme\24.4.8\vaadin-material-theme-24.4.8.jar;C:\Users\Argenis Parra\.m2\repository\com\vaadin\vaadin-accordion-flow\24.4.8\vaadin-accordion-flow-24.4.8.jar;C:\Users\Argenis Parra\.m2\repository\com\vaadin\vaadin-avatar-flow\24.4.8\vaadin-avatar-flow-24.4.8.jar;C:\Users\Argenis Parra\.m2\repository\com\vaadin\vaadin-button-flow\24.4.8\vaadin-button-flow-24.4.8.jar;C:\Users\Argenis Parra\.m2\repository\com\vaadin\vaadin-checkbox-flow\24.4.8\vaadin-checkbox-flow-24.4.8.jar;C:\Users\Argenis Parra\.m2\repository\com\vaadin\vaadin-combo-box-flow\24.4.8\vaadin-combo-box-flow-24.4.8.jar;C:\Users\Argenis Parra\.m2\repository\com\vaadin\vaadin-confirm-dialog-flow\24.4.8\vaadin-confirm-dialog-flow-24.4.8.jar;C:\Users\Argenis Parra\.m2\repository\com\vaadin\vaadin-custom-field-flow\24.4.8\vaadin-custom-field-flow-24.4.8.jar;C:\Users\Argenis Parra\.m2\repository\com\vaadin\vaadin-date-picker-flow\24.4.8\vaadin-date-picker-flow-24.4.8.jar;C:\Users\Argenis Parra\.m2\repository\com\vaadin\vaadin-date-time-picker-flow\24.4.8\vaadin-date-time-picker-flow-24.4.8.jar;C:\Users\Argenis Parra\.m2\repository\com\vaadin\vaadin-details-flow\24.4.8\vaadin-details-flow-24.4.8.jar;C:\Users\Argenis Parra\.m2\repository\com\vaadin\vaadin-time-picker-flow\24.4.8\vaadin-time-picker-flow-24.4.8.jar;C:\Users\Argenis Parra\.m2\repository\com\vaadin\vaadin-select-flow\24.4.8\vaadin-select-flow-24.4.8.jar;C:\Users\Argenis Parra\.m2\repository\com\vaadin\vaadin-side-nav-flow\24.4.8\vaadin-side-nav-flow-24.4.8.jar;C:\Users\Argenis Parra\.m2\repository\com\vaadin\vaadin-dialog-flow\24.4.8\vaadin-dialog-flow-24.4.8.jar;C:\Users\Argenis Parra\.m2\repository\com\vaadin\vaadin-form-layout-flow\24.4.8\vaadin-form-layout-flow-24.4.8.jar;C:\Users\Argenis Parra\.m2\repository\com\vaadin\vaadin-field-highlighter-flow\24.4.8\vaadin-field-highlighter-flow-24.4.8.jar;C:\Users\Argenis Parra\.m2\repository\com\vaadin\vaadin-grid-flow\24.4.8\vaadin-grid-flow-24.4.8.jar;C:\Users\Argenis Parra\.m2\repository\org\apache\commons\commons-lang3\3.14.0\commons-lang3-3.14.0.jar;C:\Users\Argenis Parra\.m2\repository\com\vaadin\vaadin-icons-flow\24.4.8\vaadin-icons-flow-24.4.8.jar;C:\Users\Argenis Parra\.m2\repository\com\vaadin\vaadin-virtual-list-flow\24.4.8\vaadin-virtual-list-flow-24.4.8.jar;C:\Users\Argenis Parra\.m2\repository\com\vaadin\vaadin-list-box-flow\24.4.8\vaadin-list-box-flow-24.4.8.jar;C:\Users\Argenis Parra\.m2\repository\com\vaadin\vaadin-login-flow\24.4.8\vaadin-login-flow-24.4.8.jar;C:\Users\Argenis Parra\.m2\repository\com\vaadin\vaadin-messages-flow\24.4.8\vaadin-messages-flow-24.4.8.jar;C:\Users\Argenis Parra\.m2\repository\com\vaadin\vaadin-ordered-layout-flow\24.4.8\vaadin-ordered-layout-flow-24.4.8.jar;C:\Users\Argenis Parra\.m2\repository\com\vaadin\vaadin-progress-bar-flow\24.4.8\vaadin-progress-bar-flow-24.4.8.jar;C:\Users\Argenis Parra\.m2\repository\com\vaadin\vaadin-radio-button-flow\24.4.8\vaadin-radio-button-flow-24.4.8.jar;C:\Users\Argenis Parra\.m2\repository\com\vaadin\vaadin-renderer-flow\24.4.8\vaadin-renderer-flow-24.4.8.jar;C:\Users\Argenis Parra\.m2\repository\com\vaadin\vaadin-split-layout-flow\24.4.8\vaadin-split-layout-flow-24.4.8.jar;C:\Users\Argenis Parra\.m2\repository\com\vaadin\vaadin-tabs-flow\24.4.8\vaadin-tabs-flow-24.4.8.jar;C:\Users\Argenis Parra\.m2\repository\com\vaadin\vaadin-text-field-flow\24.4.8\vaadin-text-field-flow-24.4.8.jar;C:\Users\Argenis Parra\.m2\repository\com\vaadin\vaadin-upload-flow\24.4.8\vaadin-upload-flow-24.4.8.jar;C:\Users\Argenis Parra\.m2\repository\com\vaadin\vaadin-notification-flow\24.4.8\vaadin-notification-flow-24.4.8.jar;C:\Users\Argenis Parra\.m2\repository\com\vaadin\vaadin-app-layout-flow\24.4.8\vaadin-app-layout-flow-24.4.8.jar;C:\Users\Argenis Parra\.m2\repository\com\vaadin\vaadin-context-menu-flow\24.4.8\vaadin-context-menu-flow-24.4.8.jar;C:\Users\Argenis Parra\.m2\repository\com\vaadin\vaadin-menu-bar-flow\24.4.8\vaadin-menu-bar-flow-24.4.8.jar;C:\Users\Argenis Parra\.m2\repository\com\vaadin\vaadin-board-flow\24.4.8\vaadin-board-flow-24.4.8.jar;C:\Users\Argenis Parra\.m2\repository\com\vaadin\vaadin-charts-flow\24.4.8\vaadin-charts-flow-24.4.8.jar;C:\Users\Argenis Parra\.m2\repository\com\vaadin\vaadin-cookie-consent-flow\24.4.8\vaadin-cookie-consent-flow-24.4.8.jar;C:\Users\Argenis Parra\.m2\repository\com\vaadin\vaadin-crud-flow\24.4.8\vaadin-crud-flow-24.4.8.jar;C:\Users\Argenis Parra\.m2\repository\com\vaadin\vaadin-flow-components-base\24.4.8\vaadin-flow-components-base-24.4.8.jar;C:\Users\Argenis Parra\.m2\repository\com\vaadin\vaadin-grid-pro-flow\24.4.8\vaadin-grid-pro-flow-24.4.8.jar;C:\Users\Argenis Parra\.m2\repository\com\vaadin\vaadin-map-flow\24.4.8\vaadin-map-flow-24.4.8.jar;C:\Users\Argenis Parra\.m2\repository\com\vaadin\vaadin-rich-text-editor-flow\24.4.8\vaadin-rich-text-editor-flow-24.4.8.jar;C:\Users\Argenis Parra\.m2\repository\com\vaadin\collaboration-engine\6.2.3\collaboration-engine-6.2.3.jar;C:\Users\Argenis Parra\.m2\repository\com\vaadin\license-checker\1.12.13\license-checker-1.12.13.jar;C:\Users\Argenis Parra\.m2\repository\com\github\oshi\oshi-core\6.4.10\oshi-core-6.4.10.jar;C:\Users\Argenis Parra\.m2\repository\net\java\dev\jna\jna\5.14.0\jna-5.14.0.jar;C:\Users\Argenis Parra\.m2\repository\net\java\dev\jna\jna-platform\5.14.0\jna-platform-5.14.0.jar;C:\Users\Argenis Parra\.m2\repository\com\nimbusds\nimbus-jose-jwt\9.37.3\nimbus-jose-jwt-9.37.3.jar;C:\Users\Argenis Parra\.m2\repository\org\lucee\jcip-annotations\1.0.0\jcip-annotations-1.0.0.jar;C:\Users\Argenis Parra\.m2\repository\com\vaadin\open\8.5.0.1\open-8.5.0.1.jar;C:\Users\Argenis Parra\.m2\repository\com\vaadin\vaadin-core\24.4.8\vaadin-core-24.4.8.jar;C:\Users\Argenis Parra\.m2\repository\com\vaadin\vaadin-dev\24.4.8\vaadin-dev-24.4.8.jar;C:\Users\Argenis Parra\.m2\repository\com\vaadin\vaadin-dev-server\24.4.5\vaadin-dev-server-24.4.5.jar;C:\Users\Argenis Parra\.m2\repository\com\github\javaparser\javaparser-core\3.25.10\javaparser-core-3.25.10.jar;C:\Users\Argenis Parra\.m2\repository\io\methvin\directory-watcher\0.18.0\directory-watcher-0.18.0.jar;C:\Users\Argenis Parra\.m2\repository\com\vaadin\vaadin-dev-bundle\24.4.8\vaadin-dev-bundle-24.4.8.jar;C:\Users\Argenis Parra\.m2\repository\com\vaadin\hilla-dev\24.4.5\hilla-dev-24.4.5.jar;C:\Users\Argenis Parra\.m2\repository\com\vaadin\copilot\24.4.9\copilot-24.4.9.jar;C:\Users\Argenis Parra\.m2\repository\io\projectreactor\netty\reactor-netty\1.1.22\reactor-netty-1.1.22.jar;C:\Users\Argenis Parra\.m2\repository\io\projectreactor\netty\reactor-netty-core\1.1.22\reactor-netty-core-1.1.22.jar;C:\Users\Argenis Parra\.m2\repository\io\netty\netty-handler\4.1.112.Final\netty-handler-4.1.112.Final.jar;C:\Users\Argenis Parra\.m2\repository\io\netty\netty-common\4.1.112.Final\netty-common-4.1.112.Final.jar;C:\Users\Argenis Parra\.m2\repository\io\netty\netty-resolver\4.1.112.Final\netty-resolver-4.1.112.Final.jar;C:\Users\Argenis Parra\.m2\repository\io\netty\netty-buffer\4.1.112.Final\netty-buffer-4.1.112.Final.jar;C:\Users\Argenis Parra\.m2\repository\io\netty\netty-transport\4.1.112.Final\netty-transport-4.1.112.Final.jar;C:\Users\Argenis Parra\.m2\repository\io\netty\netty-transport-native-unix-common\4.1.112.Final\netty-transport-native-unix-common-4.1.112.Final.jar;C:\Users\Argenis Parra\.m2\repository\io\netty\netty-codec\4.1.112.Final\netty-codec-4.1.112.Final.jar;C:\Users\Argenis Parra\.m2\repository\io\netty\netty-handler-proxy\4.1.112.Final\netty-handler-proxy-4.1.112.Final.jar;C:\Users\Argenis Parra\.m2\repository\io\netty\netty-codec-socks\4.1.112.Final\netty-codec-socks-4.1.112.Final.jar;C:\Users\Argenis Parra\.m2\repository\io\netty\netty-resolver-dns\4.1.112.Final\netty-resolver-dns-4.1.112.Final.jar;C:\Users\Argenis Parra\.m2\repository\io\netty\netty-codec-dns\4.1.112.Final\netty-codec-dns-4.1.112.Final.jar;C:\Users\Argenis Parra\.m2\repository\io\netty\netty-resolver-dns-native-macos\4.1.112.Final\netty-resolver-dns-native-macos-4.1.112.Final-osx-x86_64.jar;C:\Users\Argenis Parra\.m2\repository\io\netty\netty-resolver-dns-classes-macos\4.1.112.Final\netty-resolver-dns-classes-macos-4.1.112.Final.jar;C:\Users\Argenis Parra\.m2\repository\io\netty\netty-transport-native-epoll\4.1.112.Final\netty-transport-native-epoll-4.1.112.Final-linux-x86_64.jar;C:\Users\Argenis Parra\.m2\repository\io\netty\netty-transport-classes-epoll\4.1.112.Final\netty-transport-classes-epoll-4.1.112.Final.jar;C:\Users\Argenis Parra\.m2\repository\io\projectreactor\netty\reactor-netty-http\1.1.22\reactor-netty-http-1.1.22.jar;C:\Users\Argenis Parra\.m2\repository\io\netty\netty-codec-http\4.1.112.Final\netty-codec-http-4.1.112.Final.jar;C:\Users\Argenis Parra\.m2\repository\io\netty\netty-codec-http2\4.1.112.Final\netty-codec-http2-4.1.112.Final.jar;C:\Users\Argenis Parra\.m2\repository\io\projectreactor\netty\incubator\reactor-netty-incubator-quic\0.1.22\reactor-netty-incubator-quic-0.1.22.jar;C:\Users\Argenis Parra\.m2\repository\io\netty\incubator\netty-incubator-codec-native-quic\0.0.66.Final\netty-incubator-codec-native-quic-0.0.66.Final-linux-x86_64.jar;C:\Users\Argenis Parra\.m2\repository\io\netty\incubator\netty-incubator-codec-classes-quic\0.0.66.Final\netty-incubator-codec-classes-quic-0.0.66.Final.jar;C:\Users\Argenis Parra\.m2\repository\org\apache\commons\commons-configuration2\2.11.0\commons-configuration2-2.11.0.jar;C:\Users\Argenis Parra\.m2\repository\org\apache\commons\commons-text\1.12.0\commons-text-1.12.0.jar;C:\Users\Argenis Parra\.m2\repository\com\vaadin\vaadin-spring-boot-starter\24.4.8\vaadin-spring-boot-starter-24.4.8.jar;C:\Users\Argenis Parra\.m2\repository\com\vaadin\vaadin-spring\24.4.5\vaadin-spring-24.4.5.jar;C:\Users\Argenis Parra\.m2\repository\com\vaadin\flow-server\24.4.5\flow-server-24.4.5.jar;C:\Users\Argenis Parra\.m2\repository\com\vaadin\servletdetector\throw-if-servlet3\1.0.2\throw-if-servlet3-1.0.2.jar;C:\Users\Argenis Parra\.m2\repository\com\vaadin\external\gwt\gwt-elemental\2.8.2.vaadin2\gwt-elemental-2.8.2.vaadin2.jar;C:\Users\Argenis Parra\.m2\repository\org\apache\commons\commons-fileupload2-jakarta\2.0.0-M1\commons-fileupload2-jakarta-2.0.0-M1.jar;C:\Users\Argenis Parra\.m2\repository\org\apache\commons\commons-fileupload2-core\2.0.0-M1\commons-fileupload2-core-2.0.0-M1.jar;C:\Users\Argenis Parra\.m2\repository\commons-io\commons-io\2.16.1\commons-io-2.16.1.jar;C:\Users\Argenis Parra\.m2\repository\org\jsoup\jsoup\1.17.2\jsoup-1.17.2.jar;C:\Users\Argenis Parra\.m2\repository\com\helger\ph-css\7.0.2\ph-css-7.0.2.jar;C:\Users\Argenis Parra\.m2\repository\com\helger\commons\ph-commons\11.1.5\ph-commons-11.1.5.jar;C:\Users\Argenis Parra\.m2\repository\org\ow2\asm\asm\9.7\asm-9.7.jar;C:\Users\Argenis Parra\.m2\repository\com\vaadin\external\gentyref\1.2.0.vaadin1\gentyref-1.2.0.vaadin1.jar;C:\Users\Argenis Parra\.m2\repository\org\apache\commons\commons-compress\1.26.1\commons-compress-1.26.1.jar;C:\Users\Argenis Parra\.m2\repository\commons-codec\commons-codec\1.16.1\commons-codec-1.16.1.jar;C:\Users\Argenis Parra\.m2\repository\com\vaadin\flow-push\24.4.5\flow-push-24.4.5.jar;C:\Users\Argenis Parra\.m2\repository\com\vaadin\external\atmosphere\atmosphere-runtime\3.0.5.slf4jvaadin1\atmosphere-runtime-3.0.5.slf4jvaadin1.jar;C:\Users\Argenis Parra\.m2\repository\com\vaadin\flow-client\24.4.5\flow-client-24.4.5.jar;C:\Users\Argenis Parra\.m2\repository\org\springframework\spring-webmvc\6.1.12\spring-webmvc-6.1.12.jar;C:\Users\Argenis Parra\.m2\repository\org\springframework\spring-expression\6.1.12\spring-expression-6.1.12.jar;C:\Users\Argenis Parra\.m2\repository\org\springframework\spring-websocket\6.1.12\spring-websocket-6.1.12.jar;C:\Users\Argenis Parra\.m2\repository\org\reflections\reflections\0.10.2\reflections-0.10.2.jar;C:\Users\Argenis Parra\.m2\repository\com\google\code\findbugs\jsr305\3.0.2\jsr305-3.0.2.jar;C:\Users\Argenis Parra\.m2\repository\org\javassist\javassist\3.30.2-GA\javassist-3.30.2-GA.jar;C:\Users\Argenis Parra\.m2\repository\com\vaadin\hilla\24.4.5\hilla-24.4.5.jar;C:\Users\Argenis Parra\.m2\repository\com\vaadin\hilla-endpoint\24.4.5\hilla-endpoint-24.4.5.jar;C:\Users\Argenis Parra\.m2\repository\com\vaadin\hilla-engine-core\24.4.5\hilla-engine-core-24.4.5.jar;C:\Users\Argenis Parra\.m2\repository\com\vaadin\hilla-parser-jvm-core\24.4.5\hilla-parser-jvm-core-24.4.5.jar;C:\Users\Argenis Parra\.m2\repository\io\github\classgraph\classgraph\4.8.171\classgraph-4.8.171.jar;C:\Users\Argenis Parra\.m2\repository\com\fasterxml\jackson\dataformat\jackson-dataformat-yaml\2.17.2\jackson-dataformat-yaml-2.17.2.jar;C:\Users\Argenis Parra\.m2\repository\com\vaadin\hilla-parser-jvm-plugin-backbone\24.4.5\hilla-parser-jvm-plugin-backbone-24.4.5.jar;C:\Users\Argenis Parra\.m2\repository\com\vaadin\hilla-parser-jvm-plugin-nonnull\24.4.5\hilla-parser-jvm-plugin-nonnull-24.4.5.jar;C:\Users\Argenis Parra\.m2\repository\com\vaadin\hilla-parser-jvm-plugin-subtypes\24.4.5\hilla-parser-jvm-plugin-subtypes-24.4.5.jar;C:\Users\Argenis Parra\.m2\repository\com\vaadin\hilla-parser-jvm-plugin-model\24.4.5\hilla-parser-jvm-plugin-model-24.4.5.jar;C:\Users\Argenis Parra\.m2\repository\com\vaadin\hilla-parser-jvm-plugin-transfertypes\24.4.5\hilla-parser-jvm-plugin-transfertypes-24.4.5.jar;C:\Users\Argenis Parra\.m2\repository\io\projectreactor\reactor-core\3.6.9\reactor-core-3.6.9.jar;C:\Users\Argenis Parra\.m2\repository\org\reactivestreams\reactive-streams\1.0.4\reactive-streams-1.0.4.jar;C:\Users\Argenis Parra\.m2\repository\com\fasterxml\jackson\module\jackson-module-parameter-names\2.17.2\jackson-module-parameter-names-2.17.2.jar;C:\Users\Argenis Parra\.m2\repository\com\fasterxml\jackson\datatype\jackson-datatype-jdk8\2.17.2\jackson-datatype-jdk8-2.17.2.jar;C:\Users\Argenis Parra\.m2\repository\org\springframework\security\spring-security-core\6.3.3\spring-security-core-6.3.3.jar;C:\Users\Argenis Parra\.m2\repository\org\springframework\security\spring-security-crypto\6.3.3\spring-security-crypto-6.3.3.jar;C:\Users\Argenis Parra\.m2\repository\com\github\javaparser\javaparser-symbol-solver-core\3.25.10\javaparser-symbol-solver-core-3.25.10.jar;C:\Users\Argenis Parra\.m2\repository\com\google\guava\guava\33.1.0-jre\guava-33.1.0-jre.jar;C:\Users\Argenis Parra\.m2\repository\com\google\guava\failureaccess\1.0.2\failureaccess-1.0.2.jar;C:\Users\Argenis Parra\.m2\repository\com\google\guava\listenablefuture\9999.0-empty-to-avoid-conflict-with-guava\listenablefuture-9999.0-empty-to-avoid-conflict-with-guava.jar;C:\Users\Argenis Parra\.m2\repository\com\google\errorprone\error_prone_annotations\2.26.1\error_prone_annotations-2.26.1.jar;C:\Users\Argenis Parra\.m2\repository\com\google\j2objc\j2objc-annotations\3.0.0\j2objc-annotations-3.0.0.jar;C:\Users\Argenis Parra\.m2\repository\com\vaadin\hilla-parser-jvm-utils\24.4.5\hilla-parser-jvm-utils-24.4.5.jar;C:\Users\Argenis Parra\.m2\repository\io\swagger\core\v3\swagger-core\2.2.22\swagger-core-2.2.22.jar;C:\Users\Argenis Parra\.m2\repository\io\swagger\core\v3\swagger-annotations\2.2.22\swagger-annotations-2.2.22.jar;C:\Users\Argenis Parra\.m2\repository\io\swagger\core\v3\swagger-models\2.2.22\swagger-models-2.2.22.jar;C:\Users\Argenis Parra\.m2\repository\com\vaadin\hilla-runtime-plugin-transfertypes\24.4.5\hilla-runtime-plugin-transfertypes-24.4.5.jar;C:\Users\Argenis Parra\.m2\repository\com\vaadin\hilla-engine-runtime\24.4.5\hilla-engine-runtime-24.4.5.jar;C:\Users\Argenis Parra\.m2\repository\org\springframework\boot\spring-boot-starter-web\3.3.3\spring-boot-starter-web-3.3.3.jar;C:\Users\Argenis Parra\.m2\repository\org\springframework\boot\spring-boot-starter-json\3.3.3\spring-boot-starter-json-3.3.3.jar;C:\Users\Argenis Parra\.m2\repository\org\springframework\boot\spring-boot-starter-tomcat\3.3.3\spring-boot-starter-tomcat-3.3.3.jar;C:\Users\Argenis Parra\.m2\repository\org\apache\tomcat\embed\tomcat-embed-core\10.1.28\tomcat-embed-core-10.1.28.jar;C:\Users\Argenis Parra\.m2\repository\org\apache\tomcat\embed\tomcat-embed-websocket\10.1.28\tomcat-embed-websocket-10.1.28.jar;C:\Users\Argenis Parra\.m2\repository\org\springframework\spring-web\6.1.12\spring-web-6.1.12.jar;C:\Users\Argenis Parra\.m2\repository\org\parttio\line-awesome\2.0.0\line-awesome-2.0.0.jar;C:\Users\Argenis Parra\.m2\repository\org\postgresql\postgresql\42.7.3\postgresql-42.7.3.jar;C:\Users\Argenis Parra\.m2\repository\org\checkerframework\checker-qual\3.42.0\checker-qual-3.42.0.jar;C:\Users\Argenis Parra\.m2\repository\org\springframework\boot\spring-boot-starter-data-jpa\3.3.3\spring-boot-starter-data-jpa-3.3.3.jar;C:\Users\Argenis Parra\.m2\repository\org\springframework\boot\spring-boot-starter-aop\3.3.3\spring-boot-starter-aop-3.3.3.jar;C:\Users\Argenis Parra\.m2\repository\org\springframework\spring-aop\6.1.12\spring-aop-6.1.12.jar;C:\Users\Argenis Parra\.m2\repository\org\aspectj\aspectjweaver\1.9.22.1\aspectjweaver-1.9.22.1.jar;C:\Users\Argenis Parra\.m2\repository\org\springframework\boot\spring-boot-starter-jdbc\3.3.3\spring-boot-starter-jdbc-3.3.3.jar;C:\Users\Argenis Parra\.m2\repository\com\zaxxer\HikariCP\5.1.0\HikariCP-5.1.0.jar;C:\Users\Argenis Parra\.m2\repository\org\springframework\spring-jdbc\6.1.12\spring-jdbc-6.1.12.jar;C:\Users\Argenis Parra\.m2\repository\org\hibernate\orm\hibernate-core\6.5.2.Final\hibernate-core-6.5.2.Final.jar;C:\Users\Argenis Parra\.m2\repository\jakarta\persistence\jakarta.persistence-api\3.1.0\jakarta.persistence-api-3.1.0.jar;C:\Users\Argenis Parra\.m2\repository\jakarta\transaction\jakarta.transaction-api\2.0.1\jakarta.transaction-api-2.0.1.jar;C:\Users\Argenis Parra\.m2\repository\org\jboss\logging\jboss-logging\3.5.3.Final\jboss-logging-3.5.3.Final.jar;C:\Users\Argenis Parra\.m2\repository\org\hibernate\common\hibernate-commons-annotations\6.0.6.Final\hibernate-commons-annotations-6.0.6.Final.jar;C:\Users\Argenis Parra\.m2\repository\io\smallrye\jandex\3.1.2\jandex-3.1.2.jar;C:\Users\Argenis Parra\.m2\repository\com\fasterxml\classmate\1.7.0\classmate-1.7.0.jar;C:\Users\Argenis Parra\.m2\repository\net\bytebuddy\byte-buddy\1.14.19\byte-buddy-1.14.19.jar;C:\Users\Argenis Parra\.m2\repository\org\glassfish\jaxb\jaxb-runtime\4.0.5\jaxb-runtime-4.0.5.jar;C:\Users\Argenis Parra\.m2\repository\org\glassfish\jaxb\jaxb-core\4.0.5\jaxb-core-4.0.5.jar;C:\Users\Argenis Parra\.m2\repository\org\eclipse\angus\angus-activation\2.0.2\angus-activation-2.0.2.jar;C:\Users\Argenis Parra\.m2\repository\org\glassfish\jaxb\txw2\4.0.5\txw2-4.0.5.jar;C:\Users\Argenis Parra\.m2\repository\com\sun\istack\istack-commons-runtime\4.1.2\istack-commons-runtime-4.1.2.jar;C:\Users\Argenis Parra\.m2\repository\jakarta\inject\jakarta.inject-api\2.0.1\jakarta.inject-api-2.0.1.jar;C:\Users\Argenis Parra\.m2\repository\org\antlr\antlr4-runtime\4.13.0\antlr4-runtime-4.13.0.jar;C:\Users\Argenis Parra\.m2\repository\org\springframework\data\spring-data-jpa\3.3.3\spring-data-jpa-3.3.3.jar;C:\Users\Argenis Parra\.m2\repository\org\springframework\data\spring-data-commons\3.3.3\spring-data-commons-3.3.3.jar;C:\Users\Argenis Parra\.m2\repository\org\springframework\spring-orm\6.1.12\spring-orm-6.1.12.jar;C:\Users\Argenis Parra\.m2\repository\org\springframework\spring-context\6.1.12\spring-context-6.1.12.jar;C:\Users\Argenis Parra\.m2\repository\org\springframework\spring-tx\6.1.12\spring-tx-6.1.12.jar;C:\Users\Argenis Parra\.m2\repository\org\springframework\spring-beans\6.1.12\spring-beans-6.1.12.jar;C:\Users\Argenis Parra\.m2\repository\org\slf4j\slf4j-api\2.0.16\slf4j-api-2.0.16.jar;C:\Users\Argenis Parra\.m2\repository\org\springframework\spring-aspects\6.1.12\spring-aspects-6.1.12.jar;C:\Users\Argenis Parra\.m2\repository\org\springframework\boot\spring-boot-starter-validation\3.3.3\spring-boot-starter-validation-3.3.3.jar;C:\Users\Argenis Parra\.m2\repository\org\apache\tomcat\embed\tomcat-embed-el\10.1.28\tomcat-embed-el-10.1.28.jar;C:\Users\Argenis Parra\.m2\repository\org\hibernate\validator\hibernate-validator\8.0.1.Final\hibernate-validator-8.0.1.Final.jar;C:\Users\Argenis Parra\.m2\repository\jakarta\validation\jakarta.validation-api\3.0.2\jakarta.validation-api-3.0.2.jar;C:\Users\Argenis Parra\.m2\repository\org\springframework\boot\spring-boot-devtools\3.3.3\spring-boot-devtools-3.3.3.jar;C:\Users\Argenis Parra\.m2\repository\org\springframework\boot\spring-boot\3.3.3\spring-boot-3.3.3.jar;C:\Users\Argenis Parra\.m2\repository\org\springframework\boot\spring-boot-autoconfigure\3.3.3\spring-boot-autoconfigure-3.3.3.jar;C:\Users\Argenis Parra\.m2\repository\jakarta\xml\bind\jakarta.xml.bind-api\4.0.2\jakarta.xml.bind-api-4.0.2.jar;C:\Users\Argenis Parra\.m2\repository\jakarta\activation\jakarta.activation-api\2.1.3\jakarta.activation-api-2.1.3.jar;C:\Users\Argenis Parra\.m2\repository\com\vaadin\external\google\android-json\0.0.20131108.vaadin1\android-json-0.0.20131108.vaadin1.jar;C:\Users\Argenis Parra\.m2\repository\org\springframework\spring-core\6.1.12\spring-core-6.1.12.jar;C:\Users\Argenis Parra\.m2\repository\org\springframework\spring-jcl\6.1.12\spring-jcl-6.1.12.jar
Launcher Type: SUN_STANDARD

[Global flags]
     bool AllowEnhancedClassRedefinition           = true                                      {product} {command line}
     intx CICompilerCount                          = 3                                         {product} {ergonomic}
     bool ClassUnloading                           = true                                      {product} {command line}
     uint ConcGCThreads                            = 1                                         {product} {ergonomic}
     uint G1ConcRefinementThreads                  = 4                                         {product} {ergonomic}
   size_t G1HeapRegionSize                         = 2097152                                   {product} {ergonomic}
    uintx GCDrainStackTargetSize                   = 64                                        {product} {ergonomic}
    ccstr HotswapAgent                             = fatjar                                    {product} {command line}
   size_t InitialHeapSize                          = 268435456                                 {product} {ergonomic}
     bool ManagementServer                         = true                                      {product} {command line}
   size_t MarkStackSize                            = 4194304                                   {product} {ergonomic}
   size_t MaxHeapSize                              = 4265607168                                {product} {ergonomic}
   size_t MaxNewSize                               = 2558525440                                {product} {ergonomic}
   size_t MinHeapDeltaBytes                        = 2097152                                   {product} {ergonomic}
   size_t MinHeapSize                              = 8388608                                   {product} {ergonomic}
    uintx NonNMethodCodeHeapSize                   = 5832780                                {pd product} {ergonomic}
    uintx NonProfiledCodeHeapSize                  = 122912730                              {pd product} {ergonomic}
    uintx ProfiledCodeHeapSize                     = 122912730                              {pd product} {ergonomic}
    uintx ReservedCodeCacheSize                    = 251658240                              {pd product} {ergonomic}
     bool SegmentedCodeCache                       = true                                      {product} {ergonomic}
     bool ShowCodeDetailsInExceptionMessages       = true                                   {manageable} {command line}
   size_t SoftMaxHeapSize                          = 4265607168                             {manageable} {ergonomic}
     bool UseCompressedOops                        = true                           {product lp64_product} {ergonomic}
     bool UseG1GC                                  = true                                      {product} {ergonomic}
     bool UseLargePagesIndividualAllocation        = false                                  {pd product} {ergonomic}

Logging:
Log output configuration:
 #0: stdout all=warning uptime,level,tags foldmultilines=false
 #1: stderr all=off uptime,level,tags foldmultilines=false

Environment Variables:
JAVA_HOME=C:\Program Files\Java\jdk-21
PATH=C:\Python311\Scripts\;C:\Python311\;C:\Windows\system32;C:\Windows;C:\Windows\System32\Wbem;C:\Windows\System32\WindowsPowerShell\v1.0\;C:\Windows\System32\OpenSSH\;C:\ProgramData\chocolatey\bin;C:\mycode\tools\apache-maven-3.9.0\bin;C:\Program Files\Docker\Docker\resources\bin;C:\Program Files\Git\cmd;C:\Program Files\nodejs\;C:\Program Files\Java\jdk-21\bin;C:\Users\Argenis Parra\AppData\Local\Microsoft\WindowsApps;C:\Users\Argenis Parra\AppData\Local\Programs\Microsoft VS Code\bin;C:\Users\Argenis Parra\AppData\Local\GitHubDesktop\bin;C:\Users\Argenis Parra\AppData\Local\Google\Cloud SDK\google-cloud-sdk\bin;C:\Program Files\Java\jdk-20;C:\Users\Argenis Parra\AppData\Roaming\npm;C:\Program Files\JetBrains\IntelliJ IDEA 2024.3.1.1\bin;;c:\Users\Argenis Parra\AppData\Roaming\Code\User\globalStorage\github.copilot-chat\debugCommand
USERNAME=Argenis Parra
LANG=en_US.UTF-8
OS=Windows_NT
PROCESSOR_IDENTIFIER=Intel64 Family 6 Model 142 Stepping 9, GenuineIntel
TMP=C:\Users\ARGENI~1\AppData\Local\Temp
TEMP=C:\Users\ARGENI~1\AppData\Local\Temp




Periodic native trim disabled

JNI global refs:
JNI global refs: 101, weak refs: 22304

JNI global refs memory usage: 6763, weak refs: 224801

Process memory usage:
Resident Set Size: 603228K (3% of 16654612K total physical memory with 5703952K free physical memory)

OOME stack traces (most recent first):
Classloader memory used:
Loader jdk.internal.loader.ClassLoaders$AppClassLoader                                 : 106M
Loader bootstrap                                                                       : 27650K
Loader jdk.internal.loader.ClassLoaders$PlatformClassLoader                            : 3548K
Loader org.springframework.boot.web.embedded.tomcat.TomcatEmbeddedWebappClassLoader    : 3067K
Loader net.bytebuddy.utility.dispatcher.JavaDispatcher$DynamicClassLoader              : 1524K
Loader jdk.internal.reflect.DelegatingClassLoader                                      : 13328B

Classes loaded by more than one classloader:
Class com.ideadistribuidora.visus.views.precios.PreciosView                           : loaded 13 times (x 245B)
Class org.hotswap.agent.plugin.deltaspike.transformer.ViewConfigTransformer$1         : loaded 3 times (x 77B)
Class org.hotswap.agent.plugin.weld_jakarta.transformer.BeanDeploymentArchiveTransformer: loaded 3 times (x 67B)
Class org.hotswap.agent.plugin.weld_jakarta.WeldJakartaPlugin                         : loaded 3 times (x 75B)
Class org.hotswap.agent.plugin.webobjects.HotswapWebObjectsPlugin$ClearValidationCache: loaded 3 times (x 72B)
Class org.hotswap.agent.plugin.proxy.java.ProxyGenerator$ConstantPool                 : loaded 3 times (x 79B)
Class org.hotswap.agent.plugin.osgiequinox.OsgiEquinoxPlugin                          : loaded 3 times (x 71B)
Class org.hotswap.agent.plugin.spring.boot.env.BasePropertiesPropertySourceLoader     : loaded 3 times (x 73B)
Class org.hotswap.agent.plugin.jdk.JdkPlugin                                          : loaded 3 times (x 67B)
Class org.hotswap.agent.plugin.spring.boot.env.HotswapSpringProperties                : loaded 3 times (x 152B)
Class org.hotswap.agent.plugin.spring.transformers.ClassPathBeanDefinitionScannerTransformer: loaded 3 times (x 67B)
Class org.hotswap.agent.plugin.spring.core.ResetSpringStaticCaches                    : loaded 3 times (x 67B)
Class org.hotswap.agent.plugin.hibernate_jakarta.proxy.SessionFactoryProxy            : loaded 3 times (x 70B)
Class org.hotswap.agent.plugin.vaadin.VaadinIntegration                               : loaded 3 times (x 71B)
Class org.hotswap.agent.plugin.spring.transformers.BeanFactoryTransformer             : loaded 3 times (x 67B)
Class org.hotswap.agent.plugin.weld_jakarta.WeldJakartaPlugin$1                       : loaded 3 times (x 72B)
Class org.hotswap.agent.plugin.spring.reload.ClassChangedCommand                      : loaded 3 times (x 75B)
Class org.hotswap.agent.plugin.weld.transformer.AbstractClassBeanTransformer          : loaded 3 times (x 67B)
Class org.hotswap.agent.plugin.proxy.api.TransformationState                          : loaded 3 times (x 75B)
Class org.hotswap.agent.plugin.owb_jakarta.command.BeanClassRefreshCommand            : loaded 3 times (x 76B)
Class org.hotswap.agent.plugin.owb_jakarta.transformer.AbstractProducerTransformer$1  : loaded 3 times (x 77B)
Class org.hotswap.agent.plugin.owb.transformer.AbstractProducerTransformer            : loaded 3 times (x 67B)
Class org.hotswap.agent.plugin.osgiequinox.OsgiEquinoxPlugin$1                        : loaded 3 times (x 72B)
Class org.hotswap.agent.plugin.spring.transformers.ProxyReplacerTransformer           : loaded 3 times (x 67B)
Class org.hotswap.agent.plugin.spring.transformers.ConfigurationClassPostProcessorTransformer: loaded 3 times (x 67B)
Class org.hotswap.agent.plugin.spring.listener.SpringEvent                            : loaded 3 times (x 70B)
Class org.hotswap.agent.plugin.hibernate3.jpa.Hibernate3JPATransformers               : loaded 3 times (x 67B)
Class org.hotswap.agent.plugin.wicket.WicketPlugin                                    : loaded 3 times (x 70B)
Class org.hotswap.agent.plugin.weld_jakarta.BeanReloadStrategy                        : loaded 3 times (x 75B)
Class org.hotswap.agent.plugin.weld.WeldPlugin                                        : loaded 3 times (x 75B)
Class org.hotswap.agent.plugin.owb_jakarta.BeanReloadStrategy                         : loaded 3 times (x 75B)
Class org.hotswap.agent.plugin.log4j2.Log4j2Plugin                                    : loaded 3 times (x 70B)
Class org.hotswap.agent.plugin.spring.scanner.SpringBeanWatchEventListener            : loaded 3 times (x 72B)
Class org.hotswap.agent.plugin.hibernate3.jpa.Hibernate3JPARefreshCommands            : loaded 3 times (x 67B)
Class org.hotswap.agent.plugin.cxf.jaxrs.ClassResourceInfoProxyHelper$CriProxyMethodHandler: loaded 3 times (x 72B)
Class org.hotswap.agent.plugin.proxy.java.ProxyGenerator$ConstantPool$ValueEntry      : loaded 3 times (x 69B)
Class org.hotswap.agent.plugin.mojarra.command.ReloadManagedBeanCommand               : loaded 3 times (x 72B)
Class org.hotswap.agent.plugin.spring.getbean.DetachableBeanHolder                    : loaded 3 times (x 73B)
Class org.hotswap.agent.plugin.jackson.JacksonPlugin                                  : loaded 3 times (x 70B)
Class org.hotswap.agent.plugin.deltaspike.transformer.DeltaSpikeProxyContextualLifecycleTransformer: loaded 3 times (x 67B)
Class org.hotswap.agent.plugin.tomcat.WebappLoaderTransformer                         : loaded 3 times (x 67B)
Class org.hotswap.agent.plugin.spring.reload.XmlsChangedCommand                       : loaded 3 times (x 75B)
Class org.hotswap.agent.plugin.spring.getbean.SpringHotswapAgentProxy                 : loaded 3 times (x 66B)
Class org.hotswap.agent.plugin.jvm.ClassInitPlugin$1                                  : loaded 3 times (x 78B)
Class org.hotswap.agent.plugin.mojarra.transformer.MojarraTransformer                 : loaded 3 times (x 67B)
Class org.hotswap.agent.plugin.spring.boot.transformers.PropertySourceTransformer     : loaded 3 times (x 67B)
Class org.hotswap.agent.plugin.spring.boot.env.v2.PropertiesPropertySourceLoader      : loaded 3 times (x 74B)
Class org.hotswap.agent.plugin.spring.SpringChangesAnalyzer$1                         : loaded 3 times (x 118B)
Class org.hotswap.agent.plugin.jvm.ClassInitPlugin$2                                  : loaded 3 times (x 72B)
Class org.hotswap.agent.plugin.deltaspike.command.ProxyClassLoadingDelegate$1         : loaded 3 times (x 79B)
Class org.hotswap.agent.plugin.owb.OwbPlugin                                          : loaded 3 times (x 72B)
Class org.hotswap.agent.plugin.jersey2.Jersey2Plugin                                  : loaded 3 times (x 70B)
Class org.hotswap.agent.plugin.spring.transformers.PostProcessorRegistrationDelegateTransformer$1: loaded 3 times (x 77B)
Class org.hotswap.agent.plugin.hibernate3.session.util.ProxyUtil                      : loaded 3 times (x 67B)
Class org.hotswap.agent.plugin.hibernate.HibernateRefreshCommands                     : loaded 3 times (x 67B)
Class org.hotswap.agent.plugin.jvm.AnonymousClassInfos                                : loaded 3 times (x 74B)
Class org.hotswap.agent.plugin.jersey2.Jersey2Plugin$1                                : loaded 3 times (x 72B)
Class org.hotswap.agent.plugin.spring.scanner.BeanDefinitionChangeEvent               : loaded 3 times (x 70B)
Class org.hotswap.agent.plugin.weld.command.BeanClassRefreshAgent                     : loaded 3 times (x 71B)
Class org.hotswap.agent.plugin.owb_jakarta.transformer.CdiContextsTransformer         : loaded 3 times (x 67B)
Class org.hotswap.agent.plugin.owb.command.BeanClassRefreshAgent                      : loaded 3 times (x 67B)
Class org.hotswap.agent.plugin.owb_jakarta.transformer.ProxyFactoryTransformer$1      : loaded 3 times (x 77B)
Class org.hotswap.agent.plugin.spring.scanner.ClassPathBeanRefreshCommand             : loaded 3 times (x 75B)
Class org.hotswap.agent.plugin.spring.reload.BeanFactoryAssistant                     : loaded 3 times (x 76B)
Class org.hotswap.agent.plugin.idea.IdeaPlugin                                        : loaded 3 times (x 68B)
Class org.hotswap.agent.plugin.deltaspike.transformer.ViewConfigTransformer           : loaded 3 times (x 67B)
Class org.hotswap.agent.plugin.owb_jakarta.OwbJakartaPlugin$1                         : loaded 3 times (x 72B)
Class org.hotswap.agent.plugin.owb_jakarta.transformer.ProxyFactoryTransformer$2      : loaded 3 times (x 77B)
Class org.hotswap.agent.plugin.osgiequinox.OsgiEquinoxPlugin$AutoHotswapPathEventListener: loaded 3 times (x 72B)
Class org.hotswap.agent.plugin.zk.ZkPlugin                                            : loaded 3 times (x 72B)
Class org.hotswap.agent.plugin.spring.boot.env.v1.YamlPropertySourceLoader            : loaded 3 times (x 74B)
Class org.hotswap.agent.plugin.hibernate.HibernatePlugin                              : loaded 3 times (x 74B)
Class org.hotswap.agent.plugin.deltaspike.transformer.DeltaspikeContextsTransformer   : loaded 3 times (x 67B)
Class org.hotswap.agent.plugin.jbossmodules.PrependingMap                             : loaded 3 times (x 118B)
Class org.hotswap.agent.plugin.wildfly.el.PurgeWildFlyBeanELResolverCacheCommand      : loaded 3 times (x 75B)
Class org.hotswap.agent.plugin.spring.transformers.api.ReloadablePropertySource       : loaded 3 times (x 66B)
Class org.hotswap.agent.plugin.mybatis.proxy.ConfigurationProxy                       : loaded 3 times (x 70B)
Class org.hotswap.agent.plugin.owb.transformer.BeansDeployerTransformer               : loaded 3 times (x 67B)
Class org.hotswap.agent.plugin.jersey1.Jersey1Plugin                                  : loaded 3 times (x 70B)
Class org.hotswap.agent.plugin.spring.transformers.api.BeanFactoryLifecycle           : loaded 3 times (x 66B)
Class org.hotswap.agent.plugin.mybatisplus.transformers.MyBatisPlusTransformers       : loaded 3 times (x 67B)
Class org.hotswap.agent.plugin.webobjects.HotswapWebObjectsPlugin$ClearKVCCache       : loaded 3 times (x 72B)
Class org.hotswap.agent.plugin.logback.LogbackPlugin$1                                : loaded 3 times (x 72B)
Class org.hotswap.agent.plugin.tomcat.WatcherTomcatWebappClassLoader                  : loaded 3 times (x 113B)
Class org.hotswap.agent.plugin.weld.ArchivePathHelper                                 : loaded 3 times (x 67B)
Class org.hotswap.agent.plugin.proxy.java.ProxyGenerator$FieldInfo                    : loaded 3 times (x 69B)
Class org.hotswap.agent.plugin.owb.OwbClassSignatureHelper$1                          : loaded 3 times (x 67B)
Class org.hotswap.agent.plugin.spring.utils.ResourceUtils                             : loaded 3 times (x 67B)
Class org.hotswap.agent.plugin.ibatis.IBatisConfigurationHandler                      : loaded 3 times (x 67B)
Class org.hotswap.agent.plugin.spring.boot.env.HotswapSpringReloadMap                 : loaded 3 times (x 128B)
Class org.hotswap.agent.plugin.hibernate_jakarta.proxy.SessionFactoryProxy$1          : loaded 3 times (x 72B)
Class org.hotswap.agent.plugin.weld.beans.ContextualReloadHelper                      : loaded 3 times (x 67B)
Class org.hotswap.agent.plugin.proxy.ProxyTransformationUtils$1                       : loaded 3 times (x 118B)
Class org.hotswap.agent.plugin.proxy.hscglib.ParentLastClassLoader                    : loaded 3 times (x 99B)
Class org.hotswap.agent.plugin.owb_jakarta.OwbClassSignatureHelper                    : loaded 3 times (x 67B)
Class org.hotswap.agent.plugin.spring.getbean.ProxyReplacer                           : loaded 3 times (x 67B)
Class org.hotswap.agent.plugin.hotswapper.Trigger                                     : loaded 3 times (x 68B)
Class org.hotswap.agent.plugin.mybatisplus.proxy.ConfigurationPlusProxy$1             : loaded 3 times (x 72B)
Class org.hotswap.agent.plugin.owb_jakarta.OwbClassSignatureHelper$1                  : loaded 3 times (x 67B)
Class org.hotswap.agent.plugin.spring.boot.env.v2.YamlPropertySourceLoader            : loaded 3 times (x 74B)
Class org.hotswap.agent.plugin.spring.utils.AnnotatedBeanDefinitionUtils              : loaded 3 times (x 67B)
Class org.hotswap.agent.plugin.weld.command.BeanClassRefreshCommand                   : loaded 3 times (x 75B)
Class org.hotswap.agent.plugin.proxy.hscglib.CglibEnhancerProxyBytecodeGenerator      : loaded 3 times (x 72B)
Class org.hotswap.agent.plugin.deltaspike.command.PartialBeanClassRefreshCommand      : loaded 3 times (x 76B)
Class org.hotswap.agent.plugin.deltaspike.jsf.ViewConfigReloadCommand                 : loaded 3 times (x 75B)
Class org.hotswap.agent.plugin.weld.transformer.CdiContextsTransformer                : loaded 3 times (x 67B)
Class org.hotswap.agent.plugin.proxy.java.ProxyGenerator$1                            : loaded 3 times (x 73B)
Class org.hotswap.agent.plugin.zk.ZkPlugin$1                                          : loaded 3 times (x 72B)
Class org.hotswap.agent.plugin.spring.boot.transformers.PropertySourceLoaderTransformer$1: loaded 3 times (x 77B)
Class org.hotswap.agent.plugin.deltaspike.transformer.DeltaSpikeProxyTransformer$1    : loaded 3 times (x 77B)
Class org.hotswap.agent.plugin.proxy.api.SinglestepProxyTransformer                   : loaded 3 times (x 77B)
Class org.hotswap.agent.plugin.spring.boot.transformers.PropertySourceLoaderTransformer$2: loaded 3 times (x 77B)
Class org.hotswap.agent.plugin.spring.reload.SpringChangedReloadCommand               : loaded 3 times (x 76B)
Class org.hotswap.agent.plugin.deltaspike.command.ProxyClassLoadingDelegate           : loaded 3 times (x 67B)
Class org.hotswap.agent.plugin.deltaspike.transformer.DeltaSpikeProxyTransformer$2    : loaded 3 times (x 77B)
Class org.hotswap.agent.plugin.proxy.api.ProxyBytecodeGenerator                       : loaded 3 times (x 66B)
Class org.hotswap.agent.plugin.owb_jakarta.command.ProxyRefreshAgent                  : loaded 3 times (x 67B)
Class org.hotswap.agent.plugin.spring.boot.transformers.PropertySourceLoaderTransformer$3: loaded 3 times (x 77B)
Class org.hotswap.agent.plugin.deltaspike.transformer.DeltaSpikeProxyTransformer$3    : loaded 3 times (x 77B)
Class org.hotswap.agent.plugin.weld_jakarta.WeldClassSignatureHelper                  : loaded 3 times (x 67B)
Class org.hotswap.agent.plugin.owb_jakarta.beans.OwbHotswapContext                    : loaded 3 times (x 66B)
Class org.hotswap.agent.plugin.owb.command.ProxyRefreshAgent                          : loaded 3 times (x 67B)
Class org.hotswap.agent.plugin.jetty.JettyPlugin                                      : loaded 3 times (x 69B)
Class org.hotswap.agent.plugin.spring.boot.transformers.PropertySourceLoaderTransformer$4: loaded 3 times (x 77B)
Class org.hotswap.agent.plugin.spring.core.AutowiredAnnotationProcessor               : loaded 3 times (x 67B)
Class org.hotswap.agent.plugin.deltaspike.transformer.DeltaSpikeProxyTransformer      : loaded 3 times (x 67B)
Class org.hotswap.agent.plugin.mojarra.transformer.LifecycleImplTransformer           : loaded 3 times (x 67B)
Class org.hotswap.agent.plugin.spring.reload.YamlChangedCommand                       : loaded 3 times (x 75B)
Class org.hotswap.agent.plugin.spring.utils.RegistryUtils                             : loaded 3 times (x 67B)
Class org.hotswap.agent.plugin.spring.core.ResetBeanFactoryPostProcessorCaches        : loaded 3 times (x 67B)
Class org.hotswap.agent.plugin.spring.core.ResetAnnotationCache                       : loaded 3 times (x 67B)
Class org.hotswap.agent.plugin.spring.listener.SpringListener                         : loaded 3 times (x 66B)
Class org.hotswap.agent.plugin.jvm.AnonymousClassInfos$AnonymousClassInfoMatcher      : loaded 3 times (x 66B)
Class org.hotswap.agent.plugin.mybatisplus.transformers.MybatisPlusConfigurationCaller: loaded 3 times (x 67B)
Class org.hotswap.agent.plugin.owb.beans.ContextualReloadHelper                       : loaded 3 times (x 67B)
Class org.hotswap.agent.plugin.tomcat.TomcatSetup                                     : loaded 3 times (x 67B)
Class org.hotswap.agent.plugin.spring.utils.ClassSignatureComparer                    : loaded 3 times (x 67B)
Class org.hotswap.agent.plugin.owb_jakarta.command.ProxyClassLoadingDelegate$1        : loaded 3 times (x 79B)
Class org.hotswap.agent.plugin.spring.transformers.PostProcessorRegistrationDelegateTransformer: loaded 3 times (x 67B)
Class org.hotswap.agent.plugin.sponge.ReloadListenersCommand$HandleData               : loaded 3 times (x 68B)
Class org.hotswap.agent.plugin.weld_jakarta.transformer.AbstractClassBeanTransformer  : loaded 3 times (x 67B)
Class org.hotswap.agent.plugin.weld.WeldClassSignatureHelper$1                        : loaded 3 times (x 67B)
Class org.hotswap.agent.plugin.elresolver.ELResolverPlugin                            : loaded 3 times (x 72B)
Class org.hotswap.agent.plugin.mojarra.MojarraConstants                               : loaded 3 times (x 67B)
Class org.hotswap.agent.plugin.mybatis.util.ClassUtils                                : loaded 3 times (x 67B)
Class org.hotswap.agent.plugin.spring.reload.SpringBeanReload                         : loaded 3 times (x 76B)
Class org.hotswap.agent.plugin.spring.core.ResetBeanPostProcessorCaches               : loaded 3 times (x 67B)
Class org.hotswap.agent.plugin.hibernate_jakarta.proxy.EntityManagerFactoryProxy$1    : loaded 3 times (x 72B)
Class org.hotswap.agent.plugin.undertow.UndertowTransformer                           : loaded 3 times (x 67B)
Class org.hotswap.agent.plugin.deltaspike.command.RepositoryRefreshAgent              : loaded 3 times (x 67B)
Class org.hotswap.agent.plugin.resteasy.RefreshRegistryCommand                        : loaded 3 times (x 76B)
Class org.hotswap.agent.plugin.cdi.HaCdiCommons                                       : loaded 3 times (x 67B)
Class org.hotswap.agent.plugin.spring.api.PropertySourceReloader                      : loaded 3 times (x 66B)
Class org.hotswap.agent.plugin.spring.transformers.api.ValueResolverSupport           : loaded 3 times (x 66B)
Class org.hotswap.agent.plugin.vaadin.VaadinPlugin$ResourceChangedCommand             : loaded 3 times (x 84B)
Class org.hotswap.agent.plugin.myfaces.command.ReloadManagedBeanCommand               : loaded 3 times (x 72B)
Class org.hotswap.agent.plugin.spring.reload.SpringReloadConfig                       : loaded 3 times (x 67B)
Class org.hotswap.agent.plugin.weld.transformer.BeanDeploymentArchiveTransformer      : loaded 3 times (x 67B)
Class org.hotswap.agent.plugin.watchResources.WatchResourcesPlugin                    : loaded 3 times (x 68B)
Class org.hotswap.agent.plugin.cxf.jaxrs.ClassResourceInfoProxyHelper$1               : loaded 3 times (x 79B)
Class org.hotswap.agent.plugin.proxy.ProxyTransformationUtils                         : loaded 3 times (x 67B)
Class org.hotswap.agent.plugin.spring.boot.env.HotswapSpringPropertiesReloader        : loaded 3 times (x 66B)
Class org.hotswap.agent.plugin.hotswapper.HotSwapperJpda$1                            : loaded 3 times (x 101B)
Class org.hotswap.agent.plugin.mybatis.proxy.SpringMybatisConfigurationProxy          : loaded 3 times (x 70B)
Class org.hotswap.agent.plugin.cxf.jaxrs.ClassResourceInfoProxyHelper$2               : loaded 3 times (x 71B)
Class org.hotswap.agent.plugin.spring.SpringBeanClassFileTransformer                  : loaded 3 times (x 78B)
Class org.hotswap.agent.plugin.spring.listener.SpringEventSource                      : loaded 3 times (x 70B)
Class org.hotswap.agent.plugin.mybatisplus.transformers.PlusSqlSessionFactoryBeanCaller: loaded 3 times (x 67B)
Class org.hotswap.agent.plugin.mybatis.proxy.ConfigurationProxy$1                     : loaded 3 times (x 72B)
Class org.hotswap.agent.plugin.deltaspike_jakarta.transformer.DeltaSpikeProxyTransformer$1: loaded 3 times (x 77B)
Class org.hotswap.agent.plugin.weld.command.ProxyClassLoadingDelegate                 : loaded 3 times (x 67B)
Class org.hotswap.agent.plugin.proxy.java.ProxyGenerator$ExceptionTableEntry          : loaded 3 times (x 67B)
Class org.hotswap.agent.plugin.myfaces.transformer.LifecycleImplTransformer           : loaded 3 times (x 67B)
Class org.hotswap.agent.plugin.hibernate3.jpa.Hibernate3JPAHelper                     : loaded 3 times (x 67B)
Class org.hotswap.agent.plugin.hibernate_jakarta.HibernatePersistenceHelper           : loaded 3 times (x 67B)
Class org.hotswap.agent.plugin.hibernate.HibernateTransformers                        : loaded 3 times (x 67B)
Class org.hotswap.agent.plugin.vaadin.VaadinPlugin                                    : loaded 3 times (x 76B)
Class org.hotswap.agent.plugin.deltaspike_jakarta.transformer.DeltaSpikeProxyTransformer$2: loaded 3 times (x 77B)
Class org.hotswap.agent.plugin.hotswapper.HotswapperPlugin                            : loaded 3 times (x 70B)
Class org.hotswap.agent.plugin.mybatis.util.XMLConfigBuilderUtils                     : loaded 3 times (x 67B)
Class org.hotswap.agent.plugin.weld_jakarta.WeldClassSignatureHelper$1                : loaded 3 times (x 67B)
Class org.hotswap.agent.plugin.owb.transformer.CdiContextsTransformer                 : loaded 3 times (x 67B)
Class org.hotswap.agent.plugin.hibernate3.session.Hibernate3RefreshCommand            : loaded 3 times (x 67B)
Class org.hotswap.agent.plugin.weld_jakarta.command.ProxyClassLoadingDelegate$1       : loaded 3 times (x 79B)
Class org.hotswap.agent.plugin.proxy.ProxyClassSignatureHelper                        : loaded 3 times (x 67B)
Class org.hotswap.agent.plugin.owb.command.ProxyClassLoadingDelegate                  : loaded 3 times (x 67B)
Class org.hotswap.agent.plugin.myfaces.MyFacesPlugin                                  : loaded 3 times (x 72B)
Class org.hotswap.agent.plugin.myfaces.transformer.ManagedBeanResolverTransformer     : loaded 3 times (x 67B)
Class org.hotswap.agent.plugin.spring.core.ResetRequestMappingCaches                  : loaded 3 times (x 67B)
Class org.hotswap.agent.plugin.spring.getbean.EnhancerProxyCreater                    : loaded 3 times (x 68B)
Class org.hotswap.agent.plugin.hibernate.proxy.SessionFactoryProxy                    : loaded 3 times (x 70B)
Class org.hotswap.agent.plugin.jvm.ClassInitPlugin                                    : loaded 3 times (x 67B)
Class org.hotswap.agent.plugin.omnifaces.OmnifacesPlugin                              : loaded 3 times (x 68B)
Class org.hotswap.agent.plugin.logback.LogbackPlugin                                  : loaded 3 times (x 70B)
Class org.hotswap.agent.plugin.spring.SpringChangesAnalyzer                           : loaded 3 times (x 70B)
Class org.hotswap.agent.plugin.spring.files.PropertiesChangeEvent                     : loaded 3 times (x 70B)
Class org.hotswap.agent.plugin.mybatis.transformers.ConfigurationCaller               : loaded 3 times (x 67B)
Class org.hotswap.agent.plugin.weld.BeanReloadStrategy                                : loaded 3 times (x 75B)
Class org.hotswap.agent.plugin.owb_jakarta.OwbJakartaPlugin                           : loaded 3 times (x 72B)
Class org.hotswap.agent.plugin.deltaspike.DeltaSpikePlugin                            : loaded 3 times (x 75B)
Class org.hotswap.agent.plugin.weld_jakarta.beans.WeldHotswapContext                  : loaded 3 times (x 66B)
Class org.hotswap.agent.plugin.weld.command.ProxyClassLoadingDelegate$1               : loaded 3 times (x 79B)
Class org.hotswap.agent.plugin.owb.ArchivePathHelper                                  : loaded 3 times (x 67B)
Class org.hotswap.agent.plugin.mojarra.MojarraPlugin                                  : loaded 3 times (x 73B)
Class org.hotswap.agent.plugin.spring.core.BeanDefinitionProcessor                    : loaded 3 times (x 67B)
Class org.hotswap.agent.plugin.hibernate3.session.Hibernate3Plugin                    : loaded 3 times (x 76B)
Class org.hotswap.agent.plugin.hibernate3.session.proxy.ReInitializableHelper         : loaded 3 times (x 67B)
Class org.hotswap.agent.plugin.hibernate_jakarta.proxy.EntityManagerFactoryProxy      : loaded 3 times (x 71B)
Class org.hotswap.agent.plugin.deltaspike_jakarta.DeltaSpikeJakartaPlugin             : loaded 3 times (x 73B)
Class org.hotswap.agent.plugin.spring.reload.PropertiesChangedCommand                 : loaded 3 times (x 75B)
Class org.hotswap.agent.plugin.jvm.AnonymousClassInfos$1                              : loaded 3 times (x 72B)
Class org.hotswap.agent.plugin.mybatis.MyBatisRefreshCommands                         : loaded 3 times (x 67B)
Class org.hotswap.agent.plugin.proxy.hscglib.GeneratorParametersRecorder              : loaded 3 times (x 67B)
Class org.hotswap.agent.plugin.jvm.AnonymousClassInfos$2                              : loaded 3 times (x 72B)
Class org.hotswap.agent.plugin.owb.OwbClassSignatureHelper                            : loaded 3 times (x 67B)
Class org.hotswap.agent.plugin.jvm.AnonymousClassInfos$3                              : loaded 3 times (x 72B)
Class org.hotswap.agent.plugin.freemarker.FreeMarkerPlugin                            : loaded 3 times (x 70B)
Class org.hotswap.agent.plugin.cxf.jaxrs.ClassResourceInfoProxyHelper                 : loaded 3 times (x 67B)
Class org.hotswap.agent.plugin.deltaspike_jakarta.transformer.DeltaspikeContextsTransformer: loaded 3 times (x 67B)
Class org.hotswap.agent.plugin.owb.command.ProxyClassLoadingDelegate$1                : loaded 3 times (x 79B)
Class org.hotswap.agent.plugin.owb.transformer.AbstractProducerTransformer$1          : loaded 3 times (x 77B)
Class org.hotswap.agent.plugin.weld.WeldPlugin$1                                      : loaded 3 times (x 72B)
Class org.hotswap.agent.plugin.proxy.api.ProxyBytecodeTransformer                     : loaded 3 times (x 66B)
Class org.hotswap.agent.plugin.spring.reload.ClassChangeEvent                         : loaded 3 times (x 70B)
Class org.hotswap.agent.plugin.spring.reload.BeanChangeEvent                          : loaded 3 times (x 70B)
Class org.hotswap.agent.plugin.hibernate_jakarta.HibernateRefreshCommands             : loaded 3 times (x 67B)
Class org.hotswap.agent.plugin.hibernate.HibernatePlugin$1                            : loaded 3 times (x 72B)
Class org.hotswap.agent.plugin.hibernate.proxy.EntityManagerFactoryProxy              : loaded 3 times (x 71B)
Class org.hotswap.agent.plugin.weld_jakarta.command.BdaAgentRegistry                  : loaded 3 times (x 67B)
Class org.hotswap.agent.plugin.mojarra.transformer.BeanManagerTransformer             : loaded 3 times (x 67B)
Class org.hotswap.agent.plugin.hibernate3.session.proxy.ReInitializable               : loaded 3 times (x 66B)
Class org.hotswap.agent.plugin.hibernate3.jpa.proxy.EntityManagerFactoryProxy$1       : loaded 3 times (x 72B)
Class org.hotswap.agent.plugin.mybatis.transformers.SqlSessionFactoryBeanCaller       : loaded 3 times (x 67B)
Class org.hotswap.agent.plugin.weld_jakarta.command.BeanClassRefreshCommand           : loaded 3 times (x 75B)
Class org.hotswap.agent.plugin.proxy.hscglib.GeneratorParametersTransformer           : loaded 3 times (x 67B)
Class org.hotswap.agent.plugin.spring.boot.env.v2.LowVersionPropertiesPropertySourceLoader: loaded 3 times (x 74B)
Class org.hotswap.agent.plugin.jvm.AnonymousClassPatchPlugin$1                        : loaded 3 times (x 78B)
Class org.hotswap.agent.plugin.sponge.SpongePlugin                                    : loaded 3 times (x 68B)
Class org.hotswap.agent.plugin.ibatis.IBatisPlugin                                    : loaded 3 times (x 71B)
Class org.hotswap.agent.plugin.spring.boot.transformers.PropertySourceLoaderTransformer: loaded 3 times (x 67B)
Class org.hotswap.agent.plugin.spring.boot.SpringBootPlugin                           : loaded 3 times (x 70B)
Class org.hotswap.agent.plugin.spring.boot.env.v1.PropertiesPropertySourceLoader      : loaded 3 times (x 74B)
Class org.hotswap.agent.plugin.owb.beans.OwbHotswapContext                            : loaded 3 times (x 66B)
Class org.hotswap.agent.plugin.spring.transformers.PlaceholderConfigurerSupportTransformer: loaded 3 times (x 67B)
Class org.hotswap.agent.plugin.jvm.AnonymousClassInfo                                 : loaded 3 times (x 76B)
Class org.hotswap.agent.plugin.mybatisplus.proxy.SpringMybatisPlusConfigurationProxy  : loaded 3 times (x 70B)
Class org.hotswap.agent.plugin.deltaspike.jsf.ViewConfigResolverUtils                 : loaded 3 times (x 67B)
Class org.hotswap.agent.plugin.weld_jakarta.transformer.CdiContextsTransformer        : loaded 3 times (x 67B)
Class org.hotswap.agent.plugin.hibernate.proxy.EntityManagerFactoryProxy$1            : loaded 3 times (x 72B)
Class org.hotswap.agent.plugin.deltaspike_jakarta.command.RepositoryRefreshAgent      : loaded 3 times (x 67B)
Class org.hotswap.agent.plugin.owb_jakarta.ArchivePathHelper                          : loaded 3 times (x 67B)
Class org.hotswap.agent.plugin.hibernate3.session.Hibernate3Transformers              : loaded 3 times (x 67B)
Class org.hotswap.agent.plugin.deltaspike_jakarta.command.PartialBeanClassRefreshAgent: loaded 3 times (x 67B)
Class org.hotswap.agent.plugin.deltaspike.command.RepositoryRefreshCommand            : loaded 3 times (x 75B)
Class org.hotswap.agent.plugin.proxy.java.ProxyGenerator$ConstantPool$Entry           : loaded 3 times (x 68B)
Class org.hotswap.agent.plugin.tomcat.TomcatPlugin                                    : loaded 3 times (x 67B)
Class org.hotswap.agent.plugin.hibernate_jakarta.HibernateJakartaPlugin$1             : loaded 3 times (x 72B)
Class org.hotswap.agent.plugin.hibernate3.session.proxy.ReInitializableHelper$1       : loaded 3 times (x 67B)
Class org.hotswap.agent.plugin.deltaspike_jakarta.command.PartialBeanClassRefreshCommand: loaded 3 times (x 76B)
Class org.hotswap.agent.plugin.weld.command.BeanReloadExecutor                        : loaded 3 times (x 67B)
Class org.hotswap.agent.plugin.proxy.java.ProxyGenerator$ConstantPool$IndirectEntry   : loaded 3 times (x 68B)
Class org.hotswap.agent.plugin.owb_jakarta.command.ProxyClassLoadingDelegate          : loaded 3 times (x 67B)
Class org.hotswap.agent.plugin.spring.boot.listener.PropertySourceChangeListener      : loaded 3 times (x 78B)
Class org.hotswap.agent.plugin.ibatis.IBatisTransformers                              : loaded 3 times (x 67B)
Class org.hotswap.agent.plugin.mybatis.transformers.MyBatisTransformers               : loaded 3 times (x 67B)
Class org.hotswap.agent.plugin.proxy.java.ProxyGenerator$PrimitiveTypeInfo            : loaded 3 times (x 68B)
Class org.hotswap.agent.plugin.spring.transformers.api.ReloadableResourcePropertySource: loaded 3 times (x 66B)
Class org.hotswap.agent.plugin.mybatis.transformers.MyBatisTransformers$1             : loaded 3 times (x 77B)
Class org.hotswap.agent.plugin.glassfish.GlassFishPlugin                              : loaded 3 times (x 67B)
Class org.hotswap.agent.plugin.deltaspike_jakarta.transformer.PartialBeanExtensionTransformer: loaded 3 times (x 67B)
Class org.hotswap.agent.plugin.deltaspike_jakarta.transformer.RepositoryTransformer   : loaded 3 times (x 67B)
Class org.hotswap.agent.plugin.owb.command.BeanClassRefreshCommand                    : loaded 3 times (x 76B)
Class org.hotswap.agent.plugin.proxy.hscglib.CglibEnhancerProxyBytecodeGenerator$FieldState: loaded 3 times (x 68B)
Class org.hotswap.agent.plugin.mojarra.MojarraPlugin$1                                : loaded 3 times (x 72B)
Class org.hotswap.agent.plugin.spring.transformers.XmlBeanDefinitionScannerTransformer: loaded 3 times (x 67B)
Class org.hotswap.agent.plugin.thymeleaf.ThymeleafPlugin                              : loaded 3 times (x 67B)
Class org.hotswap.agent.plugin.mybatisplus.proxy.ConfigurationPlusProxy               : loaded 3 times (x 70B)
Class org.hotswap.agent.plugin.deltaspike_jakarta.transformer.HaAfteBeanDiscovery     : loaded 3 times (x 68B)
Class org.hotswap.agent.plugin.deltaspike_jakarta.transformer.DeltaSpikeProxyTransformer: loaded 3 times (x 67B)
Class org.hotswap.agent.plugin.hibernate_jakarta.HibernateTransformers                : loaded 3 times (x 67B)
Class org.hotswap.agent.plugin.jbossmodules.ModuleClassLoaderTransformer              : loaded 3 times (x 67B)
Class org.hotswap.agent.plugin.weld.WeldClassSignatureHelper                          : loaded 3 times (x 67B)
Class org.hotswap.agent.plugin.owb_jakarta.transformer.BeansDeployerTransformer       : loaded 3 times (x 67B)
Class org.hotswap.agent.plugin.spring.boot.env.ListPropertySourceReloader             : loaded 3 times (x 80B)
Class org.hotswap.agent.plugin.velocity.VelocityPlugin                                : loaded 3 times (x 67B)
Class org.hotswap.agent.plugin.cxf.jaxrs.CxfJAXRSCommand                              : loaded 3 times (x 76B)
Class org.hotswap.agent.plugin.weld.transformer.ProxyFactoryTransformer$1             : loaded 3 times (x 77B)
Class org.hotswap.agent.plugin.proxy.hscglib.GeneratorParams                          : loaded 3 times (x 72B)
Class org.hotswap.agent.plugin.owb.transformer.ProxyFactoryTransformer$1              : loaded 3 times (x 77B)
Class org.hotswap.agent.plugin.weld.transformer.ProxyFactoryTransformer$2             : loaded 3 times (x 77B)
Class org.hotswap.agent.plugin.owb.transformer.ProxyFactoryTransformer$2              : loaded 3 times (x 77B)
Class org.hotswap.agent.plugin.myfaces.MyFacesPlugin$1                                : loaded 3 times (x 72B)
Class org.hotswap.agent.plugin.spring.files.PropertyReload                            : loaded 3 times (x 67B)
Class org.hotswap.agent.plugin.cxf.jaxrs.CxfJAXRSTransformer                          : loaded 3 times (x 67B)
Class org.hotswap.agent.plugin.owb_jakarta.transformer.ProxyFactoryTransformer        : loaded 3 times (x 67B)
Class org.hotswap.agent.plugin.wildfly.el.WildFlyELResolverPlugin                     : loaded 3 times (x 70B)
Class org.hotswap.agent.plugin.cxf.jaxrs.HaCdiExtraCxfContext                         : loaded 3 times (x 74B)
Class org.hotswap.agent.plugin.deltaspike.DeltaspikeClassSignatureHelper              : loaded 3 times (x 67B)
Class org.hotswap.agent.plugin.proxy.hscglib.CglibEnhancerProxyTransformer            : loaded 3 times (x 77B)
Class org.hotswap.agent.plugin.owb_jakarta.beans.ContextualReloadHelper               : loaded 3 times (x 67B)
Class org.hotswap.agent.plugin.cdi.HaCdiExtraContext                                  : loaded 3 times (x 66B)
Class org.hotswap.agent.plugin.spring.core.ResetTransactionAttributeCaches            : loaded 3 times (x 67B)
Class org.hotswap.agent.plugin.spring.core.ConfigurationClassPostProcessorEnhance     : loaded 3 times (x 73B)
Class org.hotswap.agent.plugin.hibernate_jakarta.HibernateJakartaPlugin               : loaded 3 times (x 74B)
Class org.hotswap.agent.plugin.glassfish.WebappClassLoaderTransformer                 : loaded 3 times (x 67B)
Class org.hotswap.agent.plugin.proxy.hscglib.CglibProxyBytecodeGenerator              : loaded 3 times (x 72B)
Class org.hotswap.agent.plugin.spring.files.XmlBeanDefinitionScannerAgent             : loaded 3 times (x 70B)
Class org.hotswap.agent.plugin.spring.getbean.HotswapSpringInvocationHandler          : loaded 3 times (x 77B)
Class org.hotswap.agent.plugin.mybatisplus.MyBatisPlusPlugin                          : loaded 3 times (x 72B)
Class org.hotswap.agent.plugin.proxy.hscglib.CglibProxyBytecodeTransformer            : loaded 3 times (x 76B)
Class org.hotswap.agent.plugin.owb_jakarta.transformer.AbstractProducerTransformer    : loaded 3 times (x 67B)
Class org.hotswap.agent.plugin.weld_jakarta.command.BeanReloadExecutor                : loaded 3 times (x 67B)
Class org.hotswap.agent.plugin.owb.BeanReloadStrategy                                 : loaded 3 times (x 75B)
Class org.hotswap.agent.plugin.deltaspike.transformer.PartialBeanTransformer          : loaded 3 times (x 67B)
Class org.hotswap.agent.plugin.proxy.api.AbstractProxyTransformer                     : loaded 3 times (x 77B)
Class org.hotswap.agent.plugin.mybatis.transformers.XPathParserCaller                 : loaded 3 times (x 67B)
Class org.hotswap.agent.plugin.deltaspike_jakarta.command.RepositoryRefreshCommand    : loaded 3 times (x 75B)
Class org.hotswap.agent.plugin.spring.reload.SpringChangedAgent                       : loaded 3 times (x 89B)
Class org.hotswap.agent.plugin.spring.core.BeanFactoryProcessor                       : loaded 3 times (x 67B)
Class org.hotswap.agent.plugin.mybatisplus.MyBatisPlusRefreshCommands                 : loaded 3 times (x 67B)
Class org.hotswap.agent.plugin.webobjects.HotswapWebObjectsPlugin$ClearComponentCache : loaded 3 times (x 72B)
Class org.hotswap.agent.plugin.hibernate.HibernatePersistenceHelper                   : loaded 3 times (x 67B)
Class org.hotswap.agent.plugin.jvm.AnonymousClassPatchPlugin                          : loaded 3 times (x 67B)
Class org.hotswap.agent.plugin.deltaspike_jakarta.command.ProxyClassLoadingDelegate$1 : loaded 3 times (x 79B)
Class org.hotswap.agent.plugin.proxy.java.ProxyGenerator$ProxyMethod                  : loaded 3 times (x 68B)
Class org.hotswap.agent.plugin.jersey1.Jersey1Plugin$1                                : loaded 3 times (x 72B)
Class org.hotswap.agent.plugin.spring.transformers.InitDestroyAnnotationBeanPostProcessorTransformer: loaded 3 times (x 67B)
Class org.hotswap.agent.plugin.owb.OwbPlugin$1                                        : loaded 3 times (x 72B)
Class org.hotswap.agent.plugin.mybatis.MyBatisPlugin                                  : loaded 3 times (x 72B)
Class org.hotswap.agent.plugin.weld_jakarta.command.ProxyClassLoadingDelegate         : loaded 3 times (x 67B)
Class org.hotswap.agent.plugin.proxy.api.ProxyTransformer                             : loaded 3 times (x 66B)
Class org.hotswap.agent.plugin.hibernate.proxy.SessionFactoryProxy$1                  : loaded 3 times (x 72B)
Class org.hotswap.agent.plugin.deltaspike.transformer.HaAfteBeanDiscovery             : loaded 3 times (x 68B)
Class org.hotswap.agent.plugin.mybatisplus.transformers.MyBatisPlusTransformers$1     : loaded 3 times (x 78B)
Class org.hotswap.agent.plugin.jbossmodules.JBossModulesPlugin                        : loaded 3 times (x 69B)
Class org.hotswap.agent.plugin.proxy.java.ProxyGenerator                              : loaded 3 times (x 68B)
Class org.hotswap.agent.plugin.spring.files.PropertiesChangeEvent$PropertyChangeItem  : loaded 3 times (x 74B)
Class org.hotswap.agent.plugin.hibernate3.jpa.Hibernate3JPAPlugin                     : loaded 3 times (x 77B)
Class org.hotswap.agent.plugin.hotswapper.HotSwapperJpda                              : loaded 3 times (x 73B)
Class org.hotswap.agent.plugin.mybatisplus.transformers.MyBatisPlusTransformers$2     : loaded 3 times (x 77B)
Class org.hotswap.agent.plugin.weld_jakarta.command.BeanClassRefreshAgent             : loaded 3 times (x 71B)
Class org.hotswap.agent.plugin.proxy.java.ProxyGenerator$MethodInfo                   : loaded 3 times (x 69B)
Class org.hotswap.agent.plugin.owb_jakarta.command.BeanClassRefreshAgent              : loaded 3 times (x 67B)
Class org.hotswap.agent.plugin.hotswapper.HotSwapper                                  : loaded 3 times (x 67B)
Class org.hotswap.agent.plugin.mybatisplus.transformers.MyBatisPlusTransformers$3     : loaded 3 times (x 77B)
Class org.hotswap.agent.plugin.weld_jakarta.transformer.ProxyFactoryTransformer       : loaded 3 times (x 67B)
Class org.hotswap.agent.plugin.weld.beans.WeldHotswapContext                          : loaded 3 times (x 66B)
Class org.hotswap.agent.plugin.proxy.api.MultistepProxyTransformer                    : loaded 3 times (x 84B)
Class org.hotswap.agent.plugin.elresolver.PurgeBeanELResolverCacheCommand             : loaded 3 times (x 75B)
Class org.hotswap.agent.plugin.spring.transformers.ResourcePropertySourceTransformer  : loaded 3 times (x 67B)
Class org.hotswap.agent.plugin.mybatis.proxy.SpringMapperFactoryBean                  : loaded 3 times (x 67B)
Class org.hotswap.agent.plugin.undertow.UndertowPlugin                                : loaded 3 times (x 68B)
Class org.hotswap.agent.plugin.cxf.jaxrs.CxfJAXRSPlugin                               : loaded 3 times (x 75B)
Class org.hotswap.agent.plugin.myfaces.MyFacesConstants                               : loaded 3 times (x 67B)
Class org.hotswap.agent.plugin.spring.SpringPlugin                                    : loaded 3 times (x 76B)
Class org.hotswap.agent.plugin.freemarker.FreeMarkerPlugin$1                          : loaded 3 times (x 72B)
Class org.hotswap.agent.plugin.webobjects.HotswapWebObjectsPlugin$ClearActionCache    : loaded 3 times (x 72B)
Class org.hotswap.agent.plugin.spring.scanner.ClassPathBeanDefinitionScannerAgent     : loaded 3 times (x 71B)
Class org.hotswap.agent.plugin.hibernate3.jpa.Hibernate3JPAPlugin$1                   : loaded 3 times (x 72B)
Class org.hotswap.agent.plugin.hotswapper.HotswapperPlugin$1                          : loaded 3 times (x 72B)
Class org.hotswap.agent.plugin.jackson.JacksonPlugin$1                                : loaded 3 times (x 72B)
Class org.hotswap.agent.plugin.weld_jakarta.beans.ContextualReloadHelper              : loaded 3 times (x 67B)
Class org.hotswap.agent.plugin.weld.transformer.ProxyFactoryTransformer               : loaded 3 times (x 67B)
Class org.hotswap.agent.plugin.proxy.ReloadJavaProxyCommand                           : loaded 3 times (x 77B)
Class org.hotswap.agent.plugin.owb.transformer.ProxyFactoryTransformer                : loaded 3 times (x 67B)
Class org.hotswap.agent.plugin.deltaspike.jsf.ViewConfigReloader                      : loaded 3 times (x 67B)
Class org.hotswap.agent.plugin.proxy.api.MultistepProxyTransformer$1                  : loaded 3 times (x 67B)
Class org.hotswap.agent.plugin.proxy.ProxyPlugin                                      : loaded 3 times (x 67B)
Class org.hotswap.agent.plugin.proxy.RedefinitionScheduler                            : loaded 3 times (x 71B)
Class org.hotswap.agent.plugin.sponge.ReloadListenersCommand$1                        : loaded 3 times (x 67B)
Class org.hotswap.agent.plugin.weld.command.BdaAgentRegistry                          : loaded 3 times (x 67B)
Class org.hotswap.agent.plugin.elresolver.PurgeJbossReflectionUtil                    : loaded 3 times (x 75B)
Class org.hotswap.agent.plugin.deltaspike_jakarta.command.ProxyClassLoadingDelegate   : loaded 3 times (x 67B)
Class org.hotswap.agent.plugin.spring.transformers.support.InitMethodEnhance          : loaded 3 times (x 67B)
Class org.hotswap.agent.plugin.hibernate3.session.proxy.OverrideConfig                : loaded 3 times (x 68B)
Class org.hotswap.agent.plugin.weld_jakarta.ArchivePathHelper                         : loaded 3 times (x 67B)
Class org.hotswap.agent.plugin.proxy.api.AbstractProxyBytecodeTransformer             : loaded 3 times (x 76B)
Class org.hotswap.agent.plugin.myfaces.transformer.MyFacesTransformer                 : loaded 3 times (x 67B)
Class org.hotswap.agent.plugin.sponge.ReloadListenersCommand                          : loaded 3 times (x 71B)
Class org.hotswap.agent.plugin.vaadin.VaadinPlugin$UpdateRoutesCommand                : loaded 3 times (x 83B)
Class org.hotswap.agent.plugin.weblogic.WeblogicPlugin                                : loaded 3 times (x 68B)
Class org.hotswap.agent.plugin.deltaspike_jakarta.DeltaspikeClassSignatureHelper      : loaded 3 times (x 67B)
Class org.hotswap.agent.plugin.webobjects.HotswapWebObjectsPlugin                     : loaded 3 times (x 70B)
Class org.hotswap.agent.plugin.spring.transformers.ConfigurationClassPostProcessorTransformer$1: loaded 3 times (x 77B)
Class org.hotswap.agent.plugin.hotswapper.HotswapperCommand                           : loaded 3 times (x 67B)
Class org.hotswap.agent.plugin.deltaspike.transformer.RepositoryTransformer           : loaded 3 times (x 67B)
Class org.hotswap.agent.plugin.resteasy.ResteasyRegistryPlugin                        : loaded 3 times (x 73B)
Class org.hotswap.agent.plugin.log4j2.Log4j2Plugin$1                                  : loaded 3 times (x 72B)
Class org.hotswap.agent.plugin.hibernate3.session.proxy.SessionFactoryProxy$1         : loaded 3 times (x 72B)
Class org.hotswap.agent.plugin.hibernate3.session.proxy.OverrideConfig$ConfiguredBy   : loaded 3 times (x 75B)
Class org.hotswap.agent.plugin.hibernate3.jpa.proxy.EntityManagerFactoryProxy         : loaded 3 times (x 71B)
Class org.hotswap.agent.plugin.deltaspike.command.PartialBeanClassRefreshAgent        : loaded 3 times (x 67B)
Class org.hotswap.agent.plugin.proxy.hscglib.CglibProxyTransformer                    : loaded 3 times (x 84B)
Class org.hotswap.agent.plugin.hibernate3.session.proxy.SessionFactoryProxy           : loaded 3 times (x 70B)

---------------  S Y S T E M  ---------------

OS:
 Windows 10 , 64 bit Build 19041 (10.0.19041.5678)
OS uptime: 3 days 20:24 hours
Hyper-V role detected

CPU: total 4 (initial active 4) (2 cores per cpu, 2 threads per core) family 6 model 142 stepping 9 microcode 0xf6, cx8, cmov, fxsr, ht, mmx, 3dnowpref, sse, sse2, sse3, ssse3, sse4.1, sse4.2, popcnt, lzcnt, tsc, tscinvbit, avx, avx2, aes, erms, clmul, bmi1, bmi2, rtm, adx, fma, vzeroupper, clflush, clflushopt, hv, rdtscp, f16c
Processor Information for the first 4 processors :
  Max Mhz: 2904, Current Mhz: 2803, Mhz Limit: 2787

Memory: 4k page, system-wide physical 16264M (5570M free)
TotalPageFile size 23176M (AvailPageFile size 9085M)
current process WorkingSet (physical memory assigned to process): 589M, peak: 736M
current process commit charge ("private bytes"): 661M, peak: 766M

vm_info: OpenJDK 64-Bit Server VM (21.0.6+9-b895.97) for windows-amd64 JRE (21.0.6+9-b895.97), built on 2025-03-03 by "builduser" with MS VC++ 16.10 / 16.11 (VS2019)

END.
